category,filter_type,bilateral_symmetry,lr_imbalance,multifractal_width,entropy,junctions
ai_faces_1k,topographic,0.5772,0.0187,3.4746,6.1278,9359
ai_faces_1k,topographic,0.5981,0.0075,3.2862,5.6659,7721
ai_faces_1k,topographic,0.5885,0.012,3.4925,6.238,9948
ai_faces_1k,topographic,0.5822,0.0931,0.411,4.9647,6577
ai_faces_1k,topographic,0.58,0.014,3.4484,5.8678,7464
ai_faces_1k,topographic,0.5666,0.0931,3.3073,5.542,6559
ai_faces_1k,topographic,0.5892,0.0604,3.4153,6.2671,10591
ai_faces_1k,topographic,0.5862,0.0511,2.7996,5.5485,7495
ai_faces_1k,topographic,0.5947,0.005,3.2868,6.0866,9228
ai_faces_1k,topographic,0.5935,0.122,2.6696,5.418,6560
ai_faces_1k,topographic,0.6026,0.0316,3.2559,5.5595,6941
ai_faces_1k,topographic,0.5859,0.0383,3.2543,5.4984,7227
ai_faces_1k,topographic,0.5826,0.0136,3.3748,5.8745,7844
ai_faces_1k,topographic,0.6027,0.1168,1.5025,5.2499,6713
ai_faces_1k,topographic,0.6792,0.0031,1.4361,4.9112,5733
ai_faces_1k,topographic,0.5946,0.0103,3.4313,6.2094,10246
ai_faces_1k,topographic,0.5691,0.0307,3.4008,6.0628,9455
ai_faces_1k,topographic,0.5874,0.0622,3.3979,6.1807,10048
ai_faces_1k,topographic,0.6325,0.0844,2.7151,5.3891,7087
ai_faces_1k,topographic,0.5924,0.0354,3.5344,6.2911,10658
ai_faces_1k,topographic,0.6649,0.0269,1.6239,5.1864,6565
ai_faces_1k,topographic,0.6535,0.0124,3.0157,5.2549,7184
ai_faces_1k,topographic,0.5924,0.0236,3.4555,6.2698,9771
ai_faces_1k,topographic,0.5906,0.021,3.414,5.9446,8138
ai_faces_1k,topographic,0.5699,0.0034,3.3869,6.1368,9585
ai_faces_1k,topographic,0.5903,0.0071,3.13,5.6414,7644
ai_faces_1k,topographic,0.6033,0.0626,2.6077,5.4467,6692
ai_faces_1k,topographic,0.5943,0.0094,3.4271,6.2149,10480
ai_faces_1k,topographic,0.5798,0.0194,3.3558,6.1444,10896
ai_faces_1k,topographic,0.605,0.0371,3.333,6.0501,9070
ai_faces_1k,topographic,0.6228,0.0774,1.4224,5.1059,6408
ai_faces_1k,topographic,0.5943,0.0971,1.1943,5.2138,6307
ai_faces_1k,topographic,0.6162,0.1446,1.4111,5.0706,6569
ai_faces_1k,topographic,0.6366,0.0322,3.2837,5.6331,7132
ai_faces_1k,topographic,0.5817,0.0557,3.4675,6.2901,10871
ai_faces_1k,topographic,0.6403,0.0217,3.2051,5.3297,6938
ai_faces_1k,topographic,0.6001,0.0305,2.5125,5.7623,7381
ai_faces_1k,topographic,0.6468,0.0119,1.9739,5.3939,7330
ai_faces_1k,topographic,0.5796,0.0705,2.0269,6.0169,8825
ai_faces_1k,topographic,0.5907,0.0086,3.5663,6.189,10117
ai_faces_1k,topographic,0.6224,0.054,3.1493,5.6494,8399
ai_faces_1k,topographic,0.5601,0.0714,3.3437,5.987,9095
ai_faces_1k,topographic,0.5751,0.0313,3.4508,6.0495,9105
ai_faces_1k,topographic,0.6227,0.0122,3.2126,5.5337,7194
ai_faces_1k,topographic,0.615,0.0877,3.0896,5.3076,7439
ai_faces_1k,topographic,0.6057,0.0201,2.8013,5.7168,7935
ai_faces_1k,topographic,0.6296,0.0655,3.2247,5.6199,7285
ai_faces_1k,topographic,0.5875,0.0402,3.4152,6.2871,10591
ai_faces_1k,topographic,0.5898,0.0337,2.3548,5.9198,9000
ai_faces_1k,topographic,0.6738,0.0218,2.3505,5.0842,6811
ai_faces_1k,topographic,0.6006,0.1142,3.0529,5.3444,7308
ai_faces_1k,topographic,0.5779,0.0401,3.4413,6.085,8800
ai_faces_1k,topographic,0.6029,0.0263,3.3639,5.972,7614
ai_faces_1k,topographic,0.5922,0.0243,3.4651,6.0492,8845
ai_faces_1k,topographic,0.6022,0.0348,1.7549,5.5724,7885
ai_faces_1k,topographic,0.5647,0.0606,3.3389,6.0715,8342
ai_faces_1k,topographic,0.5955,0.0049,3.5038,6.0742,9854
ai_faces_1k,topographic,0.5867,0.0603,3.0366,5.4525,6750
ai_faces_1k,topographic,0.5897,0.048,3.2757,5.9968,8090
ai_faces_1k,topographic,0.6141,0.0197,3.3076,5.7795,8375
ai_faces_1k,topographic,0.6196,0.083,1.4875,5.3974,8037
ai_faces_1k,topographic,0.5906,0.0003,3.5038,6.2312,10273
ai_faces_1k,topographic,0.6477,0.0132,3.145,5.3233,6844
ai_faces_1k,topographic,0.582,0.0515,3.1979,5.8276,8390
ai_faces_1k,topographic,0.5536,0.0987,3.3791,6.1091,9632
ai_faces_1k,topographic,0.594,0.0956,2.7762,5.2381,6330
ai_faces_1k,topographic,0.638,0.0046,3.1475,5.6144,6969
ai_faces_1k,topographic,0.5828,0.0097,3.3401,5.986,8305
ai_faces_1k,topographic,0.631,0.0197,2.9539,5.3155,7446
ai_faces_1k,topographic,0.5563,0.1366,2.4524,5.8562,8429
ai_faces_1k,topographic,0.5703,0.0967,3.3805,6.157,9064
ai_faces_1k,topographic,0.5776,0.0073,3.3284,5.7062,7853
ai_faces_1k,topographic,0.5887,0.0195,3.3777,5.8981,7668
ai_faces_1k,topographic,0.7046,0.0077,1.467,4.9892,6400
ai_faces_1k,topographic,0.5752,0.0177,3.4194,6.18,9614
ai_faces_1k,topographic,0.581,0.0425,3.4271,6.0105,9287
ai_faces_1k,topographic,0.5678,0.0511,3.3811,5.8217,7630
ai_faces_1k,topographic,0.5941,0.0162,3.4026,6.1464,9626
ai_faces_1k,topographic,0.6604,0.0997,2.1397,4.6069,6015
ai_faces_1k,topographic,0.6211,0.029,3.1764,5.4302,7118
ai_faces_1k,topographic,0.6292,0.0616,3.1215,5.569,7408
ai_faces_1k,topographic,0.5929,0.0142,3.1248,5.9325,9287
ai_faces_1k,topographic,0.5893,0.0404,3.5104,6.1758,10213
ai_faces_1k,topographic,0.6286,0.1057,1.31,5.1039,6650
ai_faces_1k,topographic,0.5729,0.0504,3.4628,5.9845,8642
ai_faces_1k,topographic,0.6118,0.0231,3.3911,5.7481,7793
ai_faces_1k,topographic,0.5889,0.0406,3.3931,5.7598,8154
ai_faces_1k,topographic,0.6134,0.0537,3.2544,5.933,9473
ai_faces_1k,topographic,0.5888,0.011,3.4251,5.9784,9114
ai_faces_1k,topographic,0.6132,0.0026,2.5158,6.0178,9299
ai_faces_1k,topographic,0.5999,0.0198,3.3577,6.1152,9960
ai_faces_1k,topographic,0.5964,0.1455,2.2475,5.1778,6700
ai_faces_1k,topographic,0.5659,0.0266,3.3254,5.7794,7688
ai_faces_1k,topographic,0.5758,0.0168,3.2826,5.6063,7359
ai_faces_1k,topographic,0.5954,0.0301,3.4592,6.0393,8807
ai_faces_1k,topographic,0.5796,0.0726,3.255,5.9783,9424
ai_faces_1k,topographic,0.5856,0.0037,3.3812,5.8691,8158
ai_faces_1k,topographic,0.5978,0.0186,3.3544,6.0637,9462
ai_faces_1k,topographic,0.5804,0.0077,3.4436,6.0441,8644
ai_faces_1k,topographic,0.5935,0.0412,3.2554,6.1063,9836
ai_faces_1k,topographic,0.5834,0.0133,3.4846,6.1551,9338
ai_faces_1k,topographic,0.5763,0.0559,3.4189,6.1625,9446
ai_faces_1k,topographic,0.59,0.096,3.4224,6.0895,9933
ai_faces_1k,topographic,0.5634,0.1314,3.3375,6.1781,8236
ai_faces_1k,topographic,0.5918,0.187,1.4083,5.2812,8131
ai_faces_1k,topographic,0.5912,0.0432,3.4883,6.3776,11401
ai_faces_1k,topographic,0.6103,0.022,3.303,5.7009,7911
ai_faces_1k,topographic,0.6227,0.0174,1.6579,5.2617,6791
ai_faces_1k,topographic,0.6033,0.0029,3.3491,5.6955,7790
ai_faces_1k,topographic,0.5769,0.0177,3.5293,6.2247,10602
ai_faces_1k,topographic,0.579,0.0301,3.4223,6.2185,10260
ai_faces_1k,topographic,0.5779,0.1346,1.3453,5.4621,7488
ai_faces_1k,topographic,0.6396,0.1046,2.4528,5.0134,6652
ai_faces_1k,topographic,0.6042,0.0083,3.532,6.2395,9685
ai_faces_1k,topographic,0.5961,0.1268,2.9488,5.264,7216
ai_faces_1k,topographic,0.6413,0.0239,2.591,5.2403,6599
ai_faces_1k,topographic,0.5942,0.023,3.411,6.1309,9526
ai_faces_1k,topographic,0.5838,0.021,3.4556,6.1406,9568
ai_faces_1k,topographic,0.6136,0.07,2.3733,5.64,8011
ai_faces_1k,topographic,0.6133,0.1365,1.2912,4.8461,5844
ai_faces_1k,topographic,0.5529,0.162,1.5116,5.427,7127
ai_faces_1k,topographic,0.607,0.1371,1.0177,5.0117,6974
ai_faces_1k,topographic,0.5551,0.0773,3.2752,5.9277,8966
ai_faces_1k,topographic,0.6172,0.0508,2.748,5.7406,8277
ai_faces_1k,topographic,0.5765,0.037,3.3891,5.881,7874
ai_faces_1k,topographic,0.6003,0.007,3.4526,6.0324,8728
ai_faces_1k,topographic,0.5881,0.0423,3.3913,6.0086,9559
ai_faces_1k,topographic,0.5802,0.0083,3.4425,6.1667,9629
ai_faces_1k,topographic,0.5875,0.058,3.2866,5.6684,7573
ai_faces_1k,topographic,0.5733,0.0595,3.4226,6.0328,9020
ai_faces_1k,topographic,0.5869,0.0016,3.4316,5.9997,8620
ai_faces_1k,topographic,0.6457,0.0756,1.7297,5.3591,7446
ai_faces_1k,topographic,0.5728,0.0779,2.7673,5.2254,7119
ai_faces_1k,topographic,0.5649,0.0527,3.4494,5.8656,8489
ai_faces_1k,topographic,0.5685,0.0126,3.463,6.0486,9398
ai_faces_1k,topographic,0.5835,0.113,3.1584,5.7926,8925
ai_faces_1k,topographic,0.5807,0.058,3.1999,5.8432,8202
ai_faces_1k,topographic,0.6554,0.0158,3.1186,5.5867,8488
ai_faces_1k,topographic,0.6049,0.1131,1.1649,5.1432,7158
ai_faces_1k,topographic,0.5813,0.0683,3.4238,6.0671,9467
ai_faces_1k,topographic,0.6024,0.0278,3.4202,6.1768,9412
ai_faces_1k,topographic,0.5923,0.0155,3.4706,6.2209,9533
ai_faces_1k,topographic,0.6538,0.0523,1.3937,5.1703,7174
ai_faces_1k,topographic,0.5742,0.039,3.3588,5.8729,8234
ai_faces_1k,topographic,0.5746,0.0504,3.3563,6.0862,8863
ai_faces_1k,topographic,0.5882,0.0229,3.3991,6.1396,8789
ai_faces_1k,topographic,0.572,0.0154,3.4826,6.1497,9759
ai_faces_1k,topographic,0.5896,0.0353,1.8528,5.6785,8227
ai_faces_1k,topographic,0.5605,0.1881,3.0721,5.59,7432
ai_faces_1k,topographic,0.6548,0.0463,2.9046,5.0845,6176
ai_faces_1k,topographic,0.5869,0.0007,3.515,5.9648,9126
ai_faces_1k,topographic,0.6496,0.0931,1.5504,4.9736,7033
ai_faces_1k,topographic,0.65,0.0454,1.3656,5.2847,7103
ai_faces_1k,topographic,0.6072,0.0228,1.6017,5.2384,7026
ai_faces_1k,topographic,0.5771,0.0394,3.3611,6.0004,8404
ai_faces_1k,topographic,0.6431,0.0079,2.6795,5.1707,6316
ai_faces_1k,topographic,0.5776,0.0395,3.4187,6.4102,10834
ai_faces_1k,topographic,0.583,0.0027,3.493,6.2902,10219
ai_faces_1k,topographic,0.5713,0.0191,3.3856,6.0894,10022
ai_faces_1k,topographic,0.5789,0.0896,2.8675,5.6954,8337
ai_faces_1k,topographic,0.5977,0.0048,3.3688,5.749,7462
ai_faces_1k,topographic,0.5732,0.1119,2.9344,5.906,9735
ai_faces_1k,topographic,0.63,0.0495,1.8952,5.6213,7570
ai_faces_1k,topographic,0.6124,0.0052,3.4303,6.017,8197
ai_faces_1k,topographic,0.5814,0.1489,1.7989,5.5347,7365
ai_faces_1k,topographic,0.6423,0.017,1.8914,5.3632,7159
ai_faces_1k,topographic,0.7248,0.0142,1.2655,4.6234,5979
ai_faces_1k,topographic,0.5742,0.0147,3.4029,6.0588,9175
ai_faces_1k,topographic,0.577,0.0629,2.85,5.6742,8605
ai_faces_1k,topographic,0.5782,0.0379,3.2563,6.0092,9531
ai_faces_1k,topographic,0.5776,0.0292,3.4722,5.9725,8356
ai_faces_1k,topographic,0.5292,0.2503,1.2601,5.0925,6646
ai_faces_1k,topographic,0.5661,0.1474,2.9857,5.7457,8413
ai_faces_1k,topographic,0.577,0.0191,3.4367,6.2915,10649
ai_faces_1k,topographic,0.6058,0.0264,3.1862,5.7693,8042
ai_faces_1k,topographic,0.5048,0.3532,1.3993,4.7871,5783
ai_faces_1k,topographic,0.5627,0.1506,2.8943,5.5207,7948
ai_faces_1k,topographic,0.5954,0.053,3.3927,5.9777,9429
ai_faces_1k,topographic,0.5847,0.0233,3.3743,6.0528,8962
ai_faces_1k,topographic,0.5961,0.03,3.3763,5.9833,8592
ai_faces_1k,topographic,0.5927,0.0584,1.5289,5.5578,7328
ai_faces_1k,topographic,0.5779,0.0178,3.5309,6.1056,9035
ai_faces_1k,topographic,0.6127,0.037,3.1359,5.8582,8430
ai_faces_1k,topographic,0.5996,0.0001,3.3379,5.7953,7906
ai_faces_1k,topographic,0.5716,0.1258,3.3128,6.0627,9221
ai_faces_1k,topographic,0.6254,0.0319,1.5368,5.219,6959
ai_faces_1k,topographic,0.5657,0.0404,3.3433,6.036,9027
ai_faces_1k,topographic,0.5867,0.0205,3.3642,6.0814,9504
ai_faces_1k,topographic,0.5966,0.0163,3.4302,6.1044,9469
ai_faces_1k,topographic,0.5784,0.0052,3.4521,6.0085,8887
ai_faces_1k,topographic,0.5951,0.0052,3.4367,5.9029,7651
ai_faces_1k,topographic,0.5974,0.0754,3.2375,5.6362,7925
ai_faces_1k,topographic,0.6215,0.0105,3.3866,5.9634,8878
ai_faces_1k,topographic,0.5985,0.137,1.1149,5.243,7583
ai_faces_1k,topographic,0.6066,0.0465,2.4662,5.5317,6502
ai_faces_1k,topographic,0.5739,0.0317,3.4247,5.9216,8081
ai_faces_1k,topographic,0.565,0.0753,3.3895,6.0993,8561
ai_faces_1k,topographic,0.5937,0.0739,1.9072,5.7097,8153
ai_faces_1k,topographic,0.6185,0.156,1.0628,4.8889,7090
ai_faces_1k,topographic,0.5951,0.003,3.315,5.7232,8130
ai_faces_1k,topographic,0.6228,0.0282,3.1928,5.5595,7444
ai_faces_1k,topographic,0.5959,0.0548,2.8515,5.7584,8723
ai_faces_1k,topographic,0.5683,0.0071,3.3472,5.975,9219
ai_faces_1k,topographic,0.585,0.0535,3.5187,6.2007,10264
ai_faces_1k,topographic,0.6028,0.0793,3.2093,5.6127,7549
ai_faces_1k,topographic,0.5957,0.0394,3.3284,5.7271,8200
ai_faces_1k,topographic,0.6126,0.0176,3.2851,5.5008,6753
ai_faces_1k,topographic,0.5656,0.0808,3.1835,5.6723,8133
ai_faces_1k,topographic,0.5931,0.036,3.4339,5.9304,8285
ai_faces_1k,topographic,0.5709,0.1536,3.2269,5.7316,8192
ai_faces_1k,topographic,0.5987,0.06,3.0849,5.2585,7181
ai_faces_1k,topographic,0.5923,0.1519,1.1146,4.8928,5893
ai_faces_1k,topographic,0.6669,0.0134,2.3657,5.0457,6117
ai_faces_1k,topographic,0.5937,0.0162,3.3688,6.1329,8949
ai_faces_1k,topographic,0.5482,0.0904,3.2317,5.9015,8045
ai_faces_1k,topographic,0.5604,0.0109,3.2662,5.9216,8488
ai_faces_1k,topographic,0.5759,0.0258,3.4847,6.1454,9712
ai_faces_1k,topographic,0.5992,0.0062,1.8372,5.5891,7224
ai_faces_1k,topographic,0.5994,0.0506,3.2901,6.0155,9619
ai_faces_1k,topographic,0.6306,0.1273,1.2867,4.7045,6096
ai_faces_1k,topographic,0.6595,0.0661,1.605,4.9653,6932
ai_faces_1k,topographic,0.5726,0.0112,3.4805,6.0716,9446
ai_faces_1k,topographic,0.5745,0.0965,3.4222,5.8989,6835
ai_faces_1k,topographic,0.5813,0.0837,3.3897,6.0821,9208
ai_faces_1k,topographic,0.5641,0.1341,2.9759,5.4469,6718
ai_faces_1k,topographic,0.6064,0.1808,1.4619,4.8227,6002
ai_faces_1k,topographic,0.6018,0.0632,3.2298,5.9996,8796
ai_faces_1k,topographic,0.5897,0.0688,2.3567,5.7971,8517
ai_faces_1k,topographic,0.6108,0.0271,2.7731,5.5192,6939
ai_faces_1k,topographic,0.5922,0.0217,3.4667,6.007,8943
ai_faces_1k,topographic,0.5974,0.017,3.429,6.1718,10115
ai_faces_1k,topographic,0.5744,0.014,3.4011,5.9413,8817
ai_faces_1k,topographic,0.6763,0.1045,1.0322,4.5777,5915
ai_faces_1k,topographic,0.5876,0.0115,3.2968,5.7152,7168
ai_faces_1k,topographic,0.6125,0.0455,3.4275,5.9207,8134
ai_faces_1k,topographic,0.5931,0.05,3.3911,6.0193,9664
ai_faces_1k,topographic,0.5888,0.0372,2.4055,5.5615,7488
ai_faces_1k,topographic,0.583,0.0043,3.471,6.0977,9889
ai_faces_1k,topographic,0.5697,0.0147,3.4855,6.1475,9083
ai_faces_1k,topographic,0.5967,0.0077,3.3852,5.8967,8032
ai_faces_1k,topographic,0.6066,0.0138,3.2131,5.5845,8104
ai_faces_1k,topographic,0.5919,0.0041,3.4861,6.2461,10071
ai_faces_1k,topographic,0.6504,0.0143,2.7937,5.3909,7244
ai_faces_1k,topographic,0.5884,0.0505,3.2537,5.9907,8989
ai_faces_1k,topographic,0.5779,0.0259,3.43,6.1841,9041
ai_faces_1k,topographic,0.5993,0.0015,3.3578,5.9305,10186
ai_faces_1k,topographic,0.5914,0.0033,3.4213,6.1414,9414
ai_faces_1k,topographic,0.5757,0.0472,3.4653,5.9909,9348
ai_faces_1k,topographic,0.5763,0.0088,3.4519,5.7789,7761
ai_faces_1k,topographic,0.5929,0.0043,3.5034,6.2597,9439
ai_faces_1k,topographic,0.6069,0.0029,3.3365,5.7387,7947
ai_faces_1k,topographic,0.582,0.049,3.2822,5.9207,8555
ai_faces_1k,topographic,0.6225,0.2253,1.2547,4.3508,5456
ai_faces_1k,topographic,0.5907,0.0334,3.4862,6.19,9362
ai_faces_1k,topographic,0.6291,0.032,2.7024,5.0962,6906
ai_faces_1k,topographic,0.5552,0.0746,3.4683,6.1322,8982
ai_faces_1k,topographic,0.5703,0.0781,3.119,5.5199,7161
ai_faces_1k,topographic,0.5984,0.0185,3.3222,6.0578,9267
ai_faces_1k,topographic,0.5731,0.0078,3.5063,6.2036,10186
ai_faces_1k,topographic,0.6037,0.0423,2.9369,5.3859,7148
ai_faces_1k,topographic,0.6289,0.0463,1.791,5.4222,7028
ai_faces_1k,topographic,0.5863,0.095,2.891,5.6125,7669
ai_faces_1k,topographic,0.6783,0.0173,1.5199,4.9019,5526
ai_faces_1k,topographic,0.5666,0.0321,3.422,6.0309,8723
ai_faces_1k,topographic,0.5754,0.0737,3.366,6.0176,8305
ai_faces_1k,topographic,0.5836,0.0047,3.4878,6.1188,9463
ai_faces_1k,topographic,0.5766,0.1487,2.8397,5.5337,6815
ai_faces_1k,topographic,0.6073,0.0412,3.1047,5.8331,7955
ai_faces_1k,topographic,0.5661,0.0492,3.4351,6.1855,9651
ai_faces_1k,topographic,0.586,0.0495,3.2165,6.0725,9448
ai_faces_1k,topographic,0.6013,0.0127,3.4795,6.1331,9295
ai_faces_1k,topographic,0.7023,0.1109,1.1311,4.0066,4509
ai_faces_1k,topographic,0.586,0.0402,3.4767,6.3264,10340
ai_faces_1k,topographic,0.5862,0.0109,3.3387,5.3724,6886
ai_faces_1k,topographic,0.5766,0.0258,1.8751,5.8665,8438
ai_faces_1k,topographic,0.5719,0.1181,2.698,5.7189,7294
ai_faces_1k,topographic,0.5788,0.0165,3.3894,5.8812,8425
ai_faces_1k,topographic,0.5832,0.0,3.2722,5.9978,9093
ai_faces_1k,topographic,0.5881,0.0486,3.3459,5.9219,8023
ai_faces_1k,topographic,0.6197,0.1848,1.6676,4.4671,5577
ai_faces_1k,topographic,0.543,0.0155,3.3995,6.0304,8860
ai_faces_1k,topographic,0.6128,0.0445,3.2896,5.8415,7739
ai_faces_1k,topographic,0.6221,0.0748,1.479,5.3934,7832
ai_faces_1k,topographic,0.5608,0.111,2.9379,5.7998,7980
ai_faces_1k,topographic,0.5664,0.0206,3.4012,6.1308,9525
ai_faces_1k,topographic,0.5875,0.0194,3.3108,6.1041,9307
ai_faces_1k,topographic,0.5836,0.205,0.7083,4.8513,7185
ai_faces_1k,topographic,0.5804,0.0371,3.4366,6.157,8993
ai_faces_1k,topographic,0.587,0.0366,3.4835,6.0174,8523
ai_faces_1k,topographic,0.5658,0.0555,3.5278,6.0633,10160
ai_faces_1k,topographic,0.6073,0.095,2.4711,5.3378,6214
ai_faces_1k,topographic,0.5613,0.0589,3.0714,5.4377,6782
ai_faces_1k,topographic,0.5692,0.0338,3.4358,6.0048,8758
ai_faces_1k,topographic,0.576,0.2631,0.7984,4.7394,5866
ai_faces_1k,topographic,0.5868,0.0866,3.0493,5.5664,7622
ai_faces_1k,topographic,0.6075,0.1547,1.4333,5.0213,6403
ai_faces_1k,topographic,0.5667,0.0947,3.1613,5.696,7468
ai_faces_1k,topographic,0.5825,0.0666,3.2804,5.8641,7624
ai_faces_1k,topographic,0.567,0.0721,3.4139,6.321,11210
ai_faces_1k,topographic,0.6193,0.0647,1.3889,5.3233,6772
ai_faces_1k,topographic,0.5813,0.03,3.2936,6.0098,8672
ai_faces_1k,topographic,0.6019,0.0013,3.4201,6.0369,9871
ai_faces_1k,topographic,0.6877,0.0356,1.4096,4.5613,5085
ai_faces_1k,topographic,0.5531,0.1122,3.377,6.0327,9359
ai_faces_1k,topographic,0.5791,0.032,3.4025,5.9607,8332
ai_faces_1k,topographic,0.5929,0.081,2.7019,5.6195,7665
ai_faces_1k,topographic,0.5759,0.0503,3.0973,6.0585,9114
ai_faces_1k,topographic,0.5812,0.0284,3.3235,6.0832,9333
ai_faces_1k,topographic,0.5857,0.0422,3.3051,5.8675,8164
ai_faces_1k,topographic,0.5863,0.0195,3.2815,5.664,7657
ai_faces_1k,topographic,0.5947,0.0356,3.473,6.1469,9408
ai_faces_1k,topographic,0.6002,0.0682,3.3191,5.9231,8371
ai_faces_1k,topographic,0.6005,0.0797,0.5173,5.5578,7890
ai_faces_1k,topographic,0.5835,0.0336,3.5115,6.3502,9573
ai_faces_1k,topographic,0.6479,0.022,1.4391,5.4721,7528
ai_faces_1k,topographic,0.6649,0.0598,1.5267,4.9076,6249
ai_faces_1k,topographic,0.6468,0.0426,2.4587,5.3922,6420
ai_faces_1k,topographic,0.5814,0.0072,3.5046,6.2613,10065
ai_faces_1k,topographic,0.5891,0.0318,3.3974,6.1472,10047
ai_faces_1k,topographic,0.5948,0.0165,3.1403,5.8055,8110
ai_faces_1k,topographic,0.6035,0.0006,3.4448,5.9946,8807
ai_faces_1k,topographic,0.636,0.031,3.1647,5.6789,8274
ai_faces_1k,topographic,0.592,0.025,3.4323,6.087,9656
ai_faces_1k,topographic,0.5906,0.0127,2.5179,5.5606,7263
ai_faces_1k,topographic,0.5709,0.1293,3.0272,5.7254,7882
ai_faces_1k,topographic,0.6026,0.049,2.4277,5.5968,7999
ai_faces_1k,topographic,0.627,0.0948,3.2103,5.4526,7261
ai_faces_1k,topographic,0.5706,0.0314,3.4327,6.1687,10173
ai_faces_1k,topographic,0.5723,0.0163,3.4928,6.106,9352
ai_faces_1k,topographic,0.6385,0.1726,2.1161,4.4825,5599
ai_faces_1k,topographic,0.603,0.0415,3.1162,5.6945,7859
ai_faces_1k,topographic,0.6444,0.0236,1.6707,4.9777,5467
ai_faces_1k,topographic,0.587,0.0308,3.4796,6.1,8511
ai_faces_1k,topographic,0.5786,0.0055,3.3143,6.0756,8822
ai_faces_1k,topographic,0.6323,0.0143,3.2083,5.5437,7495
ai_faces_1k,topographic,0.5946,0.0016,3.1316,5.652,7751
ai_faces_1k,topographic,0.568,0.0158,2.7944,5.7556,8111
ai_faces_1k,topographic,0.5781,0.0181,3.49,6.2965,10343
ai_faces_1k,topographic,0.6,0.0105,2.5889,5.6697,8215
ai_faces_1k,topographic,0.6202,0.0255,3.2405,5.902,8742
ai_faces_1k,topographic,0.5783,0.0374,3.5226,6.2417,10156
ai_faces_1k,topographic,0.5882,0.0256,3.4557,6.1503,9062
ai_faces_1k,topographic,0.5982,0.0328,3.4198,6.0922,9450
ai_faces_1k,topographic,0.5885,0.1221,2.3834,5.3348,6979
ai_faces_1k,topographic,0.5706,0.0289,3.32,6.1096,8931
ai_faces_1k,topographic,0.6549,0.1129,1.2694,4.6342,5950
ai_faces_1k,topographic,0.5835,0.0728,3.4623,6.2006,9369
ai_faces_1k,topographic,0.5768,0.1561,2.2563,5.6792,8975
ai_faces_1k,topographic,0.5852,0.0371,3.3248,5.8792,8371
ai_faces_1k,topographic,0.6183,0.0547,3.1384,5.5011,7467
ai_faces_1k,topographic,0.6235,0.0105,2.4482,5.6582,8167
ai_faces_1k,topographic,0.589,0.0386,3.2602,5.6611,7621
ai_faces_1k,topographic,0.5862,0.0149,3.3445,5.9164,8297
ai_faces_1k,topographic,0.583,0.0819,1.1602,5.3924,6379
ai_faces_1k,topographic,0.5815,0.058,3.4136,6.1683,8699
ai_faces_1k,topographic,0.5748,0.0738,3.3635,5.849,9026
ai_faces_1k,topographic,0.6,0.0232,3.276,5.4524,7089
ai_faces_1k,topographic,0.568,0.0367,3.3574,6.0023,8817
ai_faces_1k,topographic,0.6266,0.0874,2.1868,5.3497,6558
ai_faces_1k,topographic,0.5689,0.0926,3.268,5.8306,8502
ai_faces_1k,topographic,0.5811,0.0293,3.424,6.0975,9442
ai_faces_1k,topographic,0.6233,0.0632,1.6791,5.0932,5284
ai_faces_1k,topographic,0.5977,0.1287,1.5161,5.0035,5628
ai_faces_1k,topographic,0.6023,0.1128,2.986,5.2606,7447
ai_faces_1k,topographic,0.5732,0.0448,3.3996,5.9601,8373
ai_faces_1k,topographic,0.5806,0.0059,3.4986,6.2593,10192
ai_faces_1k,topographic,0.5758,0.0444,3.4178,6.0239,8720
ai_faces_1k,topographic,0.5516,0.1099,3.2335,5.5514,6791
ai_faces_1k,topographic,0.5934,0.0078,3.2603,5.6832,7127
ai_faces_1k,topographic,0.5958,0.0092,3.4116,5.8765,8298
ai_faces_1k,topographic,0.6305,0.0488,1.7132,5.5439,7638
ai_faces_1k,topographic,0.5758,0.0116,3.5333,6.1087,8671
ai_faces_1k,topographic,0.6435,0.0221,2.4157,5.0981,6818
ai_faces_1k,topographic,0.6531,0.1649,1.8585,4.5271,5463
ai_faces_1k,topographic,0.6059,0.0271,3.2445,5.7304,8721
ai_faces_1k,topographic,0.5818,0.1287,1.4325,5.5943,8876
ai_faces_1k,topographic,0.6585,0.0362,3.1876,5.1691,6598
ai_faces_1k,topographic,0.5798,0.015,3.4663,6.1099,9418
ai_faces_1k,topographic,0.6588,0.0288,1.4891,5.1164,7012
ai_faces_1k,topographic,0.6068,0.0009,3.5334,6.0872,8488
ai_faces_1k,topographic,0.5701,0.0186,3.4433,6.0872,8133
ai_faces_1k,topographic,0.5823,0.033,3.4667,6.2039,9962
ai_faces_1k,topographic,0.5938,0.0017,3.5099,6.1319,9581
ai_faces_1k,topographic,0.6547,0.0888,1.7719,4.6934,5940
ai_faces_1k,topographic,0.5754,0.0129,3.4265,6.2353,9382
ai_faces_1k,topographic,0.6017,0.0148,3.2486,5.6051,7506
ai_faces_1k,topographic,0.609,0.086,3.1988,5.2686,5975
ai_faces_1k,topographic,0.5972,0.017,3.4226,5.7437,7197
ai_faces_1k,topographic,0.6157,0.0132,1.6611,4.9897,5450
ai_faces_1k,topographic,0.6155,0.0039,3.261,5.5987,7416
ai_faces_1k,topographic,0.6164,0.0064,3.249,5.7684,8118
ai_faces_1k,topographic,0.5922,0.0222,2.663,5.5042,6691
ai_faces_1k,topographic,0.5381,0.1518,3.3774,6.0753,8295
ai_faces_1k,topographic,0.5829,0.0254,3.2739,5.7732,7700
ai_faces_1k,topographic,0.5911,0.0348,3.487,6.0271,8675
ai_faces_1k,topographic,0.5517,0.1119,1.6595,5.5272,7606
ai_faces_1k,topographic,0.6518,0.0316,2.2791,5.1137,6682
ai_faces_1k,topographic,0.5702,0.0271,3.431,5.8672,8033
ai_faces_1k,topographic,0.5769,0.0461,3.408,6.1584,9539
ai_faces_1k,topographic,0.593,0.0234,3.4681,6.3029,10556
ai_faces_1k,topographic,0.5786,0.0709,3.2849,5.9559,9110
ai_faces_1k,topographic,0.5696,0.0421,3.3435,6.1644,10313
ai_faces_1k,topographic,0.5592,0.103,3.405,5.9354,8935
ai_faces_1k,topographic,0.5893,0.0139,3.3015,5.6539,7487
ai_faces_1k,topographic,0.5872,0.0613,3.4232,6.2364,9678
ai_faces_1k,topographic,0.6854,0.0058,1.7296,5.1984,6699
ai_faces_1k,topographic,0.5894,0.0588,3.339,6.0815,9204
ai_faces_1k,topographic,0.5761,0.0155,3.5289,6.2076,9741
ai_faces_1k,topographic,0.5992,0.0351,3.2994,5.9348,8882
ai_faces_1k,topographic,0.5825,0.0584,1.8836,5.7416,8277
ai_faces_1k,topographic,0.5848,0.0211,3.5335,6.1384,9378
ai_faces_1k,topographic,0.5788,0.0185,3.4105,6.1,9433
ai_faces_1k,topographic,0.6022,0.015,1.6374,5.5797,7702
ai_faces_1k,topographic,0.5808,0.0846,1.6799,5.5291,7564
ai_faces_1k,topographic,0.664,0.0326,1.5283,4.8461,5912
ai_faces_1k,topographic,0.6124,0.0482,2.4782,5.4191,7355
ai_faces_1k,topographic,0.5724,0.0611,3.3684,5.8079,8177
ai_faces_1k,topographic,0.5727,0.0252,3.4591,6.3132,11070
ai_faces_1k,topographic,0.5937,0.014,3.4364,5.962,8129
ai_faces_1k,topographic,0.5867,0.0767,1.7131,5.6963,7618
ai_faces_1k,topographic,0.5752,0.0989,3.3385,5.846,7431
ai_faces_1k,topographic,0.5874,0.0365,3.354,6.0847,8495
ai_faces_1k,topographic,0.6516,0.0142,1.6918,5.3682,7298
ai_faces_1k,topographic,0.6633,0.0072,1.5876,5.3748,7111
ai_faces_1k,topographic,0.5732,0.0299,3.3344,5.7479,7685
ai_faces_1k,topographic,0.5749,0.1691,1.1553,5.1464,7223
ai_faces_1k,topographic,0.567,0.0803,3.2649,6.0675,10171
ai_faces_1k,topographic,0.5795,0.0449,3.3632,5.6929,7715
ai_faces_1k,topographic,0.5849,0.0602,3.4306,6.0865,9420
ai_faces_1k,topographic,0.5807,0.0261,3.4421,6.2081,10526
ai_faces_1k,topographic,0.5997,0.0244,3.4211,5.9447,8635
ai_faces_1k,topographic,0.5665,0.0113,3.4162,6.1677,9494
ai_faces_1k,topographic,0.6686,0.0073,3.1127,4.9296,5982
ai_faces_1k,topographic,0.5881,0.1119,2.9171,5.4885,7210
ai_faces_1k,topographic,0.575,0.0575,3.3899,6.0313,8824
ai_faces_1k,topographic,0.6111,0.0199,3.04,5.55,6876
ai_faces_1k,topographic,0.5844,0.0171,3.3846,6.1606,9616
ai_faces_1k,topographic,0.6497,0.0143,1.5881,4.8809,6085
ai_faces_1k,topographic,0.6168,0.0177,2.258,5.3391,7668
ai_faces_1k,topographic,0.5865,0.057,3.1492,5.712,7229
ai_faces_1k,topographic,0.5886,0.0054,3.4664,6.1467,9136
ai_faces_1k,topographic,0.5981,0.0659,3.3088,5.6793,7043
ai_faces_1k,topographic,0.5909,0.1866,0.9608,4.626,6270
ai_faces_1k,topographic,0.5683,0.0139,3.4659,5.9665,8374
ai_faces_1k,topographic,0.5785,0.0288,3.4921,6.1057,9146
ai_faces_1k,topographic,0.6158,0.1164,0.735,5.1246,7398
ai_faces_1k,topographic,0.5716,0.0432,3.2266,5.8264,7978
ai_faces_1k,topographic,0.5903,0.0038,3.4203,6.053,8519
ai_faces_1k,topographic,0.6119,0.0327,3.227,5.8357,8379
ai_faces_1k,topographic,0.5887,0.0869,3.3173,6.0511,9075
ai_faces_1k,topographic,0.6057,0.0322,3.2582,5.6598,7567
ai_faces_1k,topographic,0.5829,0.0104,3.4327,6.178,10385
ai_faces_1k,topographic,0.5874,0.028,3.4258,5.9138,8129
ai_faces_1k,topographic,0.6007,0.0079,3.4212,6.0604,9432
ai_faces_1k,topographic,0.6169,0.0537,1.935,5.419,7333
ai_faces_1k,topographic,0.6095,0.0439,2.427,5.4753,7309
ai_faces_1k,topographic,0.5873,0.0409,3.4073,6.0963,9494
ai_faces_1k,topographic,0.5659,0.1194,2.5632,5.9611,8733
ai_faces_1k,topographic,0.5991,0.0249,3.3161,6.0368,9379
ai_faces_1k,topographic,0.6265,0.0778,3.0628,5.3264,6535
ai_faces_1k,topographic,0.5873,0.0702,3.1253,5.6234,7214
ai_faces_1k,topographic,0.5865,0.0167,3.4635,6.166,8838
ai_faces_1k,topographic,0.578,0.0802,3.4482,5.9761,8400
ai_faces_1k,topographic,0.5652,0.0516,3.0403,5.781,7441
ai_faces_1k,topographic,0.6135,0.0019,3.3281,5.6671,7012
ai_faces_1k,topographic,0.5813,0.1255,3.1216,5.51,7308
ai_faces_1k,topographic,0.6047,0.0208,3.2945,5.8667,8496
ai_faces_1k,topographic,0.6549,0.0156,3.0947,5.4248,6789
ai_faces_1k,topographic,0.619,0.0369,3.0681,5.7221,8314
ai_faces_1k,topographic,0.5926,0.0305,3.3784,6.0145,9223
ai_faces_1k,topographic,0.6507,0.0121,3.155,5.373,6227
ai_faces_1k,topographic,0.6242,0.1548,1.3422,4.7617,6094
ai_faces_1k,topographic,0.5944,0.0485,3.3393,6.0341,9158
ai_faces_1k,topographic,0.5798,0.1087,2.5119,5.2018,6440
ai_faces_1k,topographic,0.5984,0.0862,1.9235,5.688,7762
ai_faces_1k,topographic,0.5559,0.0479,3.3705,6.0143,9000
ai_faces_1k,topographic,0.5929,0.0029,2.6617,5.6911,7601
ai_faces_1k,topographic,0.592,0.032,3.3712,6.0616,9054
ai_faces_1k,topographic,0.5955,0.0248,3.3919,5.9753,9120
ai_faces_1k,topographic,0.5758,0.1107,2.495,5.4813,7554
ai_faces_1k,topographic,0.6456,0.0274,1.6165,5.389,6931
ai_faces_1k,topographic,0.6714,0.014,1.8252,5.0574,6314
ai_faces_1k,topographic,0.6055,0.0861,1.6034,5.354,6824
ai_faces_1k,topographic,0.66,0.0664,1.5309,4.9796,6710
ai_faces_1k,topographic,0.6564,0.0504,1.8616,5.358,7642
ai_faces_1k,topographic,0.5944,0.0865,3.4232,5.8756,8114
ai_faces_1k,topographic,0.5973,0.0015,3.2992,6.0945,10042
ai_faces_1k,topographic,0.5685,0.0366,3.316,5.4595,7376
ai_faces_1k,topographic,0.554,0.0009,3.358,5.9748,8909
ai_faces_1k,topographic,0.6645,0.0953,1.3365,4.7487,6311
ai_faces_1k,topographic,0.5722,0.0004,3.4927,6.021,8773
ai_faces_1k,topographic,0.6062,0.0479,3.2927,5.7899,7541
ai_faces_1k,topographic,0.5638,0.0312,3.4391,5.9464,8718
ai_faces_1k,topographic,0.5736,0.0417,3.4778,6.038,9476
ai_faces_1k,topographic,0.5902,0.0167,3.0827,5.5973,7867
ai_faces_1k,topographic,0.5866,0.0113,3.3484,5.9741,8831
ai_faces_1k,topographic,0.5937,0.0159,2.9678,6.1054,9866
ai_faces_1k,topographic,0.7458,0.0165,2.3074,4.0155,4596
ai_faces_1k,topographic,0.593,0.0561,3.3781,5.8485,7961
ai_faces_1k,topographic,0.6002,0.0377,3.3138,5.8297,7386
ai_faces_1k,topographic,0.6045,0.0168,3.3543,6.2256,9656
ai_faces_1k,topographic,0.583,0.0541,3.4759,6.2115,10549
ai_faces_1k,topographic,0.5822,0.0503,3.4296,5.9916,8950
ai_faces_1k,topographic,0.5468,0.0972,3.1766,5.9636,8446
ai_faces_1k,topographic,0.5725,0.0148,3.4106,6.0799,10370
ai_faces_1k,topographic,0.5725,0.0082,3.0382,5.8131,8324
ai_faces_1k,topographic,0.6226,0.0819,2.9302,5.2884,7177
ai_faces_1k,topographic,0.5622,0.0161,3.4276,6.0716,8895
ai_faces_1k,topographic,0.5734,0.0184,3.4459,5.9553,8431
ai_faces_1k,topographic,0.6017,0.0644,3.2974,5.8583,8375
ai_faces_1k,topographic,0.6208,0.0097,3.2385,5.6357,8185
ai_faces_1k,topographic,0.5835,0.0364,3.3075,6.0745,9033
ai_faces_1k,topographic,0.5628,0.0571,3.4232,5.8874,8693
ai_faces_1k,topographic,0.5546,0.1613,3.1158,5.5984,7544
ai_faces_1k,topographic,0.5662,0.0163,3.3538,6.1204,9852
ai_faces_1k,topographic,0.5888,0.0353,3.4666,6.2233,10538
ai_faces_1k,topographic,0.5778,0.1108,2.4052,5.8765,8918
ai_faces_1k,topographic,0.587,0.0227,3.123,5.7654,7825
ai_faces_1k,topographic,0.579,0.0669,3.2097,5.7056,7268
ai_faces_1k,topographic,0.5892,0.061,3.3724,5.7978,7833
ai_faces_1k,topographic,0.5712,0.016,3.3792,6.0663,9708
ai_faces_1k,topographic,0.5739,0.018,3.3614,5.8775,8599
ai_faces_1k,topographic,0.6044,0.0465,3.2708,5.4543,6888
ai_faces_1k,topographic,0.6249,0.0131,3.1939,5.9482,8436
ai_faces_1k,topographic,0.6341,0.0015,3.2412,5.7182,8822
ai_faces_1k,topographic,0.5583,0.0734,3.2808,6.0197,8819
ai_faces_1k,topographic,0.567,0.0486,3.1876,5.8742,8308
ai_faces_1k,topographic,0.5721,0.0842,3.2866,5.7246,7682
ai_faces_1k,topographic,0.5799,0.0441,3.4857,6.1933,9461
ai_faces_1k,topographic,0.5845,0.035,3.3929,5.8572,8249
ai_faces_1k,topographic,0.5851,0.0079,3.4952,6.2457,9971
ai_faces_1k,topographic,0.5754,0.0537,3.4154,6.0595,8873
ai_faces_1k,topographic,0.6594,0.0257,3.0037,5.1836,6632
ai_faces_1k,topographic,0.579,0.0201,3.4202,6.1968,9641
ai_faces_1k,topographic,0.5447,0.1619,3.2634,5.7507,7974
ai_faces_1k,topographic,0.6215,0.1233,1.3987,4.9093,5180
ai_faces_1k,topographic,0.624,0.0259,3.062,5.5315,7504
ai_faces_1k,topographic,0.5889,0.0027,3.3761,5.6032,7350
ai_faces_1k,topographic,0.5647,0.0556,2.9453,6.1237,9941
ai_faces_1k,topographic,0.6133,0.0562,1.5805,5.1548,6610
ai_faces_1k,topographic,0.5798,0.0582,3.4867,6.168,9004
ai_faces_1k,topographic,0.5573,0.1874,2.1067,5.2539,7576
ai_faces_1k,topographic,0.5581,0.08,3.4,6.0378,9399
ai_faces_1k,topographic,0.5726,0.0239,3.4781,6.1648,9906
ai_faces_1k,topographic,0.6122,0.0185,3.3078,5.7634,7245
ai_faces_1k,topographic,0.5898,0.003,3.4716,6.2932,9539
ai_faces_1k,topographic,0.5752,0.0519,2.3529,5.4497,7700
ai_faces_1k,topographic,0.5466,0.1046,2.6619,5.693,7840
ai_faces_1k,topographic,0.623,0.0161,3.2221,5.6422,7258
ai_faces_1k,topographic,0.5855,0.0021,3.4296,6.1281,9645
ai_faces_1k,topographic,0.5885,0.0103,3.2115,5.7778,7537
ai_faces_1k,topographic,0.568,0.0572,3.4793,6.1226,9708
ai_faces_1k,topographic,0.5798,0.0138,3.4037,6.2143,10084
ai_faces_1k,topographic,0.5778,0.0477,3.4414,6.1845,10249
ai_faces_1k,topographic,0.5832,0.0164,3.5809,6.1336,9261
ai_faces_1k,topographic,0.5963,0.0442,3.3369,5.7971,7935
ai_faces_1k,topographic,0.6346,0.1122,2.1907,4.7512,5901
ai_faces_1k,topographic,0.5864,0.0915,3.189,6.0631,10015
ai_faces_1k,topographic,0.6397,0.0539,1.5675,5.2282,6928
ai_faces_1k,topographic,0.5858,0.0594,3.3974,6.3611,11904
ai_faces_1k,topographic,0.5834,0.0028,2.9537,5.7109,8157
ai_faces_1k,topographic,0.574,0.0371,3.437,6.0879,9308
ai_faces_1k,topographic,0.5708,0.0818,2.192,5.5109,7429
ai_faces_1k,topographic,0.5725,0.0935,3.3601,6.14,9766
ai_faces_1k,topographic,0.5876,0.0037,2.4517,5.8545,8983
ai_faces_1k,topographic,0.5808,0.0793,3.3042,6.0193,9233
ai_faces_1k,topographic,0.5842,0.168,3.111,5.3549,7515
ai_faces_1k,topographic,0.5648,0.0626,3.4542,6.0671,9637
ai_faces_1k,topographic,0.5701,0.1236,2.9037,5.6394,7994
ai_faces_1k,topographic,0.5881,0.0276,3.2812,5.569,7363
ai_faces_1k,topographic,0.5827,0.0114,3.4493,5.9412,8252
ai_faces_1k,topographic,0.5907,0.0029,3.4646,6.0773,9158
ai_faces_1k,topographic,0.5923,0.0046,3.3426,5.9943,8874
ai_faces_1k,topographic,0.5747,0.0195,3.5209,6.1588,10261
ai_faces_1k,topographic,0.5649,0.0869,3.2197,5.8747,7749
ai_faces_1k,topographic,0.5776,0.0082,3.4594,5.84,8098
ai_faces_1k,topographic,0.5697,0.0026,3.4455,6.19,10532
ai_faces_1k,topographic,0.5726,0.0427,3.4137,5.9379,8511
ai_faces_1k,topographic,0.5997,0.0282,1.5228,5.6116,8249
ai_faces_1k,topographic,0.5683,0.0455,3.4795,6.1847,10170
ai_faces_1k,topographic,0.5736,0.027,3.4106,5.8852,8026
ai_faces_1k,topographic,0.5926,0.0134,3.4382,5.9553,8453
ai_faces_1k,topographic,0.5978,0.0921,1.9505,5.7264,7887
ai_faces_1k,topographic,0.5924,0.0141,3.3739,6.1936,9634
ai_faces_1k,topographic,0.5805,0.0476,3.4713,6.0494,8042
ai_faces_1k,topographic,0.5651,0.1135,3.3034,5.7836,8001
ai_faces_1k,topographic,0.6228,0.1072,1.3407,5.0002,6436
ai_faces_1k,topographic,0.5857,0.0295,3.2073,5.6221,8059
ai_faces_1k,topographic,0.5974,0.0436,3.5011,6.2469,10216
ai_faces_1k,topographic,0.5892,0.0059,3.5528,6.2575,10289
ai_faces_1k,topographic,0.6406,0.0289,3.173,5.6078,7353
ai_faces_1k,topographic,0.5916,0.0548,3.3545,6.005,9393
ai_faces_1k,topographic,0.5557,0.0854,3.2966,5.6061,7488
ai_faces_1k,topographic,0.6029,0.2049,1.3296,4.7432,5838
ai_faces_1k,topographic,0.5783,0.0119,3.1771,5.8737,7724
ai_faces_1k,topographic,0.605,0.0883,2.8493,5.4957,7772
ai_faces_1k,topographic,0.5741,0.0837,3.2362,5.9054,8299
ai_faces_1k,topographic,0.5733,0.0639,3.3365,5.937,8325
ai_faces_1k,topographic,0.5957,0.0339,3.3776,6.0475,8544
ai_faces_1k,topographic,0.629,0.0789,2.31,5.2966,7160
ai_faces_1k,topographic,0.5994,0.0499,3.3245,5.5248,7208
ai_faces_1k,topographic,0.5648,0.0138,3.4085,6.1127,9223
ai_faces_1k,topographic,0.5946,0.0704,2.5994,5.3887,7390
ai_faces_1k,topographic,0.5869,0.03,3.4047,6.0823,9080
ai_faces_1k,topographic,0.6276,0.016,2.8863,5.4587,7384
ai_faces_1k,topographic,0.5812,0.018,3.097,5.8298,7909
ai_faces_1k,topographic,0.5907,0.0547,3.1085,5.4466,7478
ai_faces_1k,topographic,0.5967,0.0083,3.4518,5.9507,9255
ai_faces_1k,topographic,0.569,0.0016,3.3716,5.7432,7207
ai_faces_1k,topographic,0.5729,0.0288,3.1599,5.8157,8060
ai_faces_1k,topographic,0.5696,0.0758,3.4283,5.9385,8755
ai_faces_1k,topographic,0.6965,0.0834,0.5704,4.4046,5189
ai_faces_1k,topographic,0.6061,0.0199,3.2432,5.8079,8035
ai_faces_1k,topographic,0.6623,0.0813,1.5345,5.0067,6508
ai_faces_1k,topographic,0.6436,0.0563,1.5599,5.2103,6809
ai_faces_1k,topographic,0.5554,0.0391,1.6189,5.5352,7069
ai_faces_1k,topographic,0.5776,0.0292,3.219,5.5551,7537
ai_faces_1k,topographic,0.619,0.0437,3.2594,5.927,10043
ai_faces_1k,topographic,0.5517,0.0258,3.3506,6.0352,10128
ai_faces_1k,topographic,0.5817,0.03,3.4469,6.211,10261
ai_faces_1k,topographic,0.5684,0.0147,3.4773,6.2573,10243
ai_faces_1k,topographic,0.5797,0.0889,3.3894,5.988,8973
ai_faces_1k,topographic,0.6253,0.0445,1.6062,5.184,6024
ai_faces_1k,topographic,0.5822,0.0236,3.3841,5.9644,8436
ai_faces_1k,topographic,0.5757,0.0252,3.5257,6.2009,10115
ai_faces_1k,topographic,0.5815,0.0927,3.4974,6.3168,10965
ai_faces_1k,topographic,0.58,0.0322,3.2731,5.7697,7703
ai_faces_1k,topographic,0.6552,0.027,1.5347,5.2599,7052
ai_faces_1k,topographic,0.5869,0.0249,3.4054,6.0568,8592
ai_faces_1k,topographic,0.5779,0.0253,3.396,5.9422,8434
ai_faces_1k,topographic,0.5835,0.0713,3.4403,6.2161,9922
ai_faces_1k,topographic,0.578,0.0553,3.3495,5.7627,7605
ai_faces_1k,topographic,0.5685,0.0251,3.3443,6.0346,8974
ai_faces_1k,topographic,0.6347,0.0382,2.6854,5.2348,6410
ai_faces_1k,topographic,0.5732,0.012,3.3803,5.9886,9590
ai_faces_1k,topographic,0.5876,0.0533,3.1853,5.7169,7454
ai_faces_1k,topographic,0.5848,0.0114,3.3703,5.9426,8529
ai_faces_1k,topographic,0.6595,0.0011,1.414,5.175,7092
ai_faces_1k,topographic,0.5723,0.0058,3.4296,6.035,8655
ai_faces_1k,topographic,0.5807,0.0401,3.4214,6.0701,8755
ai_faces_1k,topographic,0.5733,0.0949,3.302,5.6207,6684
ai_faces_1k,topographic,0.6423,0.0987,1.4642,4.9886,6775
ai_faces_1k,topographic,0.5786,0.0677,3.4601,6.0314,9015
ai_faces_1k,topographic,0.5638,0.1285,3.0187,5.5852,7788
ai_faces_1k,topographic,0.5723,0.0263,3.3948,6.0426,9088
ai_faces_1k,topographic,0.5866,0.0207,3.4964,6.2207,10012
ai_faces_1k,topographic,0.5837,0.0529,3.4205,6.1434,9120
ai_faces_1k,topographic,0.5857,0.0267,3.3545,6.2618,10573
ai_faces_1k,topographic,0.575,0.0838,3.0597,5.6968,7582
ai_faces_1k,topographic,0.5868,0.1136,2.3826,5.3526,7000
ai_faces_1k,topographic,0.5767,0.2189,3.0504,5.3306,6747
ai_faces_1k,topographic,0.5629,0.0607,3.4289,5.9531,8268
ai_faces_1k,topographic,0.5711,0.0638,3.402,6.186,9710
ai_faces_1k,topographic,0.5693,0.0104,3.055,5.6941,7949
ai_faces_1k,topographic,0.5933,0.0147,2.6853,5.8816,9211
ai_faces_1k,topographic,0.6064,0.0057,3.4051,5.7491,7453
ai_faces_1k,topographic,0.5673,0.0642,3.2323,5.6945,7626
ai_faces_1k,topographic,0.5923,0.064,3.4925,6.2751,9145
ai_faces_1k,topographic,0.5742,0.017,3.4018,5.968,8316
ai_faces_1k,topographic,0.5825,0.0175,3.3955,6.1375,8982
ai_faces_1k,topographic,0.5737,0.0896,3.3722,5.9545,9129
ai_faces_1k,topographic,0.5883,0.0016,3.3401,6.0915,9234
ai_faces_1k,topographic,0.5638,0.0069,3.4826,6.0838,9193
ai_faces_1k,topographic,0.5428,0.0963,1.5569,5.5338,7391
ai_faces_1k,topographic,0.5769,0.0083,3.2869,5.5641,7303
ai_faces_1k,topographic,0.5873,0.0272,3.2211,5.767,7917
ai_faces_1k,topographic,0.6182,0.0662,2.8477,5.7074,7320
ai_faces_1k,topographic,0.5958,0.0198,3.4521,6.2819,10623
ai_faces_1k,topographic,0.5923,0.0263,3.4113,5.9845,8345
ai_faces_1k,topographic,0.5821,0.1997,1.1735,4.9675,6433
ai_faces_1k,topographic,0.6099,0.0374,3.1584,5.674,7227
ai_faces_1k,topographic,0.6031,0.0159,3.146,5.7644,8560
ai_faces_1k,topographic,0.6154,0.0364,3.3384,5.8413,7521
ai_faces_1k,topographic,0.582,0.0039,3.4991,6.1475,9321
ai_faces_1k,topographic,0.5478,0.0402,3.258,5.9519,8249
ai_faces_1k,topographic,0.6012,0.0374,3.3584,5.8498,8391
ai_faces_1k,topographic,0.6191,0.0217,3.3405,5.856,7931
ai_faces_1k,topographic,0.6309,0.1047,1.5679,5.0932,6770
ai_faces_1k,topographic,0.7504,0.0009,1.3659,4.3815,5186
ai_faces_1k,topographic,0.5714,0.0193,3.0546,5.8486,8324
ai_faces_1k,topographic,0.5657,0.038,3.3013,5.7241,8000
ai_faces_1k,topographic,0.5712,0.0375,3.4398,6.2476,10676
ai_faces_1k,topographic,0.578,0.0216,3.4979,6.3455,10749
ai_faces_1k,topographic,0.6007,0.0166,3.4007,6.1882,9430
ai_faces_1k,topographic,0.6121,0.0059,2.8485,5.3419,6458
ai_faces_1k,topographic,0.5974,0.0159,3.4858,6.1374,9780
ai_faces_1k,topographic,0.5814,0.0147,3.547,6.139,9192
ai_faces_1k,topographic,0.6073,0.002,3.3482,5.9251,8629
ai_faces_1k,topographic,0.5708,0.0419,3.5146,6.1434,10051
ai_faces_1k,topographic,0.5719,0.0019,3.4654,6.2119,9619
ai_faces_1k,topographic,0.5914,0.0103,3.4022,6.2366,9683
ai_faces_1k,topographic,0.5838,0.0055,3.4723,6.2179,9824
ai_faces_1k,topographic,0.5824,0.0456,3.2985,5.8473,7717
ai_faces_1k,topographic,0.68,0.0058,1.5446,4.9318,6211
ai_faces_1k,topographic,0.6036,0.0499,3.3023,5.8545,8952
ai_faces_1k,topographic,0.5777,0.0077,3.4731,5.9998,8171
ai_faces_1k,topographic,0.5796,0.0706,3.4013,5.8616,8051
ai_faces_1k,topographic,0.6025,0.0221,2.0059,5.7714,8098
ai_faces_1k,topographic,0.5807,0.0204,3.4868,6.2096,9699
ai_faces_1k,topographic,0.5688,0.1046,3.2341,5.7373,7681
ai_faces_1k,topographic,0.6863,0.1216,2.0873,4.2904,5984
ai_faces_1k,topographic,0.5832,0.0162,3.5155,6.1914,10895
ai_faces_1k,topographic,0.5725,0.0797,3.3796,6.0455,9480
ai_faces_1k,topographic,0.5922,0.0191,3.3454,5.8148,7699
ai_faces_1k,topographic,0.5949,0.0164,3.4086,6.1148,9792
ai_faces_1k,topographic,0.5685,0.0386,3.4864,6.086,9374
ai_faces_1k,topographic,0.6031,0.1173,2.4291,5.2826,6941
ai_faces_1k,topographic,0.6047,0.013,3.3242,5.6715,7657
ai_faces_1k,topographic,0.661,0.0328,2.8746,5.276,6970
ai_faces_1k,topographic,0.5982,0.0176,3.351,5.9503,8580
ai_faces_1k,topographic,0.5852,0.0019,3.514,6.1779,9190
ai_faces_1k,topographic,0.5734,0.0247,1.8011,5.4821,6546
ai_faces_1k,topographic,0.5688,0.1023,3.363,6.059,8977
ai_faces_1k,topographic,0.6231,0.0806,3.2591,5.5809,7685
ai_faces_1k,topographic,0.5973,0.0141,3.3927,6.08,9023
ai_faces_1k,topographic,0.5732,0.0424,3.341,5.9197,7232
ai_faces_1k,topographic,0.6553,0.0346,2.6529,5.2678,7366
ai_faces_1k,topographic,0.5502,0.0169,3.4655,6.1168,9422
ai_faces_1k,topographic,0.6767,0.0121,3.0591,5.1376,6000
ai_faces_1k,topographic,0.5708,0.0071,3.4597,6.2356,10293
ai_faces_1k,topographic,0.6756,0.0619,2.7515,4.689,5472
ai_faces_1k,topographic,0.5746,0.0099,3.3564,5.716,7408
ai_faces_1k,topographic,0.5869,0.0104,3.359,6.1021,9431
ai_faces_1k,topographic,0.5718,0.0431,1.8015,5.741,8313
ai_faces_1k,topographic,0.6094,0.0393,3.3431,5.9516,9138
ai_faces_1k,topographic,0.5854,0.0279,3.4634,5.852,8093
ai_faces_1k,topographic,0.6569,0.0311,3.1259,5.327,7055
ai_faces_1k,topographic,0.597,0.0233,3.2994,5.7845,7867
ai_faces_1k,topographic,0.5744,0.0121,3.4121,5.9475,8346
ai_faces_1k,topographic,0.578,0.0269,3.4907,6.2966,10088
ai_faces_1k,topographic,0.5762,0.0141,3.5161,6.2268,10802
ai_faces_1k,topographic,0.5924,0.0159,3.0632,5.7009,7725
ai_faces_1k,topographic,0.5582,0.3208,2.5227,4.5688,6586
ai_faces_1k,topographic,0.5707,0.0685,3.3967,5.9727,8638
ai_faces_1k,topographic,0.5756,0.0189,3.4571,5.9366,8703
ai_faces_1k,topographic,0.6195,0.0503,3.1846,5.392,6095
ai_faces_1k,topographic,0.5753,0.0181,3.3615,6.1305,8608
ai_faces_1k,topographic,0.5847,0.0107,3.4729,5.9492,9429
ai_faces_1k,topographic,0.6716,0.0143,3.1098,5.4264,7021
ai_faces_1k,topographic,0.5733,0.038,3.4623,6.0462,8882
ai_faces_1k,topographic,0.5634,0.1495,3.1961,5.9577,8838
ai_faces_1k,topographic,0.5939,0.0064,3.2164,5.5813,7110
ai_faces_1k,topographic,0.5829,0.0409,3.2801,5.7738,7318
ai_faces_1k,topographic,0.6068,0.0462,2.9119,5.7121,7770
ai_faces_1k,topographic,0.6529,0.005,2.561,5.1315,7092
ai_faces_1k,topographic,0.5722,0.0111,3.491,6.1152,8844
ai_faces_1k,topographic,0.5914,0.035,3.4391,6.187,9602
ai_faces_1k,topographic,0.5684,0.1089,3.3349,5.9694,9010
ai_faces_1k,topographic,0.5451,0.1755,3.087,5.8015,8103
ai_faces_1k,topographic,0.5865,0.0064,3.0282,5.5513,7125
ai_faces_1k,topographic,0.6544,0.0513,2.4964,5.0052,6131
ai_faces_1k,topographic,0.5695,0.106,2.5557,5.6124,8635
ai_faces_1k,topographic,0.6231,0.0619,1.8813,5.4282,7565
ai_faces_1k,topographic,0.5687,0.0059,3.4597,6.0399,8842
ai_faces_1k,topographic,0.5746,0.019,3.5047,6.1001,8523
ai_faces_1k,topographic,0.5683,0.0366,3.4236,6.0869,9958
ai_faces_1k,topographic,0.5765,0.0646,3.3944,6.0401,8148
ai_faces_1k,topographic,0.5543,0.0785,3.4283,5.9607,9569
ai_faces_1k,topographic,0.5796,0.0046,3.4404,6.0766,8981
ai_faces_1k,topographic,0.6019,0.042,3.2918,5.5483,6668
ai_faces_1k,topographic,0.5994,0.0221,3.308,5.9275,8374
ai_faces_1k,topographic,0.5484,0.0858,3.2424,5.9236,8824
ai_faces_1k,topographic,0.6415,0.065,1.4257,5.1353,7262
ai_faces_1k,topographic,0.6083,0.0309,3.3718,6.3085,9921
ai_faces_1k,topographic,0.6204,0.0753,3.1431,5.3833,6456
ai_faces_1k,topographic,0.5755,0.0068,2.53,5.6073,8264
ai_faces_1k,topographic,0.5511,0.1516,2.844,5.4514,6367
ai_faces_1k,topographic,0.5865,0.0357,3.4858,6.1163,9122
ai_faces_1k,topographic,0.5991,0.0584,3.3171,5.7887,8145
ai_faces_1k,topographic,0.5798,0.0089,3.4811,6.2213,9682
ai_faces_1k,topographic,0.5678,0.0336,3.4965,6.3261,10311
ai_faces_1k,topographic,0.5846,0.0107,3.4162,6.0561,9813
ai_faces_1k,topographic,0.596,0.0354,3.4176,6.2488,9502
ai_faces_1k,topographic,0.5724,0.0915,3.2196,5.6553,7725
ai_faces_1k,topographic,0.6197,0.0472,1.9579,5.4121,7393
ai_faces_1k,topographic,0.6046,0.0884,3.0306,5.4885,7031
ai_faces_1k,topographic,0.5835,0.0334,3.4214,5.9887,8981
ai_faces_1k,topographic,0.6368,0.0541,1.537,5.308,6845
ai_faces_1k,topographic,0.5741,0.0894,3.3563,5.994,9326
ai_faces_1k,topographic,0.5626,0.0385,3.4528,6.1039,9771
ai_faces_1k,topographic,0.6347,0.0175,2.4845,5.2156,6932
ai_faces_1k,topographic,0.6508,0.0377,3.1367,5.1794,6632
ai_faces_1k,topographic,0.5808,0.0354,3.3595,5.986,9071
ai_faces_1k,topographic,0.575,0.0112,3.3625,6.1435,9738
ai_faces_1k,topographic,0.6235,0.01,1.8929,5.2074,5784
ai_faces_1k,topographic,0.6193,0.0074,1.4228,5.5992,8807
ai_faces_1k,topographic,0.6324,0.0058,2.8985,5.5028,7661
ai_faces_1k,topographic,0.5799,0.0025,3.3264,5.9983,9154
ai_faces_1k,topographic,0.5925,0.0177,3.4922,6.2993,10342
ai_faces_1k,topographic,0.5679,0.0732,3.3057,6.1017,9193
ai_faces_1k,topographic,0.6047,0.0173,3.381,5.816,7603
ai_faces_1k,topographic,0.5569,0.0399,3.3622,5.7742,7607
ai_faces_1k,topographic,0.5726,0.0214,2.6058,5.9848,8838
ai_faces_1k,topographic,0.5929,0.0329,3.3115,6.185,10133
ai_faces_1k,topographic,0.64,0.0771,2.5969,5.229,6570
ai_faces_1k,topographic,0.6238,0.0397,3.2356,5.7545,7727
ai_faces_1k,topographic,0.5913,0.0185,3.4667,6.0549,8664
ai_faces_1k,topographic,0.6068,0.0295,1.9367,5.6273,7729
ai_faces_1k,topographic,0.6019,0.0846,1.5076,5.2484,5922
ai_faces_1k,topographic,0.6696,0.0322,1.3861,5.1095,6319
ai_faces_1k,topographic,0.5808,0.0068,3.4778,6.1226,9754
ai_faces_1k,topographic,0.6568,0.0387,1.6239,5.0626,5762
ai_faces_1k,topographic,0.5859,0.0115,3.4063,6.2457,10268
ai_faces_1k,topographic,0.6028,0.0008,3.3103,5.9998,9094
ai_faces_1k,topographic,0.6345,0.0768,1.5356,5.1058,6061
ai_faces_1k,topographic,0.5816,0.0188,3.4456,6.2626,10359
ai_faces_1k,topographic,0.582,0.0503,2.6975,5.7604,7723
ai_faces_1k,topographic,0.5914,0.0178,3.5659,6.1796,9931
ai_faces_1k,topographic,0.6373,0.0239,3.026,5.2361,6997
ai_faces_1k,topographic,0.5985,0.0841,2.3852,5.3443,6885
ai_faces_1k,topographic,0.6164,0.0158,3.27,5.7286,7731
ai_faces_1k,topographic,0.5712,0.0409,3.5023,6.1321,9003
ai_faces_1k,topographic,0.5567,0.0527,3.433,6.0274,9232
ai_faces_1k,topographic,0.6129,0.1299,1.5942,5.0679,6847
ai_faces_1k,topographic,0.5531,0.1055,3.3684,5.8864,7736
ai_faces_1k,topographic,0.5859,0.0059,3.46,6.0383,8628
ai_faces_1k,topographic,0.5942,0.0524,3.2963,5.9601,8928
ai_faces_1k,topographic,0.5877,0.0212,3.4758,6.0692,9427
ai_faces_1k,topographic,0.593,0.0398,3.4999,6.0988,8614
ai_faces_1k,topographic,0.5949,0.1953,1.2243,4.9798,6783
ai_faces_1k,topographic,0.5754,0.0722,3.0825,5.9447,8946
ai_faces_1k,topographic,0.5799,0.0457,3.3914,5.7875,8107
ai_faces_1k,topographic,0.6039,0.026,3.1555,5.6879,8564
ai_faces_1k,topographic,0.5793,0.0137,2.9332,5.8153,8727
ai_faces_1k,topographic,0.5579,0.0564,3.4563,5.9276,8257
ai_faces_1k,topographic,0.6031,0.0014,3.0522,5.8656,8708
ai_faces_1k,topographic,0.5772,0.0154,3.4297,5.8664,8368
ai_faces_1k,topographic,0.5828,0.029,3.4177,6.0401,8872
ai_faces_1k,topographic,0.6038,0.0171,3.0611,5.454,7294
ai_faces_1k,topographic,0.5962,0.0633,1.7686,5.4674,6874
ai_faces_1k,topographic,0.609,0.0095,3.2468,5.7178,8643
ai_faces_1k,topographic,0.5848,0.0427,3.3618,5.8863,8143
ai_faces_1k,topographic,0.557,0.0518,3.0675,5.9455,8663
ai_faces_1k,topographic,0.5902,0.0302,3.3597,5.9425,8932
ai_faces_1k,topographic,0.5763,0.0432,3.3573,6.0025,8976
ai_faces_1k,topographic,0.5593,0.0555,3.503,6.033,8437
ai_faces_1k,topographic,0.6449,0.0907,1.7117,4.9368,6514
ai_faces_1k,topographic,0.5846,0.1086,1.6571,5.2474,6602
ai_faces_1k,topographic,0.5755,0.0664,3.4536,6.1059,9455
ai_faces_1k,topographic,0.5821,0.0315,3.3209,5.9839,9007
ai_faces_1k,topographic,0.5623,0.1602,1.5309,5.4351,7685
ai_faces_1k,topographic,0.6027,0.0152,3.3932,5.9517,8302
ai_faces_1k,topographic,0.5945,0.0057,3.4197,6.0238,8122
ai_faces_1k,topographic,0.5875,0.0261,3.5489,6.1537,10728
ai_faces_1k,topographic,0.6095,0.0397,3.2866,5.9424,9672
ai_faces_1k,topographic,0.5875,0.0197,3.39,5.9134,8680
ai_faces_1k,topographic,0.6516,0.0778,1.4612,4.634,5199
ai_faces_1k,topographic,0.5783,0.0312,3.3675,6.2115,10450
ai_faces_1k,topographic,0.5815,0.0007,3.0019,6.022,9164
ai_faces_1k,topographic,0.5782,0.0709,3.029,5.8282,8341
ai_faces_1k,topographic,0.5723,0.018,3.4686,6.2432,10134
ai_faces_1k,topographic,0.5708,0.0824,3.3414,5.805,7721
ai_faces_1k,topographic,0.5911,0.0003,3.4319,6.2146,9607
ai_faces_1k,topographic,0.6146,0.0332,3.2733,5.7184,7570
ai_faces_1k,topographic,0.6114,0.1148,1.5664,5.279,6872
ai_faces_1k,topographic,0.5782,0.0086,3.4152,6.0627,9481
ai_faces_1k,topographic,0.5811,0.0695,2.7887,5.505,7318
ai_faces_1k,topographic,0.5806,0.1732,1.2847,5.1831,7640
ai_faces_1k,topographic,0.5894,0.107,2.4411,5.4654,7807
ai_faces_1k,topographic,0.5665,0.1089,3.0916,5.9642,8847
ai_faces_1k,topographic,0.582,0.0034,2.9986,5.9646,9334
ai_faces_1k,topographic,0.572,0.0264,3.4541,6.2694,10391
ai_faces_1k,topographic,0.5685,0.0321,3.4648,6.2406,9317
ai_faces_1k,topographic,0.5985,0.0465,3.4054,6.1894,9507
ai_faces_1k,topographic,0.5872,0.0033,3.2106,5.7103,7820
ai_faces_1k,topographic,0.6011,0.0664,3.1717,5.7912,8193
ai_faces_1k,topographic,0.5885,0.0272,3.5232,6.1874,9812
ai_faces_1k,topographic,0.5748,0.026,3.4879,6.4126,11249
ai_faces_1k,topographic,0.6558,0.0909,1.6348,4.8195,6314
ai_faces_1k,topographic,0.5836,0.2191,1.4699,5.1882,7060
ai_faces_1k,topographic,0.6022,0.0175,3.3561,5.9925,8185
ai_faces_1k,topographic,0.5873,0.0077,3.503,6.0364,9168
ai_faces_1k,topographic,0.5868,0.0239,3.4584,5.8875,8146
ai_faces_1k,topographic,0.5945,0.0126,3.3522,5.8724,8541
ai_faces_1k,topographic,0.5798,0.0051,3.5478,6.1907,10395
ai_faces_1k,topographic,0.5799,0.0162,3.4938,6.2602,9708
ai_faces_1k,topographic,0.5998,0.0369,3.2664,5.8676,9330
ai_faces_1k,topographic,0.5802,0.0296,3.4498,6.014,8645
ai_faces_1k,topographic,0.5876,0.0735,3.3199,5.9879,8702
ai_faces_1k,topographic,0.5893,0.0034,3.3145,5.8503,8217
ai_faces_1k,topographic,0.6269,0.0841,0.2897,4.8946,6455
ai_faces_1k,topographic,0.5972,0.0307,3.4303,5.9208,8741
ai_faces_1k,topographic,0.6466,0.1069,0.4721,4.6928,5840
ai_faces_1k,topographic,0.5833,0.0228,3.2775,5.7368,8285
ai_faces_1k,topographic,0.585,0.0219,3.4799,6.0957,8863
ai_faces_1k,topographic,0.5657,0.2551,2.4132,4.8283,6539
ai_faces_1k,topographic,0.6644,0.0044,2.5577,5.501,7648
ai_faces_1k,topographic,0.5655,0.0901,3.4105,6.0858,9756
ai_faces_1k,topographic,0.6024,0.137,1.3806,5.0269,6486
ai_faces_1k,topographic,0.5944,0.0119,3.2349,5.8466,8524
ai_faces_1k,topographic,0.597,0.0703,2.5651,5.6119,8427
ai_faces_1k,topographic,0.588,0.0109,1.5283,5.7957,8702
ai_faces_1k,topographic,0.5872,0.0453,3.077,5.6576,8024
ai_faces_1k,topographic,0.6325,0.0649,2.1189,5.0311,6801
ai_faces_1k,topographic,0.5683,0.0456,2.9475,5.272,6753
ai_faces_1k,topographic,0.683,0.0214,2.372,5.1176,6255
ai_faces_1k,topographic,0.5868,0.0531,3.3821,5.9832,8785
ai_faces_1k,topographic,0.5771,0.0693,3.445,6.2676,9418
ai_faces_1k,topographic,0.5772,0.0574,3.2555,5.6383,7217
ai_faces_1k,topographic,0.6336,0.0501,1.4448,5.2956,7343
ai_faces_1k,topographic,0.5937,0.0207,3.4755,6.066,9318
ai_faces_1k,topographic,0.605,0.0057,3.2737,5.8139,7763
ai_faces_1k,topographic,0.6683,0.0722,2.3977,4.8355,6195
ai_faces_1k,topographic,0.5846,0.093,2.9211,5.3755,7227
ai_faces_1k,topographic,0.5947,0.0008,3.0599,5.8032,8509
ai_faces_1k,topographic,0.5889,0.0477,3.2837,6.174,9664
ai_faces_1k,topographic,0.5719,0.0234,3.4528,5.8899,8306
ai_faces_1k,topographic,0.5857,0.0259,3.2032,6.1013,9358
ai_faces_1k,topographic,0.5711,0.0079,3.5419,6.0469,9172
ai_faces_1k,topographic,0.594,0.0186,1.6856,5.8598,8000
ai_faces_1k,topographic,0.5847,0.0033,3.4314,6.0918,9523
ai_faces_1k,topographic,0.5788,0.0244,3.4589,5.9805,8160
ai_faces_1k,topographic,0.6926,0.0772,1.316,4.5607,5649
ai_faces_1k,topographic,0.5794,0.0441,3.3786,5.9197,7875
ai_faces_1k,topographic,0.6138,0.0032,2.937,5.5688,7902
ai_faces_1k,topographic,0.627,0.0086,2.9511,5.7596,8653
ai_faces_1k,topographic,0.5733,0.1326,1.6292,5.3462,6701
ai_faces_1k,topographic,0.5657,0.1059,3.2625,5.7561,8305
ai_faces_1k,topographic,0.5758,0.0792,3.3788,6.1011,9103
ai_faces_1k,topographic,0.6308,0.0772,3.0448,5.3084,7218
ai_faces_1k,topographic,0.5826,0.0312,3.4202,6.0807,9006
ai_faces_1k,topographic,0.5764,0.008,3.4074,6.1246,10783
ai_faces_1k,topographic,0.5786,0.0327,3.2698,5.9236,7617
ai_faces_1k,topographic,0.6007,0.0151,2.7599,5.5552,7500
ai_faces_1k,topographic,0.5878,0.0706,3.3882,5.9191,8160
ai_faces_1k,topographic,0.5679,0.0118,3.4655,6.076,9151
ai_faces_1k,topographic,0.5974,0.0388,3.3129,5.7326,8072
ai_faces_1k,topographic,0.5668,0.0062,3.4112,5.9404,9328
ai_faces_1k,topographic,0.5849,0.0089,3.3743,5.7949,7974
ai_faces_1k,topographic,0.6232,0.0547,1.7688,5.4142,6885
ai_faces_1k,topographic,0.5728,0.0057,3.1852,5.6273,7401
ai_faces_1k,topographic,0.5917,0.0281,3.2233,5.5267,8062
ai_faces_1k,topographic,0.6109,0.0703,3.0877,5.5207,8155
ai_faces_1k,topographic,0.5845,0.0056,3.3065,5.9623,9033
ai_faces_1k,topographic,0.6346,0.0731,1.4729,4.9662,7250
ai_faces_1k,topographic,0.5946,0.0144,3.4552,6.2079,9860
ai_faces_1k,topographic,0.5795,0.0524,3.2719,5.8552,8321
ai_faces_1k,topographic,0.5795,0.2409,1.8161,4.979,6352
ai_faces_1k,topographic,0.5909,0.1215,3.0115,5.3359,6800
ai_faces_1k,topographic,0.5554,0.0855,1.7041,5.6378,7599
ai_faces_1k,topographic,0.5785,0.0522,3.3762,5.9999,9091
ai_faces_1k,topographic,0.7016,0.0433,1.4266,4.5129,5315
ai_faces_1k,topographic,0.659,0.0729,1.4475,4.9206,6672
ai_faces_1k,topographic,0.5746,0.0297,3.4531,6.003,8799
ai_faces_1k,topographic,0.5797,0.0391,3.3546,5.8934,8689
ai_faces_1k,topographic,0.5929,0.0083,3.3389,5.9034,9139
ai_faces_1k,topographic,0.5987,0.0296,3.4791,6.1664,9502
ai_faces_1k,topographic,0.5786,0.0453,3.27,5.8231,8376
ai_faces_1k,topographic,0.5876,0.0225,3.4788,6.1207,10234
ai_faces_1k,topographic,0.5742,0.0315,3.4139,6.0295,8858
ai_faces_1k,topographic,0.5684,0.2067,1.55,5.1378,6602
ai_faces_1k,topographic,0.5743,0.056,3.3082,6.0327,9099
ai_faces_1k,topographic,0.5575,0.1267,3.0782,6.0009,9680
ai_faces_1k,topographic,0.571,0.0064,3.4227,5.9644,9381
ai_faces_1k,topographic,0.6451,0.1171,1.4833,4.8374,6143
ai_faces_1k,topographic,0.5619,0.1408,3.3225,6.0879,9232
ai_faces_1k,topographic,0.5822,0.0193,3.2139,5.7602,7883
ai_faces_1k,topographic,0.6046,0.0685,3.3116,5.9543,8889
ai_faces_1k,topographic,0.5782,0.0166,3.4616,6.2053,9040
ai_faces_1k,topographic,0.5735,0.0153,3.4531,6.0165,8564
ai_faces_1k,topographic,0.5994,0.0086,3.3863,5.9928,8703
ai_faces_1k,topographic,0.6206,0.1109,1.5779,4.8171,5972
ai_faces_1k,topographic,0.5966,0.0272,3.4131,6.1937,9143
ai_faces_1k,topographic,0.5991,0.1589,1.195,5.0384,6916
ai_faces_1k,topographic,0.5767,0.0063,3.4494,6.1875,10599
ai_faces_1k,topographic,0.5987,0.0959,1.4538,5.1028,6549
ai_faces_1k,topographic,0.6044,0.009,3.4333,6.2222,10331
ai_faces_1k,topographic,0.5792,0.0354,3.4979,6.2449,10035
ai_faces_1k,topographic,0.6022,0.0849,3.1169,5.5463,7354
ai_faces_1k,topographic,0.608,0.0018,3.3215,6.2175,10520
ai_faces_1k,topographic,0.5857,0.0234,3.3691,5.8689,8457
ai_faces_1k,topographic,0.6233,0.0536,3.1253,5.307,6359
ai_faces_1k,topographic,0.6188,0.0103,1.7931,5.7347,8458
ai_faces_1k,topographic,0.6037,0.1137,1.2935,5.4164,7758
ai_faces_1k,topographic,0.5924,0.0167,3.4403,6.2142,10842
ai_faces_1k,topographic,0.6335,0.0028,3.2991,5.5367,6506
ai_faces_1k,topographic,0.5984,0.0559,3.2937,5.6751,7459
ai_faces_1k,topographic,0.6055,0.0235,3.1527,5.3937,7117
ai_faces_1k,topographic,0.5978,0.0168,3.3951,5.9753,8102
ai_faces_1k,topographic,0.6557,0.0133,1.6172,4.8606,6078
ai_faces_1k,topographic,0.5906,0.014,3.3369,5.9711,9282
ai_faces_1k,topographic,0.6257,0.0254,3.2006,5.4672,7669
ai_faces_1k,topographic,0.5226,0.2476,1.8093,5.2793,8126
ai_faces_1k,topographic,0.596,0.0658,3.2772,5.9044,8233
ai_faces_1k,topographic,0.6842,0.0393,2.296,4.3734,5099
ai_faces_1k,topographic,0.6314,0.0639,3.1407,5.4824,7262
ai_faces_1k,topographic,0.559,0.0634,2.9358,5.8898,9108
ai_faces_1k,topographic,0.5964,0.0351,3.3498,6.1046,9107
ai_faces_1k,topographic,0.6658,0.0854,1.0647,4.771,6317
ai_faces_1k,topographic,0.5852,0.0265,3.4386,5.8099,7432
ai_faces_1k,topographic,0.5828,0.0063,3.3971,6.1659,10098
ai_faces_1k,topographic,0.5787,0.0572,3.3182,5.7946,7982
ai_faces_1k,topographic,0.6235,0.16,1.0322,4.7444,6886
ai_faces_1k,topographic,0.5748,0.0554,3.416,5.9513,8828
ai_faces_1k,topographic,0.5945,0.0048,3.3535,5.8156,7877
ai_faces_1k,topographic,0.6083,0.2038,2.0695,4.8678,6714
ai_faces_1k,topographic,0.6033,0.0134,3.3436,5.6871,6918
ai_faces_1k,topographic,0.6585,0.0745,1.8283,4.7862,6009
ai_faces_1k,topographic,0.577,0.1815,1.6043,5.3519,7454
ai_faces_1k,topographic,0.5909,0.0247,3.4085,6.2002,9522
real_faces_1k,topographic,0.6297,0.0073,2.4598,5.7407,8767
real_faces_1k,topographic,0.6598,0.0644,3.0232,5.1048,6610
real_faces_1k,topographic,0.5687,0.0097,3.2491,6.2475,10319
real_faces_1k,topographic,0.5856,0.0099,3.3323,5.9916,8480
real_faces_1k,topographic,0.5899,0.0236,3.3831,5.9426,8732
real_faces_1k,topographic,0.5673,0.152,2.2212,5.4675,7430
real_faces_1k,topographic,0.5681,0.0136,3.3116,6.0159,9170
real_faces_1k,topographic,0.6121,0.0128,1.3901,5.268,6539
real_faces_1k,topographic,0.5672,0.1018,1.3225,5.5124,7382
real_faces_1k,topographic,0.568,0.0829,3.3796,6.2162,10282
real_faces_1k,topographic,0.5893,0.1058,2.4141,5.4288,7695
real_faces_1k,topographic,0.6822,0.0215,1.6011,5.1715,7465
real_faces_1k,topographic,0.5536,0.013,3.355,6.0258,9146
real_faces_1k,topographic,0.5619,0.026,3.3065,5.8378,8265
real_faces_1k,topographic,0.5614,0.1421,3.3516,5.8938,7956
real_faces_1k,topographic,0.6264,0.045,2.1077,5.1429,6351
real_faces_1k,topographic,0.5927,0.0929,2.4519,5.7632,7909
real_faces_1k,topographic,0.5408,0.1798,2.9053,5.8465,9278
real_faces_1k,topographic,0.5856,0.0739,2.9838,5.9252,8454
real_faces_1k,topographic,0.6028,0.1429,2.5404,5.1467,6991
real_faces_1k,topographic,0.5723,0.0296,3.4071,6.1226,9554
real_faces_1k,topographic,0.6009,0.0789,2.7036,5.4822,7928
real_faces_1k,topographic,0.6794,0.0738,1.3482,4.4081,4967
real_faces_1k,topographic,0.7082,0.0149,1.9502,4.9628,6902
real_faces_1k,topographic,0.5688,0.069,3.3195,5.9708,8598
real_faces_1k,topographic,0.5629,0.0892,3.123,5.9992,9540
real_faces_1k,topographic,0.6119,0.0153,2.489,5.1796,6028
real_faces_1k,topographic,0.6303,0.1178,1.316,4.728,5544
real_faces_1k,topographic,0.5713,0.0563,3.4019,5.8731,8132
real_faces_1k,topographic,0.5961,0.0574,3.1052,5.5433,7071
real_faces_1k,topographic,0.5791,0.0122,3.4863,6.1081,8917
real_faces_1k,topographic,0.5819,0.0021,3.4692,6.0056,8020
real_faces_1k,topographic,0.5693,0.0269,3.4524,6.0788,9119
real_faces_1k,topographic,0.6086,0.0945,1.9792,5.2868,7038
real_faces_1k,topographic,0.5738,0.0702,3.0372,5.7295,8086
real_faces_1k,topographic,0.5876,0.0461,3.2797,5.962,8856
real_faces_1k,topographic,0.5609,0.0235,3.1862,5.7033,8072
real_faces_1k,topographic,0.5893,0.0144,3.26,5.929,8651
real_faces_1k,topographic,0.5765,0.0564,3.172,5.806,7401
real_faces_1k,topographic,0.5769,0.0705,3.1607,5.9418,8693
real_faces_1k,topographic,0.6501,0.113,1.2444,4.7756,6010
real_faces_1k,topographic,0.5653,0.0178,3.026,6.0198,8355
real_faces_1k,topographic,0.5848,0.018,3.4591,5.9312,9193
real_faces_1k,topographic,0.5658,0.0609,1.7433,5.7149,8006
real_faces_1k,topographic,0.5203,0.1916,3.1494,5.6469,8137
real_faces_1k,topographic,0.5465,0.1696,1.6086,5.4734,7318
real_faces_1k,topographic,0.5661,0.0002,3.4827,6.2769,10664
real_faces_1k,topographic,0.604,0.0217,3.4276,5.8838,8078
real_faces_1k,topographic,0.5812,0.0146,3.4338,6.4222,10935
real_faces_1k,topographic,0.5808,0.0117,3.2858,5.82,8725
real_faces_1k,topographic,0.5603,0.1346,3.1597,5.7354,7035
real_faces_1k,topographic,0.6258,0.1179,3.1277,4.9915,5626
real_faces_1k,topographic,0.5583,0.0428,3.2532,5.9399,8331
real_faces_1k,topographic,0.5705,0.0953,3.3482,6.0107,10001
real_faces_1k,topographic,0.5844,0.1448,3.0282,5.3448,7488
real_faces_1k,topographic,0.5583,0.0575,3.394,5.9203,7458
real_faces_1k,topographic,0.6164,0.079,1.5537,5.4056,7626
real_faces_1k,topographic,0.5585,0.0104,3.3875,6.0926,9331
real_faces_1k,topographic,0.6054,0.0454,3.3436,5.9499,8886
real_faces_1k,topographic,0.5617,0.0932,3.4349,5.9172,8490
real_faces_1k,topographic,0.5831,0.0732,2.2684,5.55,7758
real_faces_1k,topographic,0.6646,0.0464,2.8458,5.1672,6913
real_faces_1k,topographic,0.5752,0.0572,3.4922,6.1408,8879
real_faces_1k,topographic,0.5911,0.0415,2.9039,5.8356,9146
real_faces_1k,topographic,0.5722,0.1002,3.1668,5.6246,7925
real_faces_1k,topographic,0.5538,0.116,2.3378,5.948,9340
real_faces_1k,topographic,0.6137,0.0271,2.9142,5.8869,9308
real_faces_1k,topographic,0.5786,0.152,1.6647,5.2407,6566
real_faces_1k,topographic,0.5852,0.0278,3.4047,5.8302,7811
real_faces_1k,topographic,0.684,0.0007,1.4447,4.681,5853
real_faces_1k,topographic,0.588,0.0247,3.2678,5.8533,7786
real_faces_1k,topographic,0.611,0.1052,1.8753,5.1984,6914
real_faces_1k,topographic,0.6027,0.0571,3.0956,5.7024,7837
real_faces_1k,topographic,0.6542,0.1528,1.0336,4.5045,5496
real_faces_1k,topographic,0.5785,0.0423,3.4985,6.0557,9405
real_faces_1k,topographic,0.5712,0.0632,1.1595,5.7104,8000
real_faces_1k,topographic,0.7137,0.0128,2.3162,4.934,6141
real_faces_1k,topographic,0.5754,0.0367,3.4349,6.2048,9928
real_faces_1k,topographic,0.5871,0.1123,1.9483,5.5324,7699
real_faces_1k,topographic,0.5704,0.1163,2.482,5.2832,6554
real_faces_1k,topographic,0.6225,0.0086,2.4118,5.689,7727
real_faces_1k,topographic,0.6032,0.0453,3.3369,6.0527,8370
real_faces_1k,topographic,0.5841,0.0381,3.4281,6.1258,8525
real_faces_1k,topographic,0.5601,0.0815,3.1981,5.9679,8664
real_faces_1k,topographic,0.6088,0.0022,3.3497,5.8549,8737
real_faces_1k,topographic,0.5558,0.0135,3.511,6.2709,10294
real_faces_1k,topographic,0.5711,0.069,3.227,5.8219,8233
real_faces_1k,topographic,0.6299,0.0076,2.6484,5.2648,7014
real_faces_1k,topographic,0.5987,0.0036,3.3414,5.7119,8104
real_faces_1k,topographic,0.5536,0.1312,1.5431,5.745,8771
real_faces_1k,topographic,0.5777,0.0304,3.3635,6.2974,11440
real_faces_1k,topographic,0.5624,0.0017,3.364,5.9927,8648
real_faces_1k,topographic,0.6431,0.0289,1.5589,5.4744,7976
real_faces_1k,topographic,0.6415,0.0506,1.5908,5.0838,7181
real_faces_1k,topographic,0.5771,0.0274,3.364,5.9975,8625
real_faces_1k,topographic,0.6303,0.0563,1.7108,5.7866,9392
real_faces_1k,topographic,0.5786,0.0142,3.4242,6.0231,9148
real_faces_1k,topographic,0.695,0.0156,1.2955,5.0677,6557
real_faces_1k,topographic,0.5919,0.0142,3.1081,5.4806,6609
real_faces_1k,topographic,0.5617,0.0753,3.467,6.2103,10299
real_faces_1k,topographic,0.5723,0.0014,3.5344,6.1599,9781
real_faces_1k,topographic,0.6054,0.0392,3.2135,5.5872,7001
real_faces_1k,topographic,0.5848,0.0571,3.3137,5.7417,7467
real_faces_1k,topographic,0.5847,0.0848,2.5715,5.5601,8011
real_faces_1k,topographic,0.5788,0.0032,3.4628,6.1883,9397
real_faces_1k,topographic,0.6028,0.0298,3.3497,5.9373,8495
real_faces_1k,topographic,0.5695,0.0269,2.9441,5.7684,8146
real_faces_1k,topographic,0.5879,0.0503,3.3091,5.8359,8188
real_faces_1k,topographic,0.5695,0.025,3.4357,6.2709,10093
real_faces_1k,topographic,0.5714,0.0446,3.3341,5.7539,8545
real_faces_1k,topographic,0.5813,0.0675,3.3319,5.8665,8510
real_faces_1k,topographic,0.5952,0.0928,3.1383,5.5196,7265
real_faces_1k,topographic,0.5819,0.0739,1.4529,5.2174,6663
real_faces_1k,topographic,0.5794,0.0605,3.3596,6.0,8888
real_faces_1k,topographic,0.5839,0.0097,1.8832,5.8866,8609
real_faces_1k,topographic,0.5544,0.0081,3.3126,6.1121,8760
real_faces_1k,topographic,0.5796,0.0023,3.1378,5.9646,8531
real_faces_1k,topographic,0.6014,0.197,2.2795,5.0278,7234
real_faces_1k,topographic,0.5818,0.0136,3.3027,5.8352,7473
real_faces_1k,topographic,0.5799,0.0006,3.2322,5.8047,8229
real_faces_1k,topographic,0.5677,0.0042,3.4063,5.9719,8455
real_faces_1k,topographic,0.5828,0.0382,3.5087,6.2395,9905
real_faces_1k,topographic,0.5808,0.1822,3.0985,5.1206,6145
real_faces_1k,topographic,0.5779,0.0136,3.4901,6.2273,9916
real_faces_1k,topographic,0.5899,0.0227,3.4507,6.1377,9614
real_faces_1k,topographic,0.6024,0.0119,2.6848,5.7194,8961
real_faces_1k,topographic,0.5597,0.0739,3.4773,6.0894,9231
real_faces_1k,topographic,0.5584,0.0802,3.3175,5.9263,9251
real_faces_1k,topographic,0.5615,0.0933,2.0757,5.9398,8990
real_faces_1k,topographic,0.5812,0.0361,2.9783,5.7371,7781
real_faces_1k,topographic,0.5757,0.0328,2.0324,5.8554,8368
real_faces_1k,topographic,0.5918,0.0228,1.4834,5.4194,7439
real_faces_1k,topographic,0.5646,0.1978,2.4117,5.3833,7408
real_faces_1k,topographic,0.5691,0.0083,3.5048,6.2874,9757
real_faces_1k,topographic,0.6472,0.094,1.439,5.1509,6815
real_faces_1k,topographic,0.5983,0.0391,1.4496,5.4195,7045
real_faces_1k,topographic,0.6005,0.1066,3.239,5.504,7010
real_faces_1k,topographic,0.6372,0.0093,3.155,5.5212,8097
real_faces_1k,topographic,0.6157,0.0377,3.1926,5.583,8104
real_faces_1k,topographic,0.6832,0.0045,1.3972,5.0479,7177
real_faces_1k,topographic,0.542,0.1741,2.74,5.4721,7157
real_faces_1k,topographic,0.568,0.0784,3.1619,5.6159,7623
real_faces_1k,topographic,0.5763,0.0225,3.2016,5.7352,8217
real_faces_1k,topographic,0.5985,0.0362,3.1326,5.5455,7353
real_faces_1k,topographic,0.6532,0.0066,3.3474,6.4407,6444
real_faces_1k,topographic,0.6177,0.0129,3.2646,5.7473,7484
real_faces_1k,topographic,0.7226,0.0475,1.2057,4.2064,5186
real_faces_1k,topographic,0.588,0.0039,3.3579,6.1771,10010
real_faces_1k,topographic,0.6289,0.1089,1.5631,5.0003,6919
real_faces_1k,topographic,0.6014,0.0132,3.3083,5.8503,7878
real_faces_1k,topographic,0.5737,0.148,1.3358,5.5504,7295
real_faces_1k,topographic,0.6296,0.0678,3.2654,5.3917,6144
real_faces_1k,topographic,0.6004,0.0093,3.523,6.1635,9832
real_faces_1k,topographic,0.5758,0.0187,3.3332,5.9819,9655
real_faces_1k,topographic,0.5682,0.1426,1.5164,5.1487,6942
real_faces_1k,topographic,0.5813,0.0591,3.3344,5.9502,8348
real_faces_1k,topographic,0.5818,0.1578,2.6555,5.6803,7975
real_faces_1k,topographic,0.5847,0.0033,3.3271,5.6314,7053
real_faces_1k,topographic,0.5712,0.0024,3.3389,5.8861,8043
real_faces_1k,topographic,0.604,0.1727,1.684,4.9678,6637
real_faces_1k,topographic,0.609,0.0625,3.332,5.9291,10773
real_faces_1k,topographic,0.5967,0.1895,1.4764,4.7893,6217
real_faces_1k,topographic,0.5652,0.068,2.3115,5.9872,8516
real_faces_1k,topographic,0.5781,0.0023,3.303,6.0128,9214
real_faces_1k,topographic,0.5996,0.0603,3.2783,5.6801,7492
real_faces_1k,topographic,0.5761,0.0147,3.5079,6.1559,9373
real_faces_1k,topographic,0.5538,0.0205,3.55,6.1484,9858
real_faces_1k,topographic,0.5217,0.2232,3.3046,5.7438,6410
real_faces_1k,topographic,0.6014,0.0116,3.4316,6.0856,8962
real_faces_1k,topographic,0.5861,0.0855,2.8224,5.8587,9290
real_faces_1k,topographic,0.547,0.0616,1.8263,5.7326,8768
real_faces_1k,topographic,0.5772,0.0316,3.3684,5.8338,7386
real_faces_1k,topographic,0.5801,0.1601,0.5161,5.2535,7023
real_faces_1k,topographic,0.5703,0.0233,3.3409,5.976,9098
real_faces_1k,topographic,0.5523,0.2016,3.1124,5.4588,8247
real_faces_1k,topographic,0.5815,0.0123,3.4125,5.9355,8585
real_faces_1k,topographic,0.5925,0.0484,3.2872,5.6512,8047
real_faces_1k,topographic,0.5636,0.04,3.509,6.0611,8555
real_faces_1k,topographic,0.5816,0.009,3.4131,5.801,7486
real_faces_1k,topographic,0.6396,0.0952,2.4349,4.9119,6374
real_faces_1k,topographic,0.5581,0.051,3.3782,6.0612,9592
real_faces_1k,topographic,0.5763,0.0442,3.468,6.3583,10228
real_faces_1k,topographic,0.5413,0.1794,1.502,5.3258,8117
real_faces_1k,topographic,0.5758,0.0291,3.4642,6.2483,10244
real_faces_1k,topographic,0.5803,0.0015,3.3994,6.1587,10192
real_faces_1k,topographic,0.5874,0.058,3.3832,5.7865,8094
real_faces_1k,topographic,0.5962,0.1069,3.0297,5.3146,6869
real_faces_1k,topographic,0.5938,0.0415,3.3374,5.9008,7601
real_faces_1k,topographic,0.5694,0.0539,3.4585,6.1535,7238
real_faces_1k,topographic,0.5733,0.0374,3.4272,5.8207,7248
real_faces_1k,topographic,0.5712,0.094,2.6851,5.6365,8621
real_faces_1k,topographic,0.5707,0.0573,3.4518,6.0424,9127
real_faces_1k,topographic,0.5653,0.0369,3.1908,5.9307,8926
real_faces_1k,topographic,0.6024,0.0133,2.2793,5.976,9169
real_faces_1k,topographic,0.59,0.0075,3.2622,6.0918,9386
real_faces_1k,topographic,0.58,0.0097,3.454,6.0679,9524
real_faces_1k,topographic,0.5731,0.0622,3.2507,5.7836,8492
real_faces_1k,topographic,0.6415,0.0009,3.174,5.0801,6342
real_faces_1k,topographic,0.5779,0.0355,3.4106,6.0425,8966
real_faces_1k,topographic,0.5677,0.0614,3.4644,6.2474,9689
real_faces_1k,topographic,0.5722,0.0682,3.4017,6.1061,8276
real_faces_1k,topographic,0.5662,0.0716,3.1553,5.8206,8507
real_faces_1k,topographic,0.6402,0.0332,1.53,5.4431,7698
real_faces_1k,topographic,0.5775,0.0144,3.4682,6.1616,9795
real_faces_1k,topographic,0.6132,0.0333,3.013,5.414,6540
real_faces_1k,topographic,0.601,0.0705,1.4059,5.5709,8155
real_faces_1k,topographic,0.5877,0.0518,3.258,5.8611,8408
real_faces_1k,topographic,0.5819,0.0067,3.3335,6.0709,9489
real_faces_1k,topographic,0.6255,0.1069,1.3548,5.1592,7382
real_faces_1k,topographic,0.5829,0.0468,3.3245,6.0193,9120
real_faces_1k,topographic,0.5784,0.0015,3.4402,6.2386,10487
real_faces_1k,topographic,0.5779,0.0362,3.4055,5.873,8508
real_faces_1k,topographic,0.6493,0.1399,2.1972,4.5793,5447
real_faces_1k,topographic,0.5774,0.0772,3.3839,5.9711,8735
real_faces_1k,topographic,0.6041,0.0862,3.1833,5.5715,7699
real_faces_1k,topographic,0.5983,0.056,3.3052,6.0734,8997
real_faces_1k,topographic,0.5871,0.0196,2.8951,5.9593,8721
real_faces_1k,topographic,0.5647,0.0108,3.4209,6.2343,9273
real_faces_1k,topographic,0.594,0.021,3.3067,5.6382,7677
real_faces_1k,topographic,0.5921,0.0393,3.2802,5.8866,8236
real_faces_1k,topographic,0.5987,0.0752,2.4481,5.4632,7865
real_faces_1k,topographic,0.5795,0.0201,2.5743,5.6078,7452
real_faces_1k,topographic,0.5697,0.001,3.3825,5.7711,7524
real_faces_1k,topographic,0.5817,0.0107,3.3796,6.0311,8738
real_faces_1k,topographic,0.5739,0.0132,3.4983,6.1016,8633
real_faces_1k,topographic,0.5921,0.0153,1.7262,5.6445,7317
real_faces_1k,topographic,0.6736,0.0264,1.5273,4.9515,5183
real_faces_1k,topographic,0.6053,0.0357,0.319,5.5124,6974
real_faces_1k,topographic,0.5606,0.0847,3.0997,5.7198,8327
real_faces_1k,topographic,0.5914,0.0169,3.2404,5.8302,7987
real_faces_1k,topographic,0.6293,0.0778,3.1195,5.2078,6545
real_faces_1k,topographic,0.5723,0.0207,1.5038,5.4895,7372
real_faces_1k,topographic,0.6131,0.0255,3.0988,5.768,8218
real_faces_1k,topographic,0.5924,0.0669,1.8533,5.6875,7389
real_faces_1k,topographic,0.5994,0.1118,1.7046,5.361,6956
real_faces_1k,topographic,0.5758,0.0487,1.6148,5.9527,9398
real_faces_1k,topographic,0.5841,0.0455,3.4352,5.9367,8086
real_faces_1k,topographic,0.5792,0.0804,3.3172,5.9151,9219
real_faces_1k,topographic,0.5983,0.0613,3.3212,6.0787,8962
real_faces_1k,topographic,0.6861,0.0017,2.4379,5.161,6667
real_faces_1k,topographic,0.5758,0.0248,3.2647,5.8623,8553
real_faces_1k,topographic,0.5829,0.1269,1.4734,5.4028,6922
real_faces_1k,topographic,0.5717,0.0189,3.249,5.7198,8202
real_faces_1k,topographic,0.595,0.0116,3.1571,5.8331,9563
real_faces_1k,topographic,0.5966,0.0697,3.2256,5.7371,9146
real_faces_1k,topographic,0.5717,0.0201,3.4592,6.0447,8928
real_faces_1k,topographic,0.568,0.0376,3.5037,6.1507,9454
real_faces_1k,topographic,0.5704,0.0152,3.2995,6.099,9192
real_faces_1k,topographic,0.5894,0.0867,1.5317,5.3919,7045
real_faces_1k,topographic,0.5814,0.0372,3.4404,6.1804,10031
real_faces_1k,topographic,0.5935,0.0389,2.5157,5.6658,7878
real_faces_1k,topographic,0.5861,0.0231,3.3904,6.1644,9816
real_faces_1k,topographic,0.5772,0.008,3.3726,5.8456,8205
real_faces_1k,topographic,0.5864,0.0012,3.5011,6.1978,9954
real_faces_1k,topographic,0.5866,0.1013,3.2217,5.569,7196
real_faces_1k,topographic,0.587,0.1028,2.7216,4.911,5657
real_faces_1k,topographic,0.5785,0.0482,3.2031,5.9532,9266
real_faces_1k,topographic,0.5654,0.0855,3.3821,6.0803,8784
real_faces_1k,topographic,0.5858,0.0463,3.4565,6.1794,10010
real_faces_1k,topographic,0.5923,0.0127,3.2017,5.5775,7650
real_faces_1k,topographic,0.6147,0.1624,1.7357,4.7652,6774
real_faces_1k,topographic,0.5772,0.0376,2.7287,5.874,8882
real_faces_1k,topographic,0.5747,0.0267,3.2897,5.8546,7778
real_faces_1k,topographic,0.5631,0.0126,3.2602,5.9645,8489
real_faces_1k,topographic,0.5675,0.0275,2.281,5.2927,7379
real_faces_1k,topographic,0.5538,0.1451,2.8169,5.6749,7774
real_faces_1k,topographic,0.614,0.0376,2.4019,5.1049,5954
real_faces_1k,topographic,0.5775,0.0174,3.394,5.8812,7555
real_faces_1k,topographic,0.5711,0.0178,3.4532,6.1129,9228
real_faces_1k,topographic,0.5859,0.1016,2.4333,5.511,7926
real_faces_1k,topographic,0.5906,0.1457,2.5202,5.1247,7015
real_faces_1k,topographic,0.5885,0.0525,1.6426,5.9089,8582
real_faces_1k,topographic,0.5567,0.0652,3.3444,6.1257,8961
real_faces_1k,topographic,0.5924,0.0524,3.4112,5.9959,7938
real_faces_1k,topographic,0.6621,0.0264,3.079,5.2266,6994
real_faces_1k,topographic,0.5752,0.0797,3.4373,6.1421,9144
real_faces_1k,topographic,0.5753,0.0169,3.3957,6.0001,8561
real_faces_1k,topographic,0.5782,0.1527,0.9719,5.0454,6346
real_faces_1k,topographic,0.578,0.0558,3.3658,6.2004,10442
real_faces_1k,topographic,0.5647,0.0474,3.4989,6.0878,9040
real_faces_1k,topographic,0.5521,0.1316,3.1131,5.7039,7744
real_faces_1k,topographic,0.5606,0.0783,3.3083,6.2146,9680
real_faces_1k,topographic,0.5764,0.0317,3.3067,5.9624,9428
real_faces_1k,topographic,0.5663,0.0619,3.4688,5.979,9428
real_faces_1k,topographic,0.5848,0.0153,3.4273,6.0664,8606
real_faces_1k,topographic,0.5535,0.1155,3.3273,6.0472,8012
real_faces_1k,topographic,0.5452,0.1991,1.4655,5.5219,7949
real_faces_1k,topographic,0.5834,0.0168,3.2114,5.5373,6901
real_faces_1k,topographic,0.5625,0.1451,1.6619,5.3316,7080
real_faces_1k,topographic,0.6962,0.0045,1.465,5.1101,6260
real_faces_1k,topographic,0.6246,0.0052,3.3153,5.6294,7333
real_faces_1k,topographic,0.5806,0.0211,3.3325,5.5566,6540
real_faces_1k,topographic,0.607,0.0548,1.2992,5.264,6752
real_faces_1k,topographic,0.5628,0.0846,3.4514,5.9461,8268
real_faces_1k,topographic,0.5594,0.0103,1.627,5.8943,8254
real_faces_1k,topographic,0.5686,0.151,1.6207,5.5878,7695
real_faces_1k,topographic,0.5984,0.0112,3.3939,5.9856,8542
real_faces_1k,topographic,0.5628,0.0798,3.4116,6.1915,9495
real_faces_1k,topographic,0.5798,0.0133,3.3662,5.7495,7809
real_faces_1k,topographic,0.7628,0.1273,0.2834,3.2526,3706
real_faces_1k,topographic,0.5755,0.0088,2.7397,5.6135,7383
real_faces_1k,topographic,0.6085,0.0198,1.7756,5.4514,6749
real_faces_1k,topographic,0.5667,0.103,3.3268,5.9366,8817
real_faces_1k,topographic,0.6018,0.006,3.4006,5.6775,7051
real_faces_1k,topographic,0.5476,0.1867,1.3817,5.3678,7283
real_faces_1k,topographic,0.5498,0.1408,3.2849,5.9039,7911
real_faces_1k,topographic,0.5823,0.0518,3.3794,6.1112,9193
real_faces_1k,topographic,0.5869,0.1044,2.9692,5.3443,7515
real_faces_1k,topographic,0.58,0.0288,3.4007,6.0902,9647
real_faces_1k,topographic,0.6022,0.0281,3.2395,5.5171,7190
real_faces_1k,topographic,0.5816,0.0233,3.3536,5.8534,8127
real_faces_1k,topographic,0.5815,0.0016,3.3741,5.7102,7306
real_faces_1k,topographic,0.587,0.0164,3.2397,6.0428,8810
real_faces_1k,topographic,0.6202,0.0456,3.2426,5.331,5676
real_faces_1k,topographic,0.5746,0.024,3.5007,6.3758,10255
real_faces_1k,topographic,0.5627,0.1184,1.8604,5.9399,8811
real_faces_1k,topographic,0.6021,0.0071,2.7839,5.6047,7726
real_faces_1k,topographic,0.5872,0.0045,3.2241,5.9628,9509
real_faces_1k,topographic,0.5833,0.003,1.8581,6.043,9273
real_faces_1k,topographic,0.5829,0.0028,3.2736,6.1051,9925
real_faces_1k,topographic,0.5683,0.0556,3.3742,6.088,8038
real_faces_1k,topographic,0.5702,0.0084,3.4969,6.2494,10625
real_faces_1k,topographic,0.5717,0.0424,3.4073,6.0699,8475
real_faces_1k,topographic,0.5755,0.1264,3.262,5.6318,7569
real_faces_1k,topographic,0.5693,0.029,3.3167,6.2764,10617
real_faces_1k,topographic,0.6453,0.0112,3.1538,5.2912,6696
real_faces_1k,topographic,0.5969,0.0938,1.5461,5.7763,8396
real_faces_1k,topographic,0.6335,0.0317,1.4334,5.0721,6272
real_faces_1k,topographic,0.5961,0.1383,1.4295,5.3523,6808
real_faces_1k,topographic,0.6315,0.0229,3.233,5.7122,9326
real_faces_1k,topographic,0.5784,0.028,3.4805,6.1972,9694
real_faces_1k,topographic,0.5911,0.1762,2.7091,5.3348,7086
real_faces_1k,topographic,0.5797,0.0185,3.4422,6.0959,9306
real_faces_1k,topographic,0.6031,0.0517,2.9874,5.6272,7186
real_faces_1k,topographic,0.5674,0.0147,3.3312,5.843,8493
real_faces_1k,topographic,0.6544,0.0236,1.4638,5.2642,7229
real_faces_1k,topographic,0.5824,0.0626,3.2426,5.8209,8023
real_faces_1k,topographic,0.5699,0.0244,3.4542,6.2082,9539
real_faces_1k,topographic,0.5786,0.0449,3.5025,6.3599,11041
real_faces_1k,topographic,0.5648,0.0082,3.4499,6.1985,9378
real_faces_1k,topographic,0.5603,0.1546,3.2005,5.7149,8087
real_faces_1k,topographic,0.6002,0.0757,3.0643,5.2496,6784
real_faces_1k,topographic,0.61,0.039,3.3679,5.8041,8111
real_faces_1k,topographic,0.6236,0.0284,1.5516,5.701,7933
real_faces_1k,topographic,0.5624,0.0196,3.3719,6.0158,8848
real_faces_1k,topographic,0.5815,0.0697,2.0697,5.482,8524
real_faces_1k,topographic,0.5861,0.0275,3.4241,5.9829,8343
real_faces_1k,topographic,0.568,0.1409,2.9647,5.5069,7240
real_faces_1k,topographic,0.5755,0.0343,2.3781,5.7354,8723
real_faces_1k,topographic,0.5704,0.0286,3.4794,6.2758,11309
real_faces_1k,topographic,0.5975,0.0665,3.3669,5.9332,8741
real_faces_1k,topographic,0.5875,0.0325,3.415,5.9741,7783
real_faces_1k,topographic,0.5584,0.1503,1.5372,5.8203,8108
real_faces_1k,topographic,0.607,0.0121,2.817,5.4912,7885
real_faces_1k,topographic,0.5624,0.0171,3.2609,5.6634,7086
real_faces_1k,topographic,0.5829,0.0603,3.3191,5.8692,7856
real_faces_1k,topographic,0.5961,0.0417,3.0686,5.7703,8483
real_faces_1k,topographic,0.5695,0.0072,3.4221,6.0871,9744
real_faces_1k,topographic,0.5908,0.005,3.5261,6.1504,9786
real_faces_1k,topographic,0.5922,0.0985,3.3627,6.1872,10632
real_faces_1k,topographic,0.5936,0.0984,2.7993,5.4442,7482
real_faces_1k,topographic,0.584,0.0006,3.2997,5.8923,8768
real_faces_1k,topographic,0.5968,0.0327,3.3031,5.704,7119
real_faces_1k,topographic,0.5632,0.0242,3.4991,6.283,9947
real_faces_1k,topographic,0.5854,0.2275,2.5891,5.124,7663
real_faces_1k,topographic,0.5811,0.2176,0.7855,5.0061,7256
real_faces_1k,topographic,0.5828,0.0223,3.4406,6.2733,10552
real_faces_1k,topographic,0.5671,0.021,2.5227,6.1223,9446
real_faces_1k,topographic,0.5604,0.1226,1.161,5.1614,6750
real_faces_1k,topographic,0.5988,0.035,3.2251,5.9119,9244
real_faces_1k,topographic,0.5997,0.0527,3.2538,5.5638,6674
real_faces_1k,topographic,0.5648,0.1454,0.8448,5.2938,7054
real_faces_1k,topographic,0.6195,0.0388,3.1223,5.6014,7888
real_faces_1k,topographic,0.5757,0.0586,3.1437,6.034,9442
real_faces_1k,topographic,0.5785,0.0017,3.269,5.9887,8490
real_faces_1k,topographic,0.652,0.0099,1.3862,4.8143,5728
real_faces_1k,topographic,0.5564,0.0961,3.3662,6.075,8213
real_faces_1k,topographic,0.59,0.0053,2.826,5.7387,8134
real_faces_1k,topographic,0.5773,0.0476,3.4795,6.0519,9176
real_faces_1k,topographic,0.5988,0.1483,1.5295,5.1093,6810
real_faces_1k,topographic,0.5644,0.0737,3.1332,5.9211,8829
real_faces_1k,topographic,0.5585,0.0163,3.3388,5.9719,8500
real_faces_1k,topographic,0.6035,0.0149,2.9409,5.4892,7363
real_faces_1k,topographic,0.5798,0.0512,3.2584,5.4339,6653
real_faces_1k,topographic,0.5824,0.0166,3.4504,6.2014,9929
real_faces_1k,topographic,0.6696,0.0166,2.5144,4.8167,5523
real_faces_1k,topographic,0.5773,0.0058,3.5596,6.3126,10358
real_faces_1k,topographic,0.5725,0.0092,3.2923,6.2831,10434
real_faces_1k,topographic,0.5819,0.0554,3.3207,5.8934,9599
real_faces_1k,topographic,0.6123,0.0409,1.6278,5.2267,6630
real_faces_1k,topographic,0.5855,0.1474,1.4725,5.3175,7242
real_faces_1k,topographic,0.6064,0.072,1.5362,5.2013,6612
real_faces_1k,topographic,0.5689,0.045,1.7041,5.8251,8380
real_faces_1k,topographic,0.6506,0.0263,1.6875,5.4697,7877
real_faces_1k,topographic,0.5812,0.031,3.3201,5.796,7662
real_faces_1k,topographic,0.563,0.0586,3.4787,6.0975,9596
real_faces_1k,topographic,0.6055,0.0092,3.4158,6.1263,9449
real_faces_1k,topographic,0.5708,0.0047,3.433,6.1644,9491
real_faces_1k,topographic,0.5788,0.0173,3.4644,6.1377,9851
real_faces_1k,topographic,0.6101,0.014,3.2548,5.9948,8429
real_faces_1k,topographic,0.6037,0.0097,3.3596,5.9352,9659
real_faces_1k,topographic,0.5877,0.0562,3.2515,5.6741,8099
real_faces_1k,topographic,0.5752,0.0507,3.5059,6.0518,9188
real_faces_1k,topographic,0.5677,0.0482,3.4617,6.046,8689
real_faces_1k,topographic,0.6338,0.0796,1.3141,5.1732,6822
real_faces_1k,topographic,0.5718,0.0358,3.3838,6.0263,8331
real_faces_1k,topographic,0.5755,0.0318,3.3677,6.1285,10086
real_faces_1k,topographic,0.5558,0.1134,3.1561,6.0284,8862
real_faces_1k,topographic,0.588,0.0238,3.451,5.9903,8402
real_faces_1k,topographic,0.5581,0.0794,3.3309,5.9841,9992
real_faces_1k,topographic,0.5897,0.1974,1.3729,4.9568,6549
real_faces_1k,topographic,0.5981,0.0545,3.003,5.7284,6570
real_faces_1k,topographic,0.6398,0.0861,1.5095,5.184,7452
real_faces_1k,topographic,0.5902,0.0648,3.2164,6.0069,9091
real_faces_1k,topographic,0.5687,0.1567,3.0159,5.567,7200
real_faces_1k,topographic,0.5759,0.0414,3.5045,6.2685,9774
real_faces_1k,topographic,0.5709,0.0332,3.421,6.1747,10365
real_faces_1k,topographic,0.5617,0.1702,1.8927,5.4122,6872
real_faces_1k,topographic,0.5841,0.0431,3.3124,6.0982,9885
real_faces_1k,topographic,0.6222,0.0166,3.2789,5.9935,8997
real_faces_1k,topographic,0.5865,0.0675,3.3316,5.8696,8130
real_faces_1k,topographic,0.5694,0.0105,3.409,6.018,8710
real_faces_1k,topographic,0.5962,0.0573,3.1075,5.824,8560
real_faces_1k,topographic,0.6245,0.0191,3.2501,5.6452,7108
real_faces_1k,topographic,0.5736,0.0117,2.8569,5.8809,9167
real_faces_1k,topographic,0.608,0.0038,3.2788,5.9218,8779
real_faces_1k,topographic,0.5815,0.0124,3.3519,5.6793,7651
real_faces_1k,topographic,0.5837,0.0657,3.3525,5.9522,8283
real_faces_1k,topographic,0.5679,0.0853,3.2774,5.9488,8684
real_faces_1k,topographic,0.5986,0.0408,3.2841,5.8294,8514
real_faces_1k,topographic,0.5711,0.0204,3.3296,5.6969,7078
real_faces_1k,topographic,0.5855,0.0188,2.9733,5.7963,8685
real_faces_1k,topographic,0.594,0.0251,3.2733,5.9247,8556
real_faces_1k,topographic,0.608,0.0167,3.0928,5.5046,7359
real_faces_1k,topographic,0.6045,0.0455,3.2741,5.6352,7850
real_faces_1k,topographic,0.5868,0.0045,3.4191,5.9309,7831
real_faces_1k,topographic,0.5842,0.0037,3.1039,5.7397,7421
real_faces_1k,topographic,0.5815,0.0509,3.3393,6.0537,8761
real_faces_1k,topographic,0.7033,0.0492,2.468,4.8647,5392
real_faces_1k,topographic,0.5668,0.0776,3.4363,5.948,8701
real_faces_1k,topographic,0.558,0.0265,3.2976,5.9955,8921
real_faces_1k,topographic,0.5681,0.0039,3.432,6.1799,9547
real_faces_1k,topographic,0.6164,0.0027,3.3624,5.9467,8731
real_faces_1k,topographic,0.5928,0.0408,2.8753,5.6827,8157
real_faces_1k,topographic,0.5728,0.0629,3.4432,6.245,9763
real_faces_1k,topographic,0.5964,0.0041,3.4393,6.259,9857
real_faces_1k,topographic,0.5988,0.1202,1.3502,5.6427,8918
real_faces_1k,topographic,0.5459,0.0885,3.3825,5.9262,9713
real_faces_1k,topographic,0.6118,0.1237,1.5101,5.0983,6851
real_faces_1k,topographic,0.5941,0.1046,1.6851,5.3582,6817
real_faces_1k,topographic,0.6003,0.0286,3.3655,5.7954,7947
real_faces_1k,topographic,0.5709,0.0087,3.4233,6.1136,9162
real_faces_1k,topographic,0.6209,0.0056,2.4415,5.6248,7712
real_faces_1k,topographic,0.5825,0.0627,3.3007,5.8715,8124
real_faces_1k,topographic,0.5762,0.0101,3.1962,6.1966,10039
real_faces_1k,topographic,0.634,0.0011,2.7675,5.2889,7897
real_faces_1k,topographic,0.5698,0.0891,2.0693,5.4311,7776
real_faces_1k,topographic,0.5751,0.0309,2.7052,5.4632,6079
real_faces_1k,topographic,0.6156,0.0055,2.889,5.496,7918
real_faces_1k,topographic,0.5979,0.0154,2.9965,5.5461,6889
real_faces_1k,topographic,0.5867,0.0285,3.4075,6.0661,8836
real_faces_1k,topographic,0.5834,0.0376,3.4034,6.1581,9865
real_faces_1k,topographic,0.5393,0.1039,3.0677,5.7542,7722
real_faces_1k,topographic,0.5667,0.1012,3.424,6.2345,8522
real_faces_1k,topographic,0.5618,0.1119,3.4196,6.2303,10202
real_faces_1k,topographic,0.5724,0.079,3.3444,6.0177,9501
real_faces_1k,topographic,0.591,0.0285,3.3235,5.8698,10175
real_faces_1k,topographic,0.5675,0.0012,3.3173,5.6563,7914
real_faces_1k,topographic,0.5661,0.0162,3.5148,6.3027,10156
real_faces_1k,topographic,0.5824,0.0694,3.2352,5.7753,7493
real_faces_1k,topographic,0.5812,0.0276,3.4975,6.1265,9301
real_faces_1k,topographic,0.6393,0.046,2.9591,5.1086,6636
real_faces_1k,topographic,0.5678,0.0582,2.87,6.051,10338
real_faces_1k,topographic,0.5879,0.0696,2.9007,5.8835,8946
real_faces_1k,topographic,0.5677,0.046,3.4399,6.1482,9017
real_faces_1k,topographic,0.5894,0.1532,2.5435,5.5765,7651
real_faces_1k,topographic,0.5635,0.0651,1.5635,5.6233,8135
real_faces_1k,topographic,0.5756,0.0299,3.4158,6.0865,9201
real_faces_1k,topographic,0.5758,0.0201,3.3211,5.8863,8501
real_faces_1k,topographic,0.5416,0.2793,0.65,5.0501,7660
real_faces_1k,topographic,0.7299,0.0199,1.3393,4.6942,5856
real_faces_1k,topographic,0.5765,0.052,2.1614,5.7705,7786
real_faces_1k,topographic,0.5686,0.0081,3.4498,6.2264,10326
real_faces_1k,topographic,0.5505,0.1155,1.6108,5.5968,8273
real_faces_1k,topographic,0.5756,0.009,3.3366,6.1078,9608
real_faces_1k,topographic,0.5907,0.0201,2.6783,5.5629,7815
real_faces_1k,topographic,0.5691,0.0872,3.3545,5.8419,8475
real_faces_1k,topographic,0.5821,0.0656,3.273,5.8185,7855
real_faces_1k,topographic,0.5904,0.0034,3.3569,6.0559,8458
real_faces_1k,topographic,0.605,0.0738,3.2141,5.3452,6738
real_faces_1k,topographic,0.5842,0.0129,3.1768,5.6351,8519
real_faces_1k,topographic,0.5607,0.2593,1.4091,4.9591,6378
real_faces_1k,topographic,0.5626,0.0574,3.2035,5.8817,8653
real_faces_1k,topographic,0.5611,0.1164,3.3421,5.9393,7893
real_faces_1k,topographic,0.6022,0.0191,3.3445,5.9118,8893
real_faces_1k,topographic,0.5866,0.045,3.4683,6.0374,8039
real_faces_1k,topographic,0.5768,0.0043,3.3314,5.9625,8530
real_faces_1k,topographic,0.5637,0.114,3.2408,5.7801,7367
real_faces_1k,topographic,0.5665,0.0607,3.3963,6.0346,8527
real_faces_1k,topographic,0.5721,0.0437,3.5262,6.2617,9213
real_faces_1k,topographic,0.5618,0.0806,3.3263,5.9494,8905
real_faces_1k,topographic,0.58,0.0511,3.1086,5.768,8846
real_faces_1k,topographic,0.5777,0.0341,2.6118,5.9439,8455
real_faces_1k,topographic,0.5823,0.0307,3.4308,5.8107,8196
real_faces_1k,topographic,0.6128,0.0573,2.9849,5.3436,6878
real_faces_1k,topographic,0.5964,0.0271,3.0314,5.9141,8469
real_faces_1k,topographic,0.5563,0.0244,1.7032,6.1187,9493
real_faces_1k,topographic,0.5669,0.0223,3.3735,5.8704,8196
real_faces_1k,topographic,0.5847,0.0342,3.4978,6.139,10368
real_faces_1k,topographic,0.5691,0.0262,3.0399,5.952,8941
real_faces_1k,topographic,0.6365,0.0245,1.5539,5.4386,6981
real_faces_1k,topographic,0.5791,0.0367,3.3163,5.7537,8217
real_faces_1k,topographic,0.6059,0.0066,3.2178,5.6844,8440
real_faces_1k,topographic,0.5851,0.0408,3.3501,5.9467,8593
real_faces_1k,topographic,0.5663,0.0288,3.3815,6.1445,9252
real_faces_1k,topographic,0.5732,0.0094,3.3707,6.1161,9672
real_faces_1k,topographic,0.5656,0.1861,2.5846,5.5764,6703
real_faces_1k,topographic,0.5782,0.0564,3.4244,6.175,10001
real_faces_1k,topographic,0.6157,0.0798,2.83,5.67,8202
real_faces_1k,topographic,0.5628,0.0965,3.4602,6.0881,8624
real_faces_1k,topographic,0.5352,0.2383,1.3546,5.5084,9487
real_faces_1k,topographic,0.5683,0.0234,3.527,6.2817,10014
real_faces_1k,topographic,0.5709,0.0035,3.4667,6.1282,10192
real_faces_1k,topographic,0.659,0.0847,1.3922,4.9693,6704
real_faces_1k,topographic,0.5929,0.006,3.3215,5.7085,7611
real_faces_1k,topographic,0.5857,0.0647,3.4815,6.0305,9531
real_faces_1k,topographic,0.6305,0.0652,1.7215,5.2088,7191
real_faces_1k,topographic,0.6313,0.0904,1.565,5.2749,7211
real_faces_1k,topographic,0.5781,0.0026,3.3811,6.1945,9795
real_faces_1k,topographic,0.5412,0.1112,1.5234,5.729,8317
real_faces_1k,topographic,0.5625,0.0843,2.588,5.5144,7401
real_faces_1k,topographic,0.6337,0.0086,1.7404,5.0783,6061
real_faces_1k,topographic,0.5827,0.0509,1.7673,5.4935,6986
real_faces_1k,topographic,0.617,0.0506,3.2468,5.4446,6691
real_faces_1k,topographic,0.6136,0.0292,2.4971,5.8125,8920
real_faces_1k,topographic,0.5928,0.0358,2.7758,5.8182,8178
real_faces_1k,topographic,0.5583,0.0071,3.4752,6.1337,9544
real_faces_1k,topographic,0.6305,0.0164,1.6971,5.2174,6946
real_faces_1k,topographic,0.5761,0.0061,3.5379,6.3239,11312
real_faces_1k,topographic,0.5784,0.0992,2.9209,5.6397,7900
real_faces_1k,topographic,0.6683,0.0636,2.7004,4.8045,5998
real_faces_1k,topographic,0.5995,0.0263,3.3163,5.6646,6597
real_faces_1k,topographic,0.5695,0.0658,3.4101,6.1249,9917
real_faces_1k,topographic,0.5856,0.0378,3.4856,6.0949,9792
real_faces_1k,topographic,0.5649,0.1732,2.4172,5.6655,7689
real_faces_1k,topographic,0.6348,0.1142,1.5038,4.9567,6533
real_faces_1k,topographic,0.6243,0.0227,3.1051,5.5884,6372
real_faces_1k,topographic,0.5501,0.1658,3.2106,5.6328,8263
real_faces_1k,topographic,0.6162,0.0473,2.6782,5.316,7043
real_faces_1k,topographic,0.6117,0.0225,3.217,5.7299,8531
real_faces_1k,topographic,0.5356,0.2504,2.0335,5.354,8445
real_faces_1k,topographic,0.5796,0.0088,3.3118,5.9807,8847
real_faces_1k,topographic,0.5885,0.0404,3.331,6.2089,10950
real_faces_1k,topographic,0.5953,0.0533,3.3519,5.7015,7031
real_faces_1k,topographic,0.5699,0.1208,1.7077,5.7061,8021
real_faces_1k,topographic,0.551,0.0809,3.4082,5.9399,8758
real_faces_1k,topographic,0.6072,0.0596,3.1986,5.5062,6404
real_faces_1k,topographic,0.5824,0.0665,3.2366,5.8173,8683
real_faces_1k,topographic,0.5843,0.0419,2.7364,5.6927,8090
real_faces_1k,topographic,0.5625,0.0242,3.4336,6.1093,8590
real_faces_1k,topographic,0.5998,0.0033,3.3778,6.0539,8799
real_faces_1k,topographic,0.5865,0.015,3.3197,6.0572,9467
real_faces_1k,topographic,0.5991,0.0148,2.9903,5.2987,6393
real_faces_1k,topographic,0.6057,0.0098,3.3373,6.0117,8649
real_faces_1k,topographic,0.5679,0.0056,3.4471,6.088,8404
real_faces_1k,topographic,0.6276,0.0492,1.5011,5.2199,6557
real_faces_1k,topographic,0.574,0.0005,3.1341,5.901,9005
real_faces_1k,topographic,0.633,0.0346,1.5648,5.3472,7056
real_faces_1k,topographic,0.606,0.0626,2.4351,5.7088,8140
real_faces_1k,topographic,0.5894,0.015,3.4774,5.9285,8255
real_faces_1k,topographic,0.593,0.1382,1.3824,5.1736,6631
real_faces_1k,topographic,0.6292,0.0837,2.667,5.2966,6424
real_faces_1k,topographic,0.6107,0.0488,1.5941,5.3755,6710
real_faces_1k,topographic,0.5849,0.0235,3.3488,6.1949,10319
real_faces_1k,topographic,0.5244,0.1602,3.2822,5.9735,9234
real_faces_1k,topographic,0.5836,0.1231,3.1808,5.8217,7615
real_faces_1k,topographic,0.5734,0.0392,3.3105,5.9117,8564
real_faces_1k,topographic,0.5673,0.0444,3.4148,5.953,7411
real_faces_1k,topographic,0.5878,0.0004,3.3937,5.9742,8601
real_faces_1k,topographic,0.6159,0.1299,0.2121,4.7963,6599
real_faces_1k,topographic,0.6075,0.0743,1.5942,5.6054,9099
real_faces_1k,topographic,0.5869,0.0701,3.3521,5.7633,7337
real_faces_1k,topographic,0.5576,0.0877,3.319,5.9178,9009
real_faces_1k,topographic,0.5893,0.0127,3.5369,6.1478,8816
real_faces_1k,topographic,0.6171,0.0264,3.3186,5.6009,7459
real_faces_1k,topographic,0.5789,0.0245,3.4766,6.3155,10698
real_faces_1k,topographic,0.5808,0.0364,3.2825,5.9386,9397
real_faces_1k,topographic,0.5605,0.0051,3.3585,6.0796,8785
real_faces_1k,topographic,0.5917,0.027,3.4098,6.2346,11727
real_faces_1k,topographic,0.576,0.087,1.3907,5.7619,9113
real_faces_1k,topographic,0.5764,0.0153,3.2597,5.9188,8698
real_faces_1k,topographic,0.5829,0.0541,2.9466,5.5293,7798
real_faces_1k,topographic,0.5713,0.0669,3.412,6.114,9232
real_faces_1k,topographic,0.6073,0.0542,3.3092,6.0217,9629
real_faces_1k,topographic,0.5797,0.0657,2.4244,5.8145,7928
real_faces_1k,topographic,0.5681,0.0401,3.3416,5.9148,8050
real_faces_1k,topographic,0.5726,0.0408,2.9634,6.0391,8469
real_faces_1k,topographic,0.5819,0.0729,3.3307,5.7272,7573
real_faces_1k,topographic,0.5515,0.091,3.0114,6.0705,9608
real_faces_1k,topographic,0.5877,0.0128,2.6038,5.6473,7492
real_faces_1k,topographic,0.6041,0.008,3.4306,6.2069,10182
real_faces_1k,topographic,0.5749,0.0404,3.3408,5.9689,8979
real_faces_1k,topographic,0.6051,0.0496,1.7067,5.8061,7649
real_faces_1k,topographic,0.594,0.0098,2.5531,5.7641,8069
real_faces_1k,topographic,0.6113,0.0042,1.5686,5.9704,9321
real_faces_1k,topographic,0.6022,0.002,2.0133,5.4876,8284
real_faces_1k,topographic,0.5698,0.0748,3.4219,6.2423,10173
real_faces_1k,topographic,0.5891,0.048,3.4307,6.0308,8865
real_faces_1k,topographic,0.5769,0.0728,3.1962,5.8336,8419
real_faces_1k,topographic,0.6022,0.0163,1.8761,5.8514,9068
real_faces_1k,topographic,0.5772,0.0211,3.3745,6.0663,9109
real_faces_1k,topographic,0.5718,0.1012,2.7234,5.7553,7112
real_faces_1k,topographic,0.6264,0.0191,3.2268,5.7827,8650
real_faces_1k,topographic,0.5807,0.0109,3.3387,6.031,8233
real_faces_1k,topographic,0.5828,0.0557,3.1415,5.9415,9160
real_faces_1k,topographic,0.5578,0.043,2.8872,5.8656,9969
real_faces_1k,topographic,0.5986,0.1362,1.753,5.2225,7533
real_faces_1k,topographic,0.6059,0.1003,2.4574,5.248,5951
real_faces_1k,topographic,0.5711,0.0546,3.2842,5.9172,8350
real_faces_1k,topographic,0.6311,0.0217,1.6668,5.4829,6545
real_faces_1k,topographic,0.6463,0.0031,3.1087,5.3893,7080
real_faces_1k,topographic,0.5931,0.0205,3.4691,6.0079,8390
real_faces_1k,topographic,0.5836,0.0333,3.2579,5.7682,8271
real_faces_1k,topographic,0.6045,0.0141,3.289,5.8809,8495
real_faces_1k,topographic,0.5798,0.1089,3.2493,5.7575,8768
real_faces_1k,topographic,0.593,0.0239,3.4287,6.206,9567
real_faces_1k,topographic,0.5769,0.0004,3.3223,5.7497,7142
real_faces_1k,topographic,0.587,0.0233,3.1582,5.6226,7369
real_faces_1k,topographic,0.5752,0.0761,2.7182,5.8943,7159
real_faces_1k,topographic,0.6265,0.0239,2.9046,5.6857,7226
real_faces_1k,topographic,0.5584,0.0686,1.5354,5.5346,7312
real_faces_1k,topographic,0.566,0.0199,3.3269,6.0018,8322
real_faces_1k,topographic,0.558,0.083,3.417,6.2247,9908
real_faces_1k,topographic,0.6471,0.0278,1.7016,5.1754,6379
real_faces_1k,topographic,0.5832,0.0522,3.3182,6.06,9396
real_faces_1k,topographic,0.58,0.0538,1.7652,5.4719,7062
real_faces_1k,topographic,0.5545,0.012,2.4674,6.019,9568
real_faces_1k,topographic,0.5617,0.0037,2.5217,6.0926,9292
real_faces_1k,topographic,0.5772,0.0531,3.4061,6.0113,7985
real_faces_1k,topographic,0.6301,0.0833,2.8607,5.1393,6038
real_faces_1k,topographic,0.5804,0.041,3.518,6.0547,10005
real_faces_1k,topographic,0.5712,0.0643,3.3853,6.0236,7938
real_faces_1k,topographic,0.5704,0.0594,1.5941,5.8754,8118
real_faces_1k,topographic,0.5848,0.0969,1.1872,5.6558,7084
real_faces_1k,topographic,0.5822,0.0791,1.1694,5.5646,7883
real_faces_1k,topographic,0.5745,0.0618,3.2575,5.7801,8215
real_faces_1k,topographic,0.5814,0.0212,3.4872,6.4059,11018
real_faces_1k,topographic,0.6521,0.0002,2.7039,4.9569,6201
real_faces_1k,topographic,0.5576,0.0989,3.4175,5.9511,9196
real_faces_1k,topographic,0.5981,0.0258,3.259,5.6316,7499
real_faces_1k,topographic,0.5927,0.0128,3.335,6.0075,8212
real_faces_1k,topographic,0.5692,0.0364,3.483,6.3104,9571
real_faces_1k,topographic,0.5742,0.0325,3.4128,6.1728,10778
real_faces_1k,topographic,0.5794,0.0304,1.6872,5.8476,8751
real_faces_1k,topographic,0.5728,0.0999,3.2967,6.0117,9317
real_faces_1k,topographic,0.5746,0.0173,3.3853,6.0145,8680
real_faces_1k,topographic,0.5905,0.0161,3.3894,5.8555,7928
real_faces_1k,topographic,0.5971,0.0129,3.2059,5.9366,8836
real_faces_1k,topographic,0.5668,0.0847,3.4263,6.0782,8157
real_faces_1k,topographic,0.6304,0.2307,0.5184,4.0215,4758
real_faces_1k,topographic,0.5868,0.0039,3.2132,5.9419,8474
real_faces_1k,topographic,0.6027,0.0318,3.158,5.6134,7703
real_faces_1k,topographic,0.5976,0.0856,2.455,5.7373,8075
real_faces_1k,topographic,0.6016,0.002,3.3155,6.0605,9041
real_faces_1k,topographic,0.5938,0.2788,1.216,4.5673,6703
real_faces_1k,topographic,0.6053,0.0934,2.9881,5.424,6738
real_faces_1k,topographic,0.5409,0.0874,2.7723,5.7588,8189
real_faces_1k,topographic,0.6268,0.0433,3.3344,5.7587,7882
real_faces_1k,topographic,0.5757,0.0631,3.4474,6.1167,8768
real_faces_1k,topographic,0.6382,0.0116,1.3842,5.1171,6759
real_faces_1k,topographic,0.5597,0.072,2.8604,5.9086,8541
real_faces_1k,topographic,0.6243,0.0529,1.8047,5.4751,7412
real_faces_1k,topographic,0.6046,0.147,1.4481,5.0749,6925
real_faces_1k,topographic,0.6355,0.0539,1.5289,5.3213,7075
real_faces_1k,topographic,0.5857,0.0523,3.4593,6.1984,9270
real_faces_1k,topographic,0.5684,0.0744,3.4349,6.0646,8180
real_faces_1k,topographic,0.5741,0.0478,3.2804,5.82,8706
real_faces_1k,topographic,0.6299,0.1285,2.4985,4.9858,6725
real_faces_1k,topographic,0.6333,0.0567,1.315,5.0314,6413
real_faces_1k,topographic,0.6018,0.0829,3.2135,5.5784,7876
real_faces_1k,topographic,0.5586,0.0103,3.3202,5.9003,8534
real_faces_1k,topographic,0.5808,0.0048,3.3776,6.162,9296
real_faces_1k,topographic,0.5996,0.0136,3.3333,5.7968,7826
real_faces_1k,topographic,0.5578,0.1295,3.3316,5.9563,8548
real_faces_1k,topographic,0.6012,0.1781,1.4819,4.571,5541
real_faces_1k,topographic,0.575,0.0281,3.4921,6.38,11604
real_faces_1k,topographic,0.5938,0.0444,3.3084,5.7473,7814
real_faces_1k,topographic,0.5863,0.0601,3.2672,6.0241,8791
real_faces_1k,topographic,0.5901,0.0343,3.4206,6.1151,9419
real_faces_1k,topographic,0.5765,0.0431,3.2761,5.8809,8263
real_faces_1k,topographic,0.5598,0.0102,3.537,6.2243,10602
real_faces_1k,topographic,0.5657,0.1028,3.363,5.9811,8828
real_faces_1k,topographic,0.5997,0.0179,3.2952,6.0247,8323
real_faces_1k,topographic,0.5957,0.0656,2.912,6.0175,7550
real_faces_1k,topographic,0.6015,0.0391,1.669,5.4674,7220
real_faces_1k,topographic,0.5992,0.0907,1.2382,5.5826,7546
real_faces_1k,topographic,0.6207,0.0462,1.746,5.4167,7064
real_faces_1k,topographic,0.6062,0.0128,3.3756,6.0782,9590
real_faces_1k,topographic,0.5726,0.0059,3.4395,6.0684,9147
real_faces_1k,topographic,0.5594,0.0651,3.3286,5.6478,8145
real_faces_1k,topographic,0.589,0.0143,3.3722,6.234,9980
real_faces_1k,topographic,0.591,0.0384,3.2815,5.9296,8236
real_faces_1k,topographic,0.5811,0.0932,2.2801,5.4532,7435
real_faces_1k,topographic,0.5844,0.0014,3.4153,6.0126,8945
real_faces_1k,topographic,0.5725,0.0693,3.4228,6.1316,9429
real_faces_1k,topographic,0.5795,0.0281,1.7407,5.8249,8459
real_faces_1k,topographic,0.5768,0.025,3.4774,6.1203,9526
real_faces_1k,topographic,0.5712,0.0278,3.4711,6.1901,9345
real_faces_1k,topographic,0.5678,0.0657,3.4224,6.0372,8663
real_faces_1k,topographic,0.6403,0.1055,1.7921,4.9201,6278
real_faces_1k,topographic,0.5673,0.1129,2.5845,5.7778,8315
real_faces_1k,topographic,0.5848,0.0225,3.472,6.3306,9671
real_faces_1k,topographic,0.5705,0.0255,3.3659,6.2163,9865
real_faces_1k,topographic,0.5788,0.0157,3.2498,5.8926,7906
real_faces_1k,topographic,0.673,0.042,2.7602,5.2508,7705
real_faces_1k,topographic,0.5668,0.1163,3.0332,5.798,8581
real_faces_1k,topographic,0.5731,0.1093,3.3651,6.127,9134
real_faces_1k,topographic,0.5521,0.1526,2.5347,5.1225,6990
real_faces_1k,topographic,0.5779,0.0434,3.3417,6.1289,9810
real_faces_1k,topographic,0.6102,0.1039,1.6164,5.3354,7232
real_faces_1k,topographic,0.5816,0.0398,3.3009,5.9933,8877
real_faces_1k,topographic,0.5616,0.0614,3.3406,6.2114,10604
real_faces_1k,topographic,0.5848,0.0008,3.3183,5.9841,9749
real_faces_1k,topographic,0.5737,0.0564,3.3955,5.899,8131
real_faces_1k,topographic,0.6015,0.0866,3.2039,5.5218,7403
real_faces_1k,topographic,0.5702,0.115,1.3531,5.379,7185
real_faces_1k,topographic,0.6245,0.0573,3.2989,5.6017,7106
real_faces_1k,topographic,0.578,0.0672,2.7577,5.6128,7300
real_faces_1k,topographic,0.5806,0.0079,2.7807,5.8914,8142
real_faces_1k,topographic,0.5786,0.0213,3.4863,6.1364,8631
real_faces_1k,topographic,0.5862,0.033,3.2641,5.5555,7107
real_faces_1k,topographic,0.6202,0.019,2.6522,5.9063,9319
real_faces_1k,topographic,0.5919,0.1103,2.5383,5.3886,6424
real_faces_1k,topographic,0.6127,0.048,3.243,5.9573,9230
real_faces_1k,topographic,0.6263,0.0468,1.5906,5.0927,6113
real_faces_1k,topographic,0.6028,0.006,1.4596,5.7068,8693
real_faces_1k,topographic,0.5868,0.0378,3.0981,5.7303,7633
real_faces_1k,topographic,0.5874,0.0021,3.1983,5.4693,6617
real_faces_1k,topographic,0.5701,0.1453,2.5782,5.6296,7419
real_faces_1k,topographic,0.5908,0.0951,1.6706,5.3351,6650
real_faces_1k,topographic,0.5924,0.069,1.63,5.8434,8080
real_faces_1k,topographic,0.5801,0.0007,3.3334,5.8844,8995
real_faces_1k,topographic,0.5681,0.1118,2.9692,5.6219,8236
real_faces_1k,topographic,0.589,0.1644,2.3064,5.1203,7019
real_faces_1k,topographic,0.5712,0.0173,3.3173,5.8338,8455
real_faces_1k,topographic,0.5588,0.0365,3.4641,6.199,9774
real_faces_1k,topographic,0.5566,0.0261,3.5316,6.0648,8916
real_faces_1k,topographic,0.5771,0.0374,2.1496,5.9953,9084
real_faces_1k,topographic,0.6106,0.0062,2.8865,5.3846,7082
real_faces_1k,topographic,0.5718,0.0044,3.4964,6.2163,9280
real_faces_1k,topographic,0.5949,0.0092,3.2884,5.9225,8979
real_faces_1k,topographic,0.629,0.042,2.4033,5.4772,7733
real_faces_1k,topographic,0.5598,0.0381,2.9641,6.0135,10329
real_faces_1k,topographic,0.5495,0.1071,3.3985,6.1106,9275
real_faces_1k,topographic,0.5889,0.0418,1.8636,5.734,8658
real_faces_1k,topographic,0.5689,0.0565,3.4436,5.9956,8138
real_faces_1k,topographic,0.5735,0.0527,3.3863,6.1254,9465
real_faces_1k,topographic,0.568,0.0655,3.2682,5.8191,8832
real_faces_1k,topographic,0.5699,0.0655,3.4325,5.9451,8418
real_faces_1k,topographic,0.5736,0.0032,3.4265,6.1553,9583
real_faces_1k,topographic,0.5566,0.1436,1.3573,5.6411,8189
real_faces_1k,topographic,0.5476,0.078,2.8309,5.5784,7344
real_faces_1k,topographic,0.5709,0.0917,1.6402,5.9927,8908
real_faces_1k,topographic,0.5541,0.1086,3.38,6.1934,9605
real_faces_1k,topographic,0.6013,0.0398,1.5813,5.3797,7793
real_faces_1k,topographic,0.5721,0.1612,1.1439,5.3529,7663
real_faces_1k,topographic,0.681,0.0203,1.5678,4.7277,5451
real_faces_1k,topographic,0.5699,0.0482,3.3326,5.8445,8005
real_faces_1k,topographic,0.5823,0.0586,3.4341,6.1162,9238
real_faces_1k,topographic,0.5715,0.0034,3.4469,5.9325,7636
real_faces_1k,topographic,0.5675,0.0137,3.4726,5.9566,7625
real_faces_1k,topographic,0.6054,0.1179,1.3677,5.3135,7157
real_faces_1k,topographic,0.5814,0.1057,3.1129,5.4716,6611
real_faces_1k,topographic,0.6782,0.0612,1.7586,4.7271,6198
real_faces_1k,topographic,0.5942,0.0814,2.6456,5.3196,6609
real_faces_1k,topographic,0.6114,0.0168,2.565,5.6889,7865
real_faces_1k,topographic,0.569,0.063,1.6688,5.9794,9589
real_faces_1k,topographic,0.568,0.0037,3.3833,5.995,8715
real_faces_1k,topographic,0.6163,0.1671,1.4475,4.9517,6836
real_faces_1k,topographic,0.5715,0.0764,1.6697,5.8377,8922
real_faces_1k,topographic,0.6516,0.065,2.8484,5.3377,8474
real_faces_1k,topographic,0.5711,0.0116,3.3755,5.8903,8174
real_faces_1k,topographic,0.5776,0.0267,3.3685,5.9239,8929
real_faces_1k,topographic,0.675,0.0949,1.2328,4.7178,6328
real_faces_1k,topographic,0.5787,0.015,3.4414,6.0799,8603
real_faces_1k,topographic,0.5865,0.0121,3.4277,6.0821,9407
real_faces_1k,topographic,0.5922,0.0121,2.819,5.6223,7936
real_faces_1k,topographic,0.6268,0.1061,2.8855,5.0653,6804
real_faces_1k,topographic,0.6364,0.0,2.2088,5.3538,7867
real_faces_1k,topographic,0.582,0.0001,3.4653,6.1147,9518
real_faces_1k,topographic,0.5735,0.048,3.4098,5.9513,7949
real_faces_1k,topographic,0.5822,0.1709,1.456,5.0687,6704
real_faces_1k,topographic,0.624,0.0692,2.7552,5.4306,7538
real_faces_1k,topographic,0.5644,0.1305,3.4346,6.0566,8527
real_faces_1k,topographic,0.5809,0.0087,2.9085,5.634,7064
real_faces_1k,topographic,0.5713,0.0796,3.2918,5.9824,8990
real_faces_1k,topographic,0.5895,0.0124,3.3295,5.8988,8259
real_faces_1k,topographic,0.5438,0.1017,2.1991,5.6621,7727
real_faces_1k,topographic,0.5707,0.0528,3.3721,5.7346,7378
real_faces_1k,topographic,0.641,0.0182,3.1434,5.4361,6829
real_faces_1k,topographic,0.5768,0.0142,3.3628,5.9504,9148
real_faces_1k,topographic,0.6112,0.0724,3.2314,5.745,8508
real_faces_1k,topographic,0.619,0.0136,3.3409,5.8729,6907
real_faces_1k,topographic,0.5594,0.1608,3.3605,6.1664,9170
real_faces_1k,topographic,0.5875,0.0351,3.3317,5.9859,8445
real_faces_1k,topographic,0.5773,0.0776,2.6149,5.7774,8106
real_faces_1k,topographic,0.6285,0.0815,1.2806,4.7495,5507
real_faces_1k,topographic,0.5895,0.0733,3.0571,5.3603,6787
real_faces_1k,topographic,0.6207,0.015,3.1577,5.5398,7799
real_faces_1k,topographic,0.5687,0.0985,3.2668,5.8183,8964
real_faces_1k,topographic,0.5658,0.0209,3.374,5.9803,8944
real_faces_1k,topographic,0.5866,0.0164,3.2827,5.7958,7617
real_faces_1k,topographic,0.5814,0.0306,3.2855,5.7049,7655
real_faces_1k,topographic,0.5762,0.0507,3.309,5.9985,8689
real_faces_1k,topographic,0.5786,0.0836,3.2941,6.0315,9057
real_faces_1k,topographic,0.5791,0.0247,3.4327,6.1234,10316
real_faces_1k,topographic,0.5813,0.0141,3.2971,6.0149,8862
real_faces_1k,topographic,0.5508,0.0105,1.8741,5.8443,7950
real_faces_1k,topographic,0.5655,0.1061,3.36,6.1768,9760
real_faces_1k,topographic,0.5912,0.084,3.2014,5.4445,7194
real_faces_1k,topographic,0.6265,0.0917,1.4076,5.0081,6580
real_faces_1k,topographic,0.5907,0.0799,3.2506,5.6868,7188
real_faces_1k,topographic,0.6664,0.0669,1.5762,4.9007,6400
real_faces_1k,topographic,0.5827,0.0473,3.2128,5.808,7791
real_faces_1k,topographic,0.5627,0.0272,3.4188,5.9354,7975
real_faces_1k,topographic,0.6221,0.0026,2.8868,5.1336,6862
real_faces_1k,topographic,0.5858,0.1953,2.6124,5.1357,7023
real_faces_1k,topographic,0.7069,0.0422,1.2289,4.379,5578
real_faces_1k,topographic,0.5642,0.0025,3.3523,6.0141,9679
real_faces_1k,topographic,0.6431,0.0472,2.4846,5.4366,7662
real_faces_1k,topographic,0.5574,0.0842,1.3479,5.4333,6814
real_faces_1k,topographic,0.6035,0.08,1.6083,5.4768,7992
real_faces_1k,topographic,0.5634,0.0372,3.4702,6.0389,9096
real_faces_1k,topographic,0.5903,0.0548,3.2553,5.4957,7244
real_faces_1k,topographic,0.5836,0.0412,3.3343,5.7334,7707
real_faces_1k,topographic,0.5977,0.0508,2.5166,5.4836,7076
real_faces_1k,topographic,0.5755,0.1482,1.5382,5.0333,6556
real_faces_1k,topographic,0.5969,0.0331,3.3473,6.0303,9091
real_faces_1k,topographic,0.6194,0.1135,2.9925,5.126,6077
real_faces_1k,topographic,0.5624,0.0387,3.3004,5.8148,8344
real_faces_1k,topographic,0.5681,0.0505,3.5117,6.2063,10510
real_faces_1k,topographic,0.5932,0.017,3.3049,5.691,7713
real_faces_1k,topographic,0.6433,0.0397,1.9458,5.2331,6298
real_faces_1k,topographic,0.5675,0.0629,3.3472,6.16,8874
real_faces_1k,topographic,0.6043,0.0032,3.1571,5.8616,7714
real_faces_1k,topographic,0.583,0.0589,3.265,5.7825,7654
real_faces_1k,topographic,0.582,0.0673,3.2895,5.4338,6820
real_faces_1k,topographic,0.5898,0.1165,1.8903,5.1746,6209
real_faces_1k,topographic,0.5537,0.0803,3.0436,5.895,9729
real_faces_1k,topographic,0.6576,0.0625,1.4627,4.9143,6410
real_faces_1k,topographic,0.5824,0.0391,3.3529,5.8636,7806
real_faces_1k,topographic,0.697,0.0481,1.3303,4.932,6493
real_faces_1k,topographic,0.5792,0.028,3.428,6.1542,9941
real_faces_1k,topographic,0.5708,0.0974,3.1494,5.8502,9135
real_faces_1k,topographic,0.5703,0.0638,3.3538,6.0814,9645
real_faces_1k,topographic,0.579,0.007,3.4721,6.2474,9831
real_faces_1k,topographic,0.5779,0.049,3.4069,5.9513,8286
real_faces_1k,topographic,0.589,0.0277,3.291,5.6832,8707
real_faces_1k,topographic,0.5903,0.0142,1.2619,5.91,8524
real_faces_1k,topographic,0.5768,0.0733,1.6868,5.6402,7929
real_faces_1k,topographic,0.6373,0.0471,2.4637,5.0631,6288
real_faces_1k,topographic,0.5847,0.0544,2.7337,5.8694,8953
real_faces_1k,topographic,0.5595,0.0607,3.3006,5.6992,7006
real_faces_1k,topographic,0.647,0.0869,1.2309,4.8847,6040
real_faces_1k,topographic,0.5814,0.029,3.43,6.2924,10549
real_faces_1k,topographic,0.5667,0.084,3.2941,5.8797,7974
real_faces_1k,topographic,0.5802,0.0277,3.356,5.8673,8029
real_faces_1k,topographic,0.5428,0.1855,1.6634,5.5356,7792
real_faces_1k,topographic,0.6772,0.0237,1.5715,4.6688,5450
real_faces_1k,topographic,0.7231,0.0214,1.5679,4.5293,5210
real_faces_1k,topographic,0.6082,0.0916,2.9152,5.485,7414
real_faces_1k,topographic,0.5814,0.0467,3.5292,6.1256,9908
real_faces_1k,topographic,0.5677,0.0179,3.3801,5.9802,8252
real_faces_1k,topographic,0.5921,0.0361,1.5557,5.4413,7202
real_faces_1k,topographic,0.5783,0.0467,2.6479,5.6764,7739
real_faces_1k,topographic,0.6092,0.0287,3.2728,5.5328,7117
real_faces_1k,topographic,0.5709,0.0136,2.6462,5.9359,8143
real_faces_1k,topographic,0.5672,0.0697,3.4794,6.0725,9982
real_faces_1k,topographic,0.6081,0.1553,3.0461,5.2322,7018
real_faces_1k,topographic,0.572,0.0437,3.422,6.2565,10273
real_faces_1k,topographic,0.5707,0.0469,3.3392,6.0326,9305
real_faces_1k,topographic,0.6481,0.0145,2.2926,5.1919,6530
real_faces_1k,topographic,0.5727,0.0706,2.4254,5.6979,7959
real_faces_1k,topographic,0.5772,0.0214,3.3842,5.832,7660
real_faces_1k,topographic,0.5754,0.0049,3.1863,5.67,7649
real_faces_1k,topographic,0.5829,0.007,3.4116,6.0033,8561
real_faces_1k,topographic,0.5658,0.0842,3.4339,6.2299,10049
real_faces_1k,topographic,0.6051,0.0026,3.3511,5.9367,8013
real_faces_1k,topographic,0.6214,0.0017,3.0087,5.718,8488
real_faces_1k,topographic,0.581,0.0674,3.3304,5.9925,9041
real_faces_1k,topographic,0.5726,0.1046,1.811,5.8213,7708
real_faces_1k,topographic,0.5792,0.0018,3.4313,6.1721,8838
real_faces_1k,topographic,0.679,0.0062,1.4509,4.8457,5690
real_faces_1k,topographic,0.5782,0.1626,2.8798,5.3825,6959
real_faces_1k,topographic,0.5955,0.0448,3.3213,5.8696,8568
real_faces_1k,topographic,0.5864,0.0223,3.4329,6.2175,10593
real_faces_1k,topographic,0.5706,0.045,3.3465,6.0815,9496
real_faces_1k,topographic,0.6601,0.0228,1.165,5.1142,7277
real_faces_1k,topographic,0.6118,0.0411,2.4703,5.7591,7676
real_faces_1k,topographic,0.5829,0.0455,3.4303,6.0917,9750
real_faces_1k,topographic,0.5657,0.0513,2.0814,6.1167,9803
real_faces_1k,topographic,0.5788,0.0626,2.624,5.5424,7908
real_faces_1k,topographic,0.5448,0.1099,3.3657,6.2321,10783
real_faces_1k,topographic,0.5875,0.0237,3.4695,6.2772,10869
real_faces_1k,topographic,0.566,0.1305,2.6764,5.7015,7263
real_faces_1k,topographic,0.5987,0.0233,3.3752,5.8557,8277
real_faces_1k,topographic,0.5995,0.0193,1.7182,5.5755,7619
real_faces_1k,topographic,0.6169,0.0693,3.1604,5.3457,6907
real_faces_1k,topographic,0.5941,0.0231,1.2944,5.5422,7233
real_faces_1k,topographic,0.6021,0.1309,1.6973,5.3205,7295
real_faces_1k,topographic,0.5763,0.0188,3.4303,6.1462,9738
real_faces_1k,topographic,0.5818,0.0207,3.4796,6.2367,10066
real_faces_1k,topographic,0.5776,0.1061,3.2198,5.6838,8170
real_faces_1k,topographic,0.5526,0.0521,3.2785,5.8225,7564
real_faces_1k,topographic,0.5793,0.0547,3.2514,5.7825,6776
real_faces_1k,topographic,0.7005,0.0143,1.6775,4.725,5815
real_faces_1k,topographic,0.5849,0.0743,3.3017,5.9752,9021
real_faces_1k,topographic,0.5871,0.0396,1.6485,5.7549,7940
real_faces_1k,topographic,0.5958,0.047,3.3524,6.0806,9442
real_faces_1k,topographic,0.5559,0.0627,3.3295,5.9772,8131
real_faces_1k,topographic,0.5944,0.0071,3.2905,5.7976,8768
real_faces_1k,topographic,0.5791,0.1577,1.6403,5.5447,7969
real_faces_1k,topographic,0.6058,0.025,3.4522,5.9358,8376
real_faces_1k,topographic,0.5469,0.1728,2.7111,5.9117,8867
real_faces_1k,topographic,0.5801,0.0724,2.7246,5.8064,8243
real_faces_1k,topographic,0.5602,0.0037,3.3272,6.1068,8856
real_faces_1k,topographic,0.5839,0.0308,3.4147,6.0936,8964
real_faces_1k,topographic,0.5756,0.0523,3.4873,6.0909,8755
real_faces_1k,topographic,0.5588,0.0601,2.1949,5.7695,8447
real_faces_1k,topographic,0.5826,0.0025,1.9206,6.087,10144
real_faces_1k,topographic,0.5775,0.0923,1.5559,6.0203,8828
real_faces_1k,topographic,0.5727,0.0281,3.4391,6.1768,9885
real_faces_1k,topographic,0.5705,0.0964,3.1534,5.7076,8323
real_faces_1k,topographic,0.6043,0.0412,2.9347,5.1296,6808
real_faces_1k,topographic,0.5717,0.09,3.4247,6.2541,9632
real_faces_1k,topographic,0.5909,0.0471,3.0317,5.2957,6743
real_faces_1k,topographic,0.6002,0.0162,3.3401,6.0348,9082
real_faces_1k,topographic,0.5835,0.0144,3.3639,5.7342,6786
real_faces_1k,topographic,0.5824,0.0102,3.5047,6.094,8711
real_faces_1k,topographic,0.574,0.0237,3.4932,6.1463,9343
real_faces_1k,topographic,0.6096,0.0434,2.4512,5.0667,5563
real_faces_1k,topographic,0.6151,0.0239,3.3716,6.1565,8038
real_faces_1k,topographic,0.5932,0.1519,1.2851,5.18,7354
real_faces_1k,topographic,0.5828,0.0059,3.4469,6.1271,8383
real_faces_1k,topographic,0.5695,0.0003,3.4827,6.2077,9688
real_faces_1k,topographic,0.5853,0.0738,3.2744,5.5443,9241
real_faces_1k,topographic,0.6036,0.0293,3.1989,5.8731,8476
real_faces_1k,topographic,0.5866,0.0087,3.2961,5.7179,8380
real_faces_1k,topographic,0.5778,0.0599,3.364,5.9265,8192
real_faces_1k,topographic,0.572,0.0109,3.29,5.9518,8396
real_faces_1k,topographic,0.6235,0.0044,3.2104,5.5381,7424
real_faces_1k,topographic,0.5963,0.0216,1.6905,5.6144,7455
real_faces_1k,topographic,0.5609,0.0454,2.9357,5.7513,8154
real_faces_1k,topographic,0.5964,0.0245,3.0773,5.694,6699
real_faces_1k,topographic,0.6007,0.011,3.3178,5.8634,7937
real_faces_1k,topographic,0.5862,0.0236,3.3096,6.1167,9039
real_faces_1k,topographic,0.6176,0.0539,2.7663,5.2352,6695
real_faces_1k,topographic,0.5849,0.0655,2.9248,5.572,7637
real_faces_1k,topographic,0.5696,0.0478,3.2603,5.7632,7721
real_faces_1k,topographic,0.5827,0.0166,3.3538,6.1293,10961
real_faces_1k,topographic,0.6074,0.0604,1.9626,5.5261,7036
real_faces_1k,topographic,0.6595,0.1166,1.4069,4.5658,5143
real_faces_1k,topographic,0.6019,0.0065,3.3388,5.9962,8244
real_faces_1k,topographic,0.5508,0.1911,1.3952,5.3731,8023
real_faces_1k,topographic,0.5614,0.078,3.3341,5.9878,8957
real_faces_1k,topographic,0.5725,0.0058,3.3517,6.1277,9042
real_faces_1k,topographic,0.5851,0.0797,3.219,5.6957,7449
real_faces_1k,topographic,0.5937,0.0068,3.4226,6.0984,8883
real_faces_1k,topographic,0.5962,0.0634,3.1837,5.2545,6266
real_faces_1k,topographic,0.6066,0.0066,3.246,5.8093,8410
real_faces_1k,topographic,0.5787,0.0699,3.2341,5.8041,8021
real_faces_1k,topographic,0.5961,0.0192,3.411,5.9755,8577
real_faces_1k,topographic,0.6153,0.0684,3.0624,5.3781,6844
real_faces_1k,topographic,0.6941,0.0094,2.5602,5.2984,7142
real_faces_1k,topographic,0.5824,0.0835,3.3327,5.7271,7177
real_faces_1k,topographic,0.5609,0.1435,3.396,6.3139,8938
real_faces_1k,topographic,0.571,0.06,3.2603,5.5096,7305
real_faces_1k,topographic,0.5743,0.0106,3.511,6.1198,9055
real_faces_1k,topographic,0.5963,0.0174,3.3705,5.7968,8699
real_faces_1k,topographic,0.5821,0.0312,3.376,6.1161,8840
real_faces_1k,topographic,0.5715,0.0042,3.4633,6.3944,11592
real_faces_1k,topographic,0.5522,0.0924,2.1277,5.6685,8584
real_faces_1k,topographic,0.5517,0.1535,3.3723,6.1407,9584
real_faces_1k,topographic,0.5798,0.0523,3.5101,6.1497,10532
real_faces_1k,topographic,0.5773,0.0138,3.4626,6.0981,9249
real_faces_1k,topographic,0.5825,0.0124,3.487,6.2611,10238
real_faces_1k,topographic,0.5698,0.0374,3.4489,6.0099,9030
real_faces_1k,topographic,0.5867,0.0251,3.4547,6.1892,10525
real_faces_1k,topographic,0.6109,0.0046,3.0063,5.4696,7645
real_faces_1k,topographic,0.562,0.1258,3.2923,5.9916,8602
real_faces_1k,topographic,0.5809,0.1885,1.3819,5.0886,6829
real_faces_1k,topographic,0.6021,0.0835,3.3061,5.608,7165
real_faces_1k,topographic,0.5642,0.0608,3.3573,6.2689,11286
real_faces_1k,topographic,0.5718,0.0707,3.3289,5.9822,8881
real_faces_1k,topographic,0.5759,0.009,3.2759,5.6682,7840
real_faces_1k,topographic,0.5535,0.0906,3.3137,5.9255,8044
real_faces_1k,topographic,0.5871,0.0359,3.3839,5.8333,7920
real_faces_1k,topographic,0.5809,0.1175,3.2467,5.9355,8846
real_faces_1k,topographic,0.5887,0.0208,3.2713,5.8132,8802
real_faces_1k,topographic,0.5973,0.1087,3.2322,5.541,6452
