filename,category,filter_type,bilateral_symmetry,lr_imbalance
SDXL_image_0014185.jpg,diffusion_sfhq,raw,0.7641,0.0156
SDXL_image_0014185.jpg,diffusion_sfhq,topographic,0.5795,0.0115
SDXL_image_0014185.jpg,diffusion_sfhq,edge,0.9149,0.008
FLUX1_schnell_image_0002990.jpg,diffusion_sfhq,raw,0.7307,0.0553
FLUX1_schnell_image_0002990.jpg,diffusion_sfhq,topographic,0.5674,0.0389
FLUX1_schnell_image_0002990.jpg,diffusion_sfhq,edge,0.8854,0.0457
FLUX1_dev_image_0002156.jpg,diffusion_sfhq,raw,0.8555,0.0842
FLUX1_dev_image_0002156.jpg,diffusion_sfhq,topographic,0.5937,0.0148
FLUX1_dev_image_0002156.jpg,diffusion_sfhq,edge,0.8907,0.0121
SDXL_image_0027583.jpg,diffusion_sfhq,raw,0.7739,0.1399
SDXL_image_0027583.jpg,diffusion_sfhq,topographic,0.6065,0.0128
SDXL_image_0027583.jpg,diffusion_sfhq,edge,0.8052,0.0077
FLUX1_schnell_image_0024453.jpg,diffusion_sfhq,raw,0.7983,0.0194
FLUX1_schnell_image_0024453.jpg,diffusion_sfhq,topographic,0.5244,0.0431
FLUX1_schnell_image_0024453.jpg,diffusion_sfhq,edge,0.8503,0.0436
FLUX1_schnell_image_0020502.jpg,diffusion_sfhq,raw,0.8379,0.0069
FLUX1_schnell_image_0020502.jpg,diffusion_sfhq,topographic,0.5522,0.0159
FLUX1_schnell_image_0020502.jpg,diffusion_sfhq,edge,0.8289,0.0335
FLUX1_schnell_image_0017659.jpg,diffusion_sfhq,raw,0.8461,0.0478
FLUX1_schnell_image_0017659.jpg,diffusion_sfhq,topographic,0.5321,0.0846
FLUX1_schnell_image_0017659.jpg,diffusion_sfhq,edge,0.8198,0.0209
FLUX1_schnell_image_0006687.jpg,diffusion_sfhq,raw,0.7823,0.0868
FLUX1_schnell_image_0006687.jpg,diffusion_sfhq,topographic,0.5641,0.0461
FLUX1_schnell_image_0006687.jpg,diffusion_sfhq,edge,0.9177,0.0098
SDXL_image_0026917.jpg,diffusion_sfhq,raw,0.8048,0.1215
SDXL_image_0026917.jpg,diffusion_sfhq,topographic,0.5931,0.03
SDXL_image_0026917.jpg,diffusion_sfhq,edge,0.8642,0.044
FLUX1_schnell_image_0001831.jpg,diffusion_sfhq,raw,0.7947,0.1117
FLUX1_schnell_image_0001831.jpg,diffusion_sfhq,topographic,0.5916,0.0702
FLUX1_schnell_image_0001831.jpg,diffusion_sfhq,edge,0.8094,0.0815
SDXL_image_0019076.jpg,diffusion_sfhq,raw,0.7829,0.0606
SDXL_image_0019076.jpg,diffusion_sfhq,topographic,0.5536,0.0103
SDXL_image_0019076.jpg,diffusion_sfhq,edge,0.8079,0.0451
SDXL_image_0027467.jpg,diffusion_sfhq,raw,0.8219,0.0034
SDXL_image_0027467.jpg,diffusion_sfhq,topographic,0.5212,0.0731
SDXL_image_0027467.jpg,diffusion_sfhq,edge,0.8193,0.0418
SDXL_image_0047340.jpg,diffusion_sfhq,raw,0.7364,0.0974
SDXL_image_0047340.jpg,diffusion_sfhq,topographic,0.5748,0.0819
SDXL_image_0047340.jpg,diffusion_sfhq,edge,0.7608,0.1248
SDXL_image_0001845.jpg,diffusion_sfhq,raw,0.8379,0.0152
SDXL_image_0001845.jpg,diffusion_sfhq,topographic,0.6181,0.0231
SDXL_image_0001845.jpg,diffusion_sfhq,edge,0.9049,0.0517
FLUX1_pro_image_0003000.jpg,diffusion_sfhq,raw,0.6689,0.2859
FLUX1_pro_image_0003000.jpg,diffusion_sfhq,topographic,0.5829,0.067
FLUX1_pro_image_0003000.jpg,diffusion_sfhq,edge,0.8348,0.0444
SDXL_image_0007765.jpg,diffusion_sfhq,raw,0.8967,0.0057
SDXL_image_0007765.jpg,diffusion_sfhq,topographic,0.6417,0.0894
SDXL_image_0007765.jpg,diffusion_sfhq,edge,0.8575,0.0439
FLUX1_schnell_image_0043724.jpg,diffusion_sfhq,raw,0.696,0.232
FLUX1_schnell_image_0043724.jpg,diffusion_sfhq,topographic,0.5477,0.0026
FLUX1_schnell_image_0043724.jpg,diffusion_sfhq,edge,0.8473,0.0276
FLUX1_dev_image_0003043.jpg,diffusion_sfhq,raw,0.8391,0.123
FLUX1_dev_image_0003043.jpg,diffusion_sfhq,topographic,0.6719,0.0556
FLUX1_dev_image_0003043.jpg,diffusion_sfhq,edge,0.878,0.0252
FLUX1_dev_image_0002783.jpg,diffusion_sfhq,raw,0.7846,0.1342
FLUX1_dev_image_0002783.jpg,diffusion_sfhq,topographic,0.5798,0.0122
FLUX1_dev_image_0002783.jpg,diffusion_sfhq,edge,0.874,0.0244
FLUX1_schnell_image_0000677.jpg,diffusion_sfhq,raw,0.8198,0.1017
FLUX1_schnell_image_0000677.jpg,diffusion_sfhq,topographic,0.5969,0.0318
FLUX1_schnell_image_0000677.jpg,diffusion_sfhq,edge,0.8609,0.0355
FLUX1_schnell_image_0017060.jpg,diffusion_sfhq,raw,0.7487,0.0976
FLUX1_schnell_image_0017060.jpg,diffusion_sfhq,topographic,0.5603,0.0441
FLUX1_schnell_image_0017060.jpg,diffusion_sfhq,edge,0.9038,0.0112
FLUX1_schnell_image_0018899.jpg,diffusion_sfhq,raw,0.8185,0.0905
FLUX1_schnell_image_0018899.jpg,diffusion_sfhq,topographic,0.6407,0.0666
FLUX1_schnell_image_0018899.jpg,diffusion_sfhq,edge,0.8336,0.0111
FLUX1_schnell_image_0054664.jpg,diffusion_sfhq,raw,0.727,0.232
FLUX1_schnell_image_0054664.jpg,diffusion_sfhq,topographic,0.6373,0.003
FLUX1_schnell_image_0054664.jpg,diffusion_sfhq,edge,0.8901,0.0042
SDXL_image_0009277.jpg,diffusion_sfhq,raw,0.8574,0.0188
SDXL_image_0009277.jpg,diffusion_sfhq,topographic,0.5893,0.0491
SDXL_image_0009277.jpg,diffusion_sfhq,edge,0.8861,0.0195
FLUX1_dev_image_0002356.jpg,diffusion_sfhq,raw,0.852,0.0515
FLUX1_dev_image_0002356.jpg,diffusion_sfhq,topographic,0.5779,0.045
FLUX1_dev_image_0002356.jpg,diffusion_sfhq,edge,0.8703,0.0345
SDXL_image_0003927.jpg,diffusion_sfhq,raw,0.8175,0.0259
SDXL_image_0003927.jpg,diffusion_sfhq,topographic,0.5626,0.0092
SDXL_image_0003927.jpg,diffusion_sfhq,edge,0.8335,0.0282
FLUX1_schnell_image_0014464.jpg,diffusion_sfhq,raw,0.8693,0.0242
FLUX1_schnell_image_0014464.jpg,diffusion_sfhq,topographic,0.5908,0.0317
FLUX1_schnell_image_0014464.jpg,diffusion_sfhq,edge,0.8871,0.0313
SDXL_image_0024235.jpg,diffusion_sfhq,raw,0.8155,0.0533
SDXL_image_0024235.jpg,diffusion_sfhq,topographic,0.5925,0.0331
SDXL_image_0024235.jpg,diffusion_sfhq,edge,0.8858,0.0201
SDXL_image_0015560.jpg,diffusion_sfhq,raw,0.7231,0.0967
SDXL_image_0015560.jpg,diffusion_sfhq,topographic,0.5208,0.0134
SDXL_image_0015560.jpg,diffusion_sfhq,edge,0.8487,0.0452
SDXL_image_0022308.jpg,diffusion_sfhq,raw,0.7215,0.0359
SDXL_image_0022308.jpg,diffusion_sfhq,topographic,0.5262,0.0608
SDXL_image_0022308.jpg,diffusion_sfhq,edge,0.7851,0.0867
SDXL_image_0001789.jpg,diffusion_sfhq,raw,0.7786,0.084
SDXL_image_0001789.jpg,diffusion_sfhq,topographic,0.5178,0.1771
SDXL_image_0001789.jpg,diffusion_sfhq,edge,0.798,0.1354
FLUX1_schnell_image_0043409.jpg,diffusion_sfhq,raw,0.7812,0.0403
FLUX1_schnell_image_0043409.jpg,diffusion_sfhq,topographic,0.633,0.0579
FLUX1_schnell_image_0043409.jpg,diffusion_sfhq,edge,0.8406,0.016
FLUX1_schnell_image_0017296.jpg,diffusion_sfhq,raw,0.7033,0.2556
FLUX1_schnell_image_0017296.jpg,diffusion_sfhq,topographic,0.5779,0.0306
FLUX1_schnell_image_0017296.jpg,diffusion_sfhq,edge,0.8782,0.0364
FLUX1_schnell_image_0047302.jpg,diffusion_sfhq,raw,0.8426,0.0364
FLUX1_schnell_image_0047302.jpg,diffusion_sfhq,topographic,0.5804,0.0198
FLUX1_schnell_image_0047302.jpg,diffusion_sfhq,edge,0.8737,0.0395
SDXL_image_0007603.jpg,diffusion_sfhq,raw,0.7988,0.0765
SDXL_image_0007603.jpg,diffusion_sfhq,topographic,0.621,0.0463
SDXL_image_0007603.jpg,diffusion_sfhq,edge,0.8905,0.011
FLUX1_schnell_image_0024869.jpg,diffusion_sfhq,raw,0.8389,0.0488
FLUX1_schnell_image_0024869.jpg,diffusion_sfhq,topographic,0.6684,0.0228
FLUX1_schnell_image_0024869.jpg,diffusion_sfhq,edge,0.8997,0.0244
SDXL_image_0036488.jpg,diffusion_sfhq,raw,0.8812,0.0255
SDXL_image_0036488.jpg,diffusion_sfhq,topographic,0.6282,0.0053
SDXL_image_0036488.jpg,diffusion_sfhq,edge,0.8752,0.0075
SDXL_image_0044338.jpg,diffusion_sfhq,raw,0.8535,0.0655
SDXL_image_0044338.jpg,diffusion_sfhq,topographic,0.5728,0.0115
SDXL_image_0044338.jpg,diffusion_sfhq,edge,0.8962,0.0349
DALLE3_image_0000852.jpg,diffusion_sfhq,raw,0.7349,0.0212
DALLE3_image_0000852.jpg,diffusion_sfhq,topographic,0.5653,0.0025
DALLE3_image_0000852.jpg,diffusion_sfhq,edge,0.9247,0.014
SDXL_image_0029845.jpg,diffusion_sfhq,raw,0.7446,0.0455
SDXL_image_0029845.jpg,diffusion_sfhq,topographic,0.5095,0.0266
SDXL_image_0029845.jpg,diffusion_sfhq,edge,0.8463,0.0693
SDXL_image_0036014.jpg,diffusion_sfhq,raw,0.7978,0.0406
SDXL_image_0036014.jpg,diffusion_sfhq,topographic,0.5398,0.0256
SDXL_image_0036014.jpg,diffusion_sfhq,edge,0.8128,0.0231
FLUX1_schnell_image_0009325.jpg,diffusion_sfhq,raw,0.8545,0.0417
FLUX1_schnell_image_0009325.jpg,diffusion_sfhq,topographic,0.607,0.0047
FLUX1_schnell_image_0009325.jpg,diffusion_sfhq,edge,0.8756,0.0236
SDXL_image_0021889.jpg,diffusion_sfhq,raw,0.8606,0.0741
SDXL_image_0021889.jpg,diffusion_sfhq,topographic,0.649,0.0491
SDXL_image_0021889.jpg,diffusion_sfhq,edge,0.8855,0.0403
FLUX1_schnell_image_0043814.jpg,diffusion_sfhq,raw,0.8643,0.034
FLUX1_schnell_image_0043814.jpg,diffusion_sfhq,topographic,0.578,0.0108
FLUX1_schnell_image_0043814.jpg,diffusion_sfhq,edge,0.8492,0.0084
FLUX1_schnell_image_0033010.jpg,diffusion_sfhq,raw,0.7349,0.152
FLUX1_schnell_image_0033010.jpg,diffusion_sfhq,topographic,0.5544,0.0011
FLUX1_schnell_image_0033010.jpg,diffusion_sfhq,edge,0.8511,0.0162
FLUX1_schnell_image_0024827.jpg,diffusion_sfhq,raw,0.8061,0.1085
FLUX1_schnell_image_0024827.jpg,diffusion_sfhq,topographic,0.6384,0.0216
FLUX1_schnell_image_0024827.jpg,diffusion_sfhq,edge,0.8424,0.0263
FLUX1_schnell_image_0008778.jpg,diffusion_sfhq,raw,0.7758,0.0912
FLUX1_schnell_image_0008778.jpg,diffusion_sfhq,topographic,0.5885,0.0281
FLUX1_schnell_image_0008778.jpg,diffusion_sfhq,edge,0.9066,0.0188
FLUX1_schnell_image_0016624.jpg,diffusion_sfhq,raw,0.783,0.1599
FLUX1_schnell_image_0016624.jpg,diffusion_sfhq,topographic,0.6135,0.0187
FLUX1_schnell_image_0016624.jpg,diffusion_sfhq,edge,0.8833,0.0009
SDXL_image_0030459.jpg,diffusion_sfhq,raw,0.7835,0.0944
SDXL_image_0030459.jpg,diffusion_sfhq,topographic,0.5831,0.0251
SDXL_image_0030459.jpg,diffusion_sfhq,edge,0.8813,0.0545
FLUX1_schnell_image_0032530.jpg,diffusion_sfhq,raw,0.7124,0.0165
FLUX1_schnell_image_0032530.jpg,diffusion_sfhq,topographic,0.572,0.0189
FLUX1_schnell_image_0032530.jpg,diffusion_sfhq,edge,0.8518,0.0063
FLUX1_schnell_image_0001793.jpg,diffusion_sfhq,raw,0.885,0.0396
FLUX1_schnell_image_0001793.jpg,diffusion_sfhq,topographic,0.7371,0.0127
FLUX1_schnell_image_0001793.jpg,diffusion_sfhq,edge,0.9178,0.0124
FLUX1_schnell_image_0000552.jpg,diffusion_sfhq,raw,0.8239,0.0163
FLUX1_schnell_image_0000552.jpg,diffusion_sfhq,topographic,0.5449,0.0117
FLUX1_schnell_image_0000552.jpg,diffusion_sfhq,edge,0.8987,0.0305
FLUX1_schnell_image_0038217.jpg,diffusion_sfhq,raw,0.8829,0.0003
FLUX1_schnell_image_0038217.jpg,diffusion_sfhq,topographic,0.5467,0.0343
FLUX1_schnell_image_0038217.jpg,diffusion_sfhq,edge,0.8484,0.0018
FLUX1_schnell_image_0001073.jpg,diffusion_sfhq,raw,0.7906,0.1129
FLUX1_schnell_image_0001073.jpg,diffusion_sfhq,topographic,0.5307,0.0524
FLUX1_schnell_image_0001073.jpg,diffusion_sfhq,edge,0.8308,0.0478
FLUX1_schnell_image_0035471.jpg,diffusion_sfhq,raw,0.8177,0.0139
FLUX1_schnell_image_0035471.jpg,diffusion_sfhq,topographic,0.6017,0.011
FLUX1_schnell_image_0035471.jpg,diffusion_sfhq,edge,0.8983,0.0051
SDXL_image_0041479.jpg,diffusion_sfhq,raw,0.7794,0.0006
SDXL_image_0041479.jpg,diffusion_sfhq,topographic,0.5911,0.0884
SDXL_image_0041479.jpg,diffusion_sfhq,edge,0.8636,0.0548
FLUX1_schnell_image_0033495.jpg,diffusion_sfhq,raw,0.8173,0.0697
FLUX1_schnell_image_0033495.jpg,diffusion_sfhq,topographic,0.6148,0.0547
FLUX1_schnell_image_0033495.jpg,diffusion_sfhq,edge,0.8892,0.0249
SDXL_image_0009501.jpg,diffusion_sfhq,raw,0.7759,0.1773
SDXL_image_0009501.jpg,diffusion_sfhq,topographic,0.5938,0.0615
SDXL_image_0009501.jpg,diffusion_sfhq,edge,0.9254,0.0399
FLUX1_schnell_image_0023076.jpg,diffusion_sfhq,raw,0.8069,0.0473
FLUX1_schnell_image_0023076.jpg,diffusion_sfhq,topographic,0.5308,0.0243
FLUX1_schnell_image_0023076.jpg,diffusion_sfhq,edge,0.8193,0.0138
SDXL_image_0036185.jpg,diffusion_sfhq,raw,0.7729,0.0952
SDXL_image_0036185.jpg,diffusion_sfhq,topographic,0.6131,0.0439
SDXL_image_0036185.jpg,diffusion_sfhq,edge,0.9072,0.0068
FLUX1_dev_image_0004573.jpg,diffusion_sfhq,raw,0.7787,0.1104
FLUX1_dev_image_0004573.jpg,diffusion_sfhq,topographic,0.5998,0.089
FLUX1_dev_image_0004573.jpg,diffusion_sfhq,edge,0.8993,0.0436
SDXL_image_0026034.jpg,diffusion_sfhq,raw,0.8321,0.0078
SDXL_image_0026034.jpg,diffusion_sfhq,topographic,0.5395,0.0226
SDXL_image_0026034.jpg,diffusion_sfhq,edge,0.8089,0.0304
FLUX1_schnell_image_0048642.jpg,diffusion_sfhq,raw,0.8082,0.0821
FLUX1_schnell_image_0048642.jpg,diffusion_sfhq,topographic,0.5925,0.0205
FLUX1_schnell_image_0048642.jpg,diffusion_sfhq,edge,0.8887,0.0466
SDXL_image_0000647.jpg,diffusion_sfhq,raw,0.7938,0.0508
SDXL_image_0000647.jpg,diffusion_sfhq,topographic,0.5664,0.0405
SDXL_image_0000647.jpg,diffusion_sfhq,edge,0.8715,0.0216
FLUX1_schnell_image_0004759.jpg,diffusion_sfhq,raw,0.7343,0.1967
FLUX1_schnell_image_0004759.jpg,diffusion_sfhq,topographic,0.531,0.0165
FLUX1_schnell_image_0004759.jpg,diffusion_sfhq,edge,0.8045,0.0541
SDXL_image_0051292.jpg,diffusion_sfhq,raw,0.7415,0.1874
SDXL_image_0051292.jpg,diffusion_sfhq,topographic,0.5811,0.0777
SDXL_image_0051292.jpg,diffusion_sfhq,edge,0.8572,0.0113
FLUX1_schnell_image_0038035.jpg,diffusion_sfhq,raw,0.7499,0.213
FLUX1_schnell_image_0038035.jpg,diffusion_sfhq,topographic,0.5978,0.0029
FLUX1_schnell_image_0038035.jpg,diffusion_sfhq,edge,0.9186,0.0169
FLUX1_pro_image_0001933.jpg,diffusion_sfhq,raw,0.849,0.0593
FLUX1_pro_image_0001933.jpg,diffusion_sfhq,topographic,0.6119,0.0029
FLUX1_pro_image_0001933.jpg,diffusion_sfhq,edge,0.9044,0.0081
SDXL_image_0002720.jpg,diffusion_sfhq,raw,0.8596,0.0796
SDXL_image_0002720.jpg,diffusion_sfhq,topographic,0.5137,0.084
SDXL_image_0002720.jpg,diffusion_sfhq,edge,0.7479,0.114
FLUX1_schnell_image_0026837.jpg,diffusion_sfhq,raw,0.7968,0.0122
FLUX1_schnell_image_0026837.jpg,diffusion_sfhq,topographic,0.5761,0.0617
FLUX1_schnell_image_0026837.jpg,diffusion_sfhq,edge,0.8844,0.0477
SDXL_image_0039108.jpg,diffusion_sfhq,raw,0.8022,0.0944
SDXL_image_0039108.jpg,diffusion_sfhq,topographic,0.587,0.0773
SDXL_image_0039108.jpg,diffusion_sfhq,edge,0.9105,0.0534
SDXL_image_0012772.jpg,diffusion_sfhq,raw,0.7367,0.1189
SDXL_image_0012772.jpg,diffusion_sfhq,topographic,0.5725,0.0126
SDXL_image_0012772.jpg,diffusion_sfhq,edge,0.9078,0.0047
SDXL_image_0011445.jpg,diffusion_sfhq,raw,0.7878,0.052
SDXL_image_0011445.jpg,diffusion_sfhq,topographic,0.5507,0.095
SDXL_image_0011445.jpg,diffusion_sfhq,edge,0.8703,0.0407
SDXL_image_0046458.jpg,diffusion_sfhq,raw,0.7671,0.0113
SDXL_image_0046458.jpg,diffusion_sfhq,topographic,0.5721,0.0216
SDXL_image_0046458.jpg,diffusion_sfhq,edge,0.8545,0.061
SDXL_image_0043343.jpg,diffusion_sfhq,raw,0.7902,0.012
SDXL_image_0043343.jpg,diffusion_sfhq,topographic,0.5535,0.0801
SDXL_image_0043343.jpg,diffusion_sfhq,edge,0.8428,0.0022
FLUX1_schnell_image_0035819.jpg,diffusion_sfhq,raw,0.7596,0.1555
FLUX1_schnell_image_0035819.jpg,diffusion_sfhq,topographic,0.5305,0.044
FLUX1_schnell_image_0035819.jpg,diffusion_sfhq,edge,0.8066,0.0757
SDXL_image_0006041.jpg,diffusion_sfhq,raw,0.812,0.1112
SDXL_image_0006041.jpg,diffusion_sfhq,topographic,0.568,0.0531
SDXL_image_0006041.jpg,diffusion_sfhq,edge,0.8488,0.0048
FLUX1_schnell_image_0013604.jpg,diffusion_sfhq,raw,0.7383,0.2412
FLUX1_schnell_image_0013604.jpg,diffusion_sfhq,topographic,0.6063,0.0936
FLUX1_schnell_image_0013604.jpg,diffusion_sfhq,edge,0.846,0.0768
SDXL_image_0022733.jpg,diffusion_sfhq,raw,0.8155,0.0237
SDXL_image_0022733.jpg,diffusion_sfhq,topographic,0.6138,0.0035
SDXL_image_0022733.jpg,diffusion_sfhq,edge,0.8753,0.0197
FLUX1_pro_image_0000721.jpg,diffusion_sfhq,raw,0.8311,0.1059
FLUX1_pro_image_0000721.jpg,diffusion_sfhq,topographic,0.6026,0.0198
FLUX1_pro_image_0000721.jpg,diffusion_sfhq,edge,0.7961,0.0343
FLUX1_dev_image_0004884.jpg,diffusion_sfhq,raw,0.7682,0.1945
FLUX1_dev_image_0004884.jpg,diffusion_sfhq,topographic,0.5766,0.0491
FLUX1_dev_image_0004884.jpg,diffusion_sfhq,edge,0.8626,0.0219
SDXL_image_0017053.jpg,diffusion_sfhq,raw,0.8068,0.0054
SDXL_image_0017053.jpg,diffusion_sfhq,topographic,0.5752,0.028
SDXL_image_0017053.jpg,diffusion_sfhq,edge,0.9062,0.0062
FLUX1_schnell_image_0018275.jpg,diffusion_sfhq,raw,0.7981,0.0635
FLUX1_schnell_image_0018275.jpg,diffusion_sfhq,topographic,0.6425,0.0098
FLUX1_schnell_image_0018275.jpg,diffusion_sfhq,edge,0.8691,0.0164
SDXL_image_0031716.jpg,diffusion_sfhq,raw,0.7855,0.0397
SDXL_image_0031716.jpg,diffusion_sfhq,topographic,0.5243,0.0175
SDXL_image_0031716.jpg,diffusion_sfhq,edge,0.7973,0.0658
FLUX1_schnell_image_0026340.jpg,diffusion_sfhq,raw,0.8088,0.1178
FLUX1_schnell_image_0026340.jpg,diffusion_sfhq,topographic,0.5713,0.0159
FLUX1_schnell_image_0026340.jpg,diffusion_sfhq,edge,0.8722,0.0042
FLUX1_pro_image_0002063.jpg,diffusion_sfhq,raw,0.7294,0.1571
FLUX1_pro_image_0002063.jpg,diffusion_sfhq,topographic,0.574,0.0379
FLUX1_pro_image_0002063.jpg,diffusion_sfhq,edge,0.8744,0.0502
SDXL_image_0042506.jpg,diffusion_sfhq,raw,0.7711,0.0388
SDXL_image_0042506.jpg,diffusion_sfhq,topographic,0.5293,0.0215
SDXL_image_0042506.jpg,diffusion_sfhq,edge,0.7903,0.0476
FLUX1_schnell_image_0018916.jpg,diffusion_sfhq,raw,0.8835,0.0334
FLUX1_schnell_image_0018916.jpg,diffusion_sfhq,topographic,0.5997,0.0492
FLUX1_schnell_image_0018916.jpg,diffusion_sfhq,edge,0.8823,0.0265
SDXL_image_0043969.jpg,diffusion_sfhq,raw,0.793,0.1407
SDXL_image_0043969.jpg,diffusion_sfhq,topographic,0.5686,0.0236
SDXL_image_0043969.jpg,diffusion_sfhq,edge,0.8997,0.0036
FLUX1_schnell_image_0001635.jpg,diffusion_sfhq,raw,0.7636,0.1185
FLUX1_schnell_image_0001635.jpg,diffusion_sfhq,topographic,0.5283,0.0535
FLUX1_schnell_image_0001635.jpg,diffusion_sfhq,edge,0.8516,0.0076
FLUX1_schnell_image_0038243.jpg,diffusion_sfhq,raw,0.7147,0.235
FLUX1_schnell_image_0038243.jpg,diffusion_sfhq,topographic,0.5247,0.025
FLUX1_schnell_image_0038243.jpg,diffusion_sfhq,edge,0.8112,0.0784
FLUX1_schnell_image_0024840.jpg,diffusion_sfhq,raw,0.7658,0.1673
FLUX1_schnell_image_0024840.jpg,diffusion_sfhq,topographic,0.5335,0.0382
FLUX1_schnell_image_0024840.jpg,diffusion_sfhq,edge,0.8197,0.0328
FLUX1_schnell_image_0047854.jpg,diffusion_sfhq,raw,0.8188,0.0113
FLUX1_schnell_image_0047854.jpg,diffusion_sfhq,topographic,0.569,0.0556
FLUX1_schnell_image_0047854.jpg,diffusion_sfhq,edge,0.8513,0.0207
SDXL_image_0013695.jpg,diffusion_sfhq,raw,0.8,0.1292
SDXL_image_0013695.jpg,diffusion_sfhq,topographic,0.5762,0.1785
SDXL_image_0013695.jpg,diffusion_sfhq,edge,0.8967,0.0477
SDXL_image_0039725.jpg,diffusion_sfhq,raw,0.82,0.0869
SDXL_image_0039725.jpg,diffusion_sfhq,topographic,0.5764,0.0076
SDXL_image_0039725.jpg,diffusion_sfhq,edge,0.9152,0.0001
FLUX1_schnell_image_0036238.jpg,diffusion_sfhq,raw,0.6723,0.2591
FLUX1_schnell_image_0036238.jpg,diffusion_sfhq,topographic,0.5182,0.0596
FLUX1_schnell_image_0036238.jpg,diffusion_sfhq,edge,0.8233,0.0346
FLUX1_schnell_image_0009718.jpg,diffusion_sfhq,raw,0.792,0.1294
FLUX1_schnell_image_0009718.jpg,diffusion_sfhq,topographic,0.5166,0.0064
FLUX1_schnell_image_0009718.jpg,diffusion_sfhq,edge,0.8093,0.0385
FLUX1_schnell_image_0036940.jpg,diffusion_sfhq,raw,0.7243,0.0054
FLUX1_schnell_image_0036940.jpg,diffusion_sfhq,topographic,0.564,0.0168
FLUX1_schnell_image_0036940.jpg,diffusion_sfhq,edge,0.8803,0.0395
FLUX1_schnell_image_0034983.jpg,diffusion_sfhq,raw,0.8313,0.0945
FLUX1_schnell_image_0034983.jpg,diffusion_sfhq,topographic,0.6165,0.0414
FLUX1_schnell_image_0034983.jpg,diffusion_sfhq,edge,0.8911,0.0096
FLUX1_schnell_image_0015863.jpg,diffusion_sfhq,raw,0.6218,0.3396
FLUX1_schnell_image_0015863.jpg,diffusion_sfhq,topographic,0.5819,0.0401
FLUX1_schnell_image_0015863.jpg,diffusion_sfhq,edge,0.8862,0.0079
SDXL_image_0018221.jpg,diffusion_sfhq,raw,0.843,0.0871
SDXL_image_0018221.jpg,diffusion_sfhq,topographic,0.5188,0.0386
SDXL_image_0018221.jpg,diffusion_sfhq,edge,0.794,0.0779
FLUX1_schnell_image_0023398.jpg,diffusion_sfhq,raw,0.7736,0.0417
FLUX1_schnell_image_0023398.jpg,diffusion_sfhq,topographic,0.569,0.0323
FLUX1_schnell_image_0023398.jpg,diffusion_sfhq,edge,0.8364,0.0241
SDXL_image_0022372.jpg,diffusion_sfhq,raw,0.7353,0.0158
SDXL_image_0022372.jpg,diffusion_sfhq,topographic,0.5842,0.0272
SDXL_image_0022372.jpg,diffusion_sfhq,edge,0.8694,0.0584
SDXL_image_0019974.jpg,diffusion_sfhq,raw,0.7637,0.0381
SDXL_image_0019974.jpg,diffusion_sfhq,topographic,0.5094,0.109
SDXL_image_0019974.jpg,diffusion_sfhq,edge,0.7816,0.0063
SDXL_image_0015318.jpg,diffusion_sfhq,raw,0.779,0.0018
SDXL_image_0015318.jpg,diffusion_sfhq,topographic,0.6025,0.0357
SDXL_image_0015318.jpg,diffusion_sfhq,edge,0.8947,0.0048
FLUX1_pro_image_0000963.jpg,diffusion_sfhq,raw,0.7924,0.1332
FLUX1_pro_image_0000963.jpg,diffusion_sfhq,topographic,0.6321,0.0231
FLUX1_pro_image_0000963.jpg,diffusion_sfhq,edge,0.9399,0.007
SDXL_image_0010210.jpg,diffusion_sfhq,raw,0.769,0.0415
SDXL_image_0010210.jpg,diffusion_sfhq,topographic,0.5989,0.0159
SDXL_image_0010210.jpg,diffusion_sfhq,edge,0.8732,0.008
SDXL_image_0013602.jpg,diffusion_sfhq,raw,0.8087,0.0345
SDXL_image_0013602.jpg,diffusion_sfhq,topographic,0.5664,0.0244
SDXL_image_0013602.jpg,diffusion_sfhq,edge,0.9214,0.0158
FLUX1_schnell_image_0010830.jpg,diffusion_sfhq,raw,0.828,0.0233
FLUX1_schnell_image_0010830.jpg,diffusion_sfhq,topographic,0.5812,0.061
FLUX1_schnell_image_0010830.jpg,diffusion_sfhq,edge,0.8492,0.0638
SDXL_image_0000373.jpg,diffusion_sfhq,raw,0.8657,0.0356
SDXL_image_0000373.jpg,diffusion_sfhq,topographic,0.5968,0.0188
SDXL_image_0000373.jpg,diffusion_sfhq,edge,0.9044,0.0098
SDXL_image_0025955.jpg,diffusion_sfhq,raw,0.785,0.0303
SDXL_image_0025955.jpg,diffusion_sfhq,topographic,0.5387,0.0341
SDXL_image_0025955.jpg,diffusion_sfhq,edge,0.8185,0.0719
FLUX1_schnell_image_0020491.jpg,diffusion_sfhq,raw,0.857,0.023
FLUX1_schnell_image_0020491.jpg,diffusion_sfhq,topographic,0.6049,0.0346
FLUX1_schnell_image_0020491.jpg,diffusion_sfhq,edge,0.8639,0.0029
FLUX1_schnell_image_0009816.jpg,diffusion_sfhq,raw,0.7335,0.1611
FLUX1_schnell_image_0009816.jpg,diffusion_sfhq,topographic,0.5421,0.0526
FLUX1_schnell_image_0009816.jpg,diffusion_sfhq,edge,0.8559,0.0419
FLUX1_schnell_image_0049014.jpg,diffusion_sfhq,raw,0.7592,0.1733
FLUX1_schnell_image_0049014.jpg,diffusion_sfhq,topographic,0.5609,0.039
FLUX1_schnell_image_0049014.jpg,diffusion_sfhq,edge,0.8721,0.0241
FLUX1_schnell_image_0038155.jpg,diffusion_sfhq,raw,0.7843,0.0526
FLUX1_schnell_image_0038155.jpg,diffusion_sfhq,topographic,0.5581,0.0031
FLUX1_schnell_image_0038155.jpg,diffusion_sfhq,edge,0.8276,0.0208
FLUX1_schnell_image_0023787.jpg,diffusion_sfhq,raw,0.7533,0.1181
FLUX1_schnell_image_0023787.jpg,diffusion_sfhq,topographic,0.5724,0.0547
FLUX1_schnell_image_0023787.jpg,diffusion_sfhq,edge,0.7693,0.0767
SDXL_image_0051698.jpg,diffusion_sfhq,raw,0.7209,0.1178
SDXL_image_0051698.jpg,diffusion_sfhq,topographic,0.6138,0.0517
SDXL_image_0051698.jpg,diffusion_sfhq,edge,0.8441,0.0575
SDXL_image_0014261.jpg,diffusion_sfhq,raw,0.7649,0.0786
SDXL_image_0014261.jpg,diffusion_sfhq,topographic,0.5827,0.0383
SDXL_image_0014261.jpg,diffusion_sfhq,edge,0.8749,0.037
SDXL_image_0020580.jpg,diffusion_sfhq,raw,0.825,0.0626
SDXL_image_0020580.jpg,diffusion_sfhq,topographic,0.5345,0.0293
SDXL_image_0020580.jpg,diffusion_sfhq,edge,0.8619,0.0349
SDXL_image_0003364.jpg,diffusion_sfhq,raw,0.8305,0.0624
SDXL_image_0003364.jpg,diffusion_sfhq,topographic,0.5404,0.0173
SDXL_image_0003364.jpg,diffusion_sfhq,edge,0.855,0.009
FLUX1_schnell_image_0017188.jpg,diffusion_sfhq,raw,0.8439,0.0519
FLUX1_schnell_image_0017188.jpg,diffusion_sfhq,topographic,0.5751,0.0172
FLUX1_schnell_image_0017188.jpg,diffusion_sfhq,edge,0.9294,0.004
SDXL_image_0020114.jpg,diffusion_sfhq,raw,0.763,0.0368
SDXL_image_0020114.jpg,diffusion_sfhq,topographic,0.588,0.0692
SDXL_image_0020114.jpg,diffusion_sfhq,edge,0.8935,0.0063
FLUX1_schnell_image_0030915.jpg,diffusion_sfhq,raw,0.758,0.0634
FLUX1_schnell_image_0030915.jpg,diffusion_sfhq,topographic,0.5379,0.0094
FLUX1_schnell_image_0030915.jpg,diffusion_sfhq,edge,0.8478,0.0177
SDXL_image_0040871.jpg,diffusion_sfhq,raw,0.8895,0.0564
SDXL_image_0040871.jpg,diffusion_sfhq,topographic,0.7754,0.0165
SDXL_image_0040871.jpg,diffusion_sfhq,edge,0.9751,0.0036
SDXL_image_0031092.jpg,diffusion_sfhq,raw,0.7921,0.0821
SDXL_image_0031092.jpg,diffusion_sfhq,topographic,0.5415,0.0193
SDXL_image_0031092.jpg,diffusion_sfhq,edge,0.841,0.0218
SDXL_image_0032102.jpg,diffusion_sfhq,raw,0.769,0.0948
SDXL_image_0032102.jpg,diffusion_sfhq,topographic,0.5785,0.1384
SDXL_image_0032102.jpg,diffusion_sfhq,edge,0.8186,0.0977
FLUX1_dev_image_0006209.jpg,diffusion_sfhq,raw,0.7781,0.1723
FLUX1_dev_image_0006209.jpg,diffusion_sfhq,topographic,0.6164,0.0498
FLUX1_dev_image_0006209.jpg,diffusion_sfhq,edge,0.896,0.0064
FLUX1_schnell_image_0018425.jpg,diffusion_sfhq,raw,0.7597,0.0261
FLUX1_schnell_image_0018425.jpg,diffusion_sfhq,topographic,0.5302,0.0511
FLUX1_schnell_image_0018425.jpg,diffusion_sfhq,edge,0.8194,0.0082
SDXL_image_0038111.jpg,diffusion_sfhq,raw,0.7973,0.0435
SDXL_image_0038111.jpg,diffusion_sfhq,topographic,0.5646,0.031
SDXL_image_0038111.jpg,diffusion_sfhq,edge,0.8849,0.0214
FLUX1_dev_image_0003085.jpg,diffusion_sfhq,raw,0.8825,0.0157
FLUX1_dev_image_0003085.jpg,diffusion_sfhq,topographic,0.6233,0.0393
FLUX1_dev_image_0003085.jpg,diffusion_sfhq,edge,0.8533,0.0124
SDXL_image_0035911.jpg,diffusion_sfhq,raw,0.8289,0.032
SDXL_image_0035911.jpg,diffusion_sfhq,topographic,0.531,0.0007
SDXL_image_0035911.jpg,diffusion_sfhq,edge,0.8325,0.0138
FLUX1_schnell_image_0029758.jpg,diffusion_sfhq,raw,0.6379,0.2974
FLUX1_schnell_image_0029758.jpg,diffusion_sfhq,topographic,0.5194,0.0061
FLUX1_schnell_image_0029758.jpg,diffusion_sfhq,edge,0.8128,0.0528
FLUX1_schnell_image_0041001.jpg,diffusion_sfhq,raw,0.7729,0.0765
FLUX1_schnell_image_0041001.jpg,diffusion_sfhq,topographic,0.5179,0.0771
FLUX1_schnell_image_0041001.jpg,diffusion_sfhq,edge,0.8078,0.0029
FLUX1_schnell_image_0023498.jpg,diffusion_sfhq,raw,0.887,0.0953
FLUX1_schnell_image_0023498.jpg,diffusion_sfhq,topographic,0.6102,0.1075
FLUX1_schnell_image_0023498.jpg,diffusion_sfhq,edge,0.9315,0.0386
FLUX1_pro_image_0000280.jpg,diffusion_sfhq,raw,0.724,0.0341
FLUX1_pro_image_0000280.jpg,diffusion_sfhq,topographic,0.6245,0.0643
FLUX1_pro_image_0000280.jpg,diffusion_sfhq,edge,0.9288,0.0092
FLUX1_schnell_image_0016056.jpg,diffusion_sfhq,raw,0.6841,0.297
FLUX1_schnell_image_0016056.jpg,diffusion_sfhq,topographic,0.5671,0.0955
FLUX1_schnell_image_0016056.jpg,diffusion_sfhq,edge,0.8565,0.0924
SDXL_image_0050090.jpg,diffusion_sfhq,raw,0.8309,0.0278
SDXL_image_0050090.jpg,diffusion_sfhq,topographic,0.6115,0.0392
SDXL_image_0050090.jpg,diffusion_sfhq,edge,0.8328,0.0312
SDXL_image_0004707.jpg,diffusion_sfhq,raw,0.8728,0.0029
SDXL_image_0004707.jpg,diffusion_sfhq,topographic,0.5793,0.0039
SDXL_image_0004707.jpg,diffusion_sfhq,edge,0.9109,0.0118
SDXL_image_0045265.jpg,diffusion_sfhq,raw,0.8179,0.068
SDXL_image_0045265.jpg,diffusion_sfhq,topographic,0.5513,0.0143
SDXL_image_0045265.jpg,diffusion_sfhq,edge,0.7698,0.0873
SDXL_image_0024483.jpg,diffusion_sfhq,raw,0.7696,0.0037
SDXL_image_0024483.jpg,diffusion_sfhq,topographic,0.516,0.104
SDXL_image_0024483.jpg,diffusion_sfhq,edge,0.6923,0.1569
FLUX1_schnell_image_0029656.jpg,diffusion_sfhq,raw,0.7759,0.0917
FLUX1_schnell_image_0029656.jpg,diffusion_sfhq,topographic,0.5501,0.0328
FLUX1_schnell_image_0029656.jpg,diffusion_sfhq,edge,0.804,0.013
FLUX1_schnell_image_0016272.jpg,diffusion_sfhq,raw,0.7944,0.0444
FLUX1_schnell_image_0016272.jpg,diffusion_sfhq,topographic,0.5287,0.0466
FLUX1_schnell_image_0016272.jpg,diffusion_sfhq,edge,0.7932,0.0152
SDXL_image_0016288.jpg,diffusion_sfhq,raw,0.7761,0.1002
SDXL_image_0016288.jpg,diffusion_sfhq,topographic,0.5748,0.0273
SDXL_image_0016288.jpg,diffusion_sfhq,edge,0.921,0.034
FLUX1_schnell_image_0053862.jpg,diffusion_sfhq,raw,0.8048,0.1007
FLUX1_schnell_image_0053862.jpg,diffusion_sfhq,topographic,0.5564,0.0191
FLUX1_schnell_image_0053862.jpg,diffusion_sfhq,edge,0.86,0.0457
FLUX1_schnell_image_0040276.jpg,diffusion_sfhq,raw,0.8173,0.0561
FLUX1_schnell_image_0040276.jpg,diffusion_sfhq,topographic,0.5584,0.0301
FLUX1_schnell_image_0040276.jpg,diffusion_sfhq,edge,0.9286,0.0216
SDXL_image_0046358.jpg,diffusion_sfhq,raw,0.8038,0.0821
SDXL_image_0046358.jpg,diffusion_sfhq,topographic,0.5096,0.0929
SDXL_image_0046358.jpg,diffusion_sfhq,edge,0.7873,0.0332
SDXL_image_0050275.jpg,diffusion_sfhq,raw,0.858,0.0348
SDXL_image_0050275.jpg,diffusion_sfhq,topographic,0.6085,0.1423
SDXL_image_0050275.jpg,diffusion_sfhq,edge,0.8955,0.0837
SDXL_image_0014636.jpg,diffusion_sfhq,raw,0.8562,0.0452
SDXL_image_0014636.jpg,diffusion_sfhq,topographic,0.5997,0.0339
SDXL_image_0014636.jpg,diffusion_sfhq,edge,0.8696,0.0126
FLUX1_schnell_image_0048567.jpg,diffusion_sfhq,raw,0.8093,0.1317
FLUX1_schnell_image_0048567.jpg,diffusion_sfhq,topographic,0.5932,0.0132
FLUX1_schnell_image_0048567.jpg,diffusion_sfhq,edge,0.8697,0.0051
FLUX1_schnell_image_0007124.jpg,diffusion_sfhq,raw,0.7889,0.0665
FLUX1_schnell_image_0007124.jpg,diffusion_sfhq,topographic,0.5329,0.0292
FLUX1_schnell_image_0007124.jpg,diffusion_sfhq,edge,0.7705,0.0483
FLUX1_schnell_image_0023123.jpg,diffusion_sfhq,raw,0.7172,0.2404
FLUX1_schnell_image_0023123.jpg,diffusion_sfhq,topographic,0.5813,0.0724
FLUX1_schnell_image_0023123.jpg,diffusion_sfhq,edge,0.8297,0.0522
FLUX1_schnell_image_0006699.jpg,diffusion_sfhq,raw,0.8441,0.081
FLUX1_schnell_image_0006699.jpg,diffusion_sfhq,topographic,0.6328,0.0635
FLUX1_schnell_image_0006699.jpg,diffusion_sfhq,edge,0.8823,0.026
FLUX1_schnell_image_0020729.jpg,diffusion_sfhq,raw,0.7712,0.0982
FLUX1_schnell_image_0020729.jpg,diffusion_sfhq,topographic,0.5509,0.0595
FLUX1_schnell_image_0020729.jpg,diffusion_sfhq,edge,0.8526,0.0088
SDXL_image_0028034.jpg,diffusion_sfhq,raw,0.8754,0.0314
SDXL_image_0028034.jpg,diffusion_sfhq,topographic,0.6165,0.0174
SDXL_image_0028034.jpg,diffusion_sfhq,edge,0.9284,0.0124
SDXL_image_0003943.jpg,diffusion_sfhq,raw,0.8443,0.0909
SDXL_image_0003943.jpg,diffusion_sfhq,topographic,0.6286,0.0652
SDXL_image_0003943.jpg,diffusion_sfhq,edge,0.9316,0.0284
SDXL_image_0001007.jpg,diffusion_sfhq,raw,0.7912,0.1348
SDXL_image_0001007.jpg,diffusion_sfhq,topographic,0.5587,0.0331
SDXL_image_0001007.jpg,diffusion_sfhq,edge,0.8823,0.0432
FLUX1_schnell_image_0022843.jpg,diffusion_sfhq,raw,0.8734,0.0302
FLUX1_schnell_image_0022843.jpg,diffusion_sfhq,topographic,0.6027,0.0065
FLUX1_schnell_image_0022843.jpg,diffusion_sfhq,edge,0.8386,0.0072
SDXL_image_0028299.jpg,diffusion_sfhq,raw,0.8531,0.067
SDXL_image_0028299.jpg,diffusion_sfhq,topographic,0.6476,0.0017
SDXL_image_0028299.jpg,diffusion_sfhq,edge,0.9738,0.0046
SDXL_image_0006989.jpg,diffusion_sfhq,raw,0.7607,0.1636
SDXL_image_0006989.jpg,diffusion_sfhq,topographic,0.5627,0.131
SDXL_image_0006989.jpg,diffusion_sfhq,edge,0.7874,0.1056
FLUX1_schnell_image_0044577.jpg,diffusion_sfhq,raw,0.8238,0.0268
FLUX1_schnell_image_0044577.jpg,diffusion_sfhq,topographic,0.5308,0.0418
FLUX1_schnell_image_0044577.jpg,diffusion_sfhq,edge,0.9129,0.0163
SDXL_image_0048082.jpg,diffusion_sfhq,raw,0.7812,0.0933
SDXL_image_0048082.jpg,diffusion_sfhq,topographic,0.5484,0.0311
SDXL_image_0048082.jpg,diffusion_sfhq,edge,0.8446,0.0698
SDXL_image_0006851.jpg,diffusion_sfhq,raw,0.7897,0.0347
SDXL_image_0006851.jpg,diffusion_sfhq,topographic,0.5735,0.0599
SDXL_image_0006851.jpg,diffusion_sfhq,edge,0.9214,0.022
FLUX1_schnell_image_0040770.jpg,diffusion_sfhq,raw,0.8411,0.026
FLUX1_schnell_image_0040770.jpg,diffusion_sfhq,topographic,0.569,0.0026
FLUX1_schnell_image_0040770.jpg,diffusion_sfhq,edge,0.835,0.0181
FLUX1_schnell_image_0035866.jpg,diffusion_sfhq,raw,0.8493,0.1075
FLUX1_schnell_image_0035866.jpg,diffusion_sfhq,topographic,0.6989,0.0344
FLUX1_schnell_image_0035866.jpg,diffusion_sfhq,edge,0.8787,0.0534
FLUX1_schnell_image_0017149.jpg,diffusion_sfhq,raw,0.7732,0.0344
FLUX1_schnell_image_0017149.jpg,diffusion_sfhq,topographic,0.5331,0.0707
FLUX1_schnell_image_0017149.jpg,diffusion_sfhq,edge,0.8594,0.056
FLUX1_schnell_image_0006529.jpg,diffusion_sfhq,raw,0.8588,0.0571
FLUX1_schnell_image_0006529.jpg,diffusion_sfhq,topographic,0.5567,0.0237
FLUX1_schnell_image_0006529.jpg,diffusion_sfhq,edge,0.8678,0.013
FLUX1_schnell_image_0055211.jpg,diffusion_sfhq,raw,0.8018,0.0635
FLUX1_schnell_image_0055211.jpg,diffusion_sfhq,topographic,0.5736,0.0112
FLUX1_schnell_image_0055211.jpg,diffusion_sfhq,edge,0.8292,0.0178
FLUX1_schnell_image_0053113.jpg,diffusion_sfhq,raw,0.7189,0.1377
FLUX1_schnell_image_0053113.jpg,diffusion_sfhq,topographic,0.5309,0.0997
FLUX1_schnell_image_0053113.jpg,diffusion_sfhq,edge,0.8075,0.0395
FLUX1_schnell_image_0000311.jpg,diffusion_sfhq,raw,0.8296,0.0551
FLUX1_schnell_image_0000311.jpg,diffusion_sfhq,topographic,0.5663,0.0356
FLUX1_schnell_image_0000311.jpg,diffusion_sfhq,edge,0.8601,0.0431
SDXL_image_0029448.jpg,diffusion_sfhq,raw,0.7118,0.0278
SDXL_image_0029448.jpg,diffusion_sfhq,topographic,0.5677,0.0217
SDXL_image_0029448.jpg,diffusion_sfhq,edge,0.8593,0.0071
FLUX1_dev_image_0005053.jpg,diffusion_sfhq,raw,0.8629,0.1032
FLUX1_dev_image_0005053.jpg,diffusion_sfhq,topographic,0.6075,0.0605
FLUX1_dev_image_0005053.jpg,diffusion_sfhq,edge,0.9438,0.0049
SDXL_image_0043264.jpg,diffusion_sfhq,raw,0.7244,0.133
SDXL_image_0043264.jpg,diffusion_sfhq,topographic,0.5419,0.0353
SDXL_image_0043264.jpg,diffusion_sfhq,edge,0.9044,0.0219
FLUX1_schnell_image_0002769.jpg,diffusion_sfhq,raw,0.7489,0.1838
FLUX1_schnell_image_0002769.jpg,diffusion_sfhq,topographic,0.5299,0.0436
FLUX1_schnell_image_0002769.jpg,diffusion_sfhq,edge,0.7682,0.0333
FLUX1_schnell_image_0008432.jpg,diffusion_sfhq,raw,0.8371,0.1087
FLUX1_schnell_image_0008432.jpg,diffusion_sfhq,topographic,0.6715,0.036
FLUX1_schnell_image_0008432.jpg,diffusion_sfhq,edge,0.8939,0.015
SDXL_image_0012615.jpg,diffusion_sfhq,raw,0.7826,0.0764
SDXL_image_0012615.jpg,diffusion_sfhq,topographic,0.6821,0.0225
SDXL_image_0012615.jpg,diffusion_sfhq,edge,0.9472,0.0047
FLUX1_schnell_image_0009368.jpg,diffusion_sfhq,raw,0.8845,0.0643
FLUX1_schnell_image_0009368.jpg,diffusion_sfhq,topographic,0.6796,0.0161
FLUX1_schnell_image_0009368.jpg,diffusion_sfhq,edge,0.8665,0.0164
SDXL_image_0034210.jpg,diffusion_sfhq,raw,0.7349,0.0864
SDXL_image_0034210.jpg,diffusion_sfhq,topographic,0.5209,0.155
SDXL_image_0034210.jpg,diffusion_sfhq,edge,0.8453,0.1224
SDXL_image_0019572.jpg,diffusion_sfhq,raw,0.8155,0.0421
SDXL_image_0019572.jpg,diffusion_sfhq,topographic,0.5612,0.0358
SDXL_image_0019572.jpg,diffusion_sfhq,edge,0.8875,0.0482
FLUX1_schnell_image_0043755.jpg,diffusion_sfhq,raw,0.7557,0.1562
FLUX1_schnell_image_0043755.jpg,diffusion_sfhq,topographic,0.5576,0.0301
FLUX1_schnell_image_0043755.jpg,diffusion_sfhq,edge,0.8902,0.0216
SDXL_image_0008542.jpg,diffusion_sfhq,raw,0.8153,0.086
SDXL_image_0008542.jpg,diffusion_sfhq,topographic,0.5159,0.002
SDXL_image_0008542.jpg,diffusion_sfhq,edge,0.8966,0.0144
FLUX1_dev_image_0007204.jpg,diffusion_sfhq,raw,0.8179,0.1203
FLUX1_dev_image_0007204.jpg,diffusion_sfhq,topographic,0.6277,0.08
FLUX1_dev_image_0007204.jpg,diffusion_sfhq,edge,0.9219,0.0343
FLUX1_schnell_image_0038852.jpg,diffusion_sfhq,raw,0.8126,0.1214
FLUX1_schnell_image_0038852.jpg,diffusion_sfhq,topographic,0.5603,0.0
FLUX1_schnell_image_0038852.jpg,diffusion_sfhq,edge,0.8563,0.0012
FLUX1_schnell_image_0038439.jpg,diffusion_sfhq,raw,0.8126,0.05
FLUX1_schnell_image_0038439.jpg,diffusion_sfhq,topographic,0.6203,0.0747
FLUX1_schnell_image_0038439.jpg,diffusion_sfhq,edge,0.8272,0.0768
SDXL_image_0008474.jpg,diffusion_sfhq,raw,0.7799,0.0883
SDXL_image_0008474.jpg,diffusion_sfhq,topographic,0.5619,0.1856
SDXL_image_0008474.jpg,diffusion_sfhq,edge,0.823,0.1225
FLUX1_schnell_image_0049773.jpg,diffusion_sfhq,raw,0.8628,0.0404
FLUX1_schnell_image_0049773.jpg,diffusion_sfhq,topographic,0.5855,0.0031
FLUX1_schnell_image_0049773.jpg,diffusion_sfhq,edge,0.8252,0.0025
FLUX1_schnell_image_0057779.jpg,diffusion_sfhq,raw,0.7718,0.0088
FLUX1_schnell_image_0057779.jpg,diffusion_sfhq,topographic,0.5521,0.0383
FLUX1_schnell_image_0057779.jpg,diffusion_sfhq,edge,0.8737,0.0021
FLUX1_schnell_image_0021357.jpg,diffusion_sfhq,raw,0.8135,0.0582
FLUX1_schnell_image_0021357.jpg,diffusion_sfhq,topographic,0.5688,0.0774
FLUX1_schnell_image_0021357.jpg,diffusion_sfhq,edge,0.8745,0.002
SDXL_image_0002875.jpg,diffusion_sfhq,raw,0.8189,0.0616
SDXL_image_0002875.jpg,diffusion_sfhq,topographic,0.5601,0.0243
SDXL_image_0002875.jpg,diffusion_sfhq,edge,0.9357,0.0048
SDXL_image_0043222.jpg,diffusion_sfhq,raw,0.7678,0.0421
SDXL_image_0043222.jpg,diffusion_sfhq,topographic,0.5823,0.026
SDXL_image_0043222.jpg,diffusion_sfhq,edge,0.8606,0.0019
FLUX1_dev_image_0000382.jpg,diffusion_sfhq,raw,0.8528,0.0488
FLUX1_dev_image_0000382.jpg,diffusion_sfhq,topographic,0.5918,0.0285
FLUX1_dev_image_0000382.jpg,diffusion_sfhq,edge,0.8932,0.0395
SDXL_image_0019546.jpg,diffusion_sfhq,raw,0.7949,0.1004
SDXL_image_0019546.jpg,diffusion_sfhq,topographic,0.5579,0.015
SDXL_image_0019546.jpg,diffusion_sfhq,edge,0.81,0.0158
SDXL_image_0024852.jpg,diffusion_sfhq,raw,0.7121,0.208
SDXL_image_0024852.jpg,diffusion_sfhq,topographic,0.5386,0.0547
SDXL_image_0024852.jpg,diffusion_sfhq,edge,0.8647,0.0109
FLUX1_schnell_image_0003412.jpg,diffusion_sfhq,raw,0.7957,0.042
FLUX1_schnell_image_0003412.jpg,diffusion_sfhq,topographic,0.6751,0.0433
FLUX1_schnell_image_0003412.jpg,diffusion_sfhq,edge,0.8538,0.0236
SDXL_image_0019733.jpg,diffusion_sfhq,raw,0.8311,0.1096
SDXL_image_0019733.jpg,diffusion_sfhq,topographic,0.6596,0.0561
SDXL_image_0019733.jpg,diffusion_sfhq,edge,0.8303,0.0505
SDXL_image_0046371.jpg,diffusion_sfhq,raw,0.7494,0.1242
SDXL_image_0046371.jpg,diffusion_sfhq,topographic,0.5402,0.0839
SDXL_image_0046371.jpg,diffusion_sfhq,edge,0.7913,0.0495
SDXL_image_0000744.jpg,diffusion_sfhq,raw,0.8074,0.0589
SDXL_image_0000744.jpg,diffusion_sfhq,topographic,0.5916,0.004
SDXL_image_0000744.jpg,diffusion_sfhq,edge,0.9273,0.0163
SDXL_image_0028806.jpg,diffusion_sfhq,raw,0.7808,0.1176
SDXL_image_0028806.jpg,diffusion_sfhq,topographic,0.5392,0.036
SDXL_image_0028806.jpg,diffusion_sfhq,edge,0.8693,0.0327
FLUX1_schnell_image_0023378.jpg,diffusion_sfhq,raw,0.8163,0.1121
FLUX1_schnell_image_0023378.jpg,diffusion_sfhq,topographic,0.5239,0.1089
FLUX1_schnell_image_0023378.jpg,diffusion_sfhq,edge,0.7963,0.0634
SDXL_image_0031129.jpg,diffusion_sfhq,raw,0.7863,0.0452
SDXL_image_0031129.jpg,diffusion_sfhq,topographic,0.5409,0.0235
SDXL_image_0031129.jpg,diffusion_sfhq,edge,0.8196,0.0287
SDXL_image_0014387.jpg,diffusion_sfhq,raw,0.7634,0.1057
SDXL_image_0014387.jpg,diffusion_sfhq,topographic,0.5454,0.0118
SDXL_image_0014387.jpg,diffusion_sfhq,edge,0.8603,0.0096
FLUX1_schnell_image_0033000.jpg,diffusion_sfhq,raw,0.8704,0.0273
FLUX1_schnell_image_0033000.jpg,diffusion_sfhq,topographic,0.5688,0.0254
FLUX1_schnell_image_0033000.jpg,diffusion_sfhq,edge,0.8534,0.0105
FLUX1_schnell_image_0003019.jpg,diffusion_sfhq,raw,0.8455,0.1023
FLUX1_schnell_image_0003019.jpg,diffusion_sfhq,topographic,0.5709,0.0286
FLUX1_schnell_image_0003019.jpg,diffusion_sfhq,edge,0.8477,0.004
FLUX1_schnell_image_0026879.jpg,diffusion_sfhq,raw,0.8442,0.0228
FLUX1_schnell_image_0026879.jpg,diffusion_sfhq,topographic,0.5694,0.0046
FLUX1_schnell_image_0026879.jpg,diffusion_sfhq,edge,0.8948,0.0117
FLUX1_schnell_image_0045407.jpg,diffusion_sfhq,raw,0.8753,0.0497
FLUX1_schnell_image_0045407.jpg,diffusion_sfhq,topographic,0.6818,0.0053
FLUX1_schnell_image_0045407.jpg,diffusion_sfhq,edge,0.9356,0.0284
FLUX1_schnell_image_0009129.jpg,diffusion_sfhq,raw,0.7671,0.1988
FLUX1_schnell_image_0009129.jpg,diffusion_sfhq,topographic,0.5776,0.0601
FLUX1_schnell_image_0009129.jpg,diffusion_sfhq,edge,0.8884,0.084
FLUX1_schnell_image_0047895.jpg,diffusion_sfhq,raw,0.7625,0.0628
FLUX1_schnell_image_0047895.jpg,diffusion_sfhq,topographic,0.5409,0.032
FLUX1_schnell_image_0047895.jpg,diffusion_sfhq,edge,0.8643,0.027
DALLE3_image_0000426.jpg,diffusion_sfhq,raw,0.7557,0.1503
DALLE3_image_0000426.jpg,diffusion_sfhq,topographic,0.5691,0.0083
DALLE3_image_0000426.jpg,diffusion_sfhq,edge,0.8841,0.0079
SDXL_image_0025032.jpg,diffusion_sfhq,raw,0.7047,0.0112
SDXL_image_0025032.jpg,diffusion_sfhq,topographic,0.5732,0.0329
SDXL_image_0025032.jpg,diffusion_sfhq,edge,0.8742,0.0304
SDXL_image_0045197.jpg,diffusion_sfhq,raw,0.7538,0.0382
SDXL_image_0045197.jpg,diffusion_sfhq,topographic,0.542,0.0195
SDXL_image_0045197.jpg,diffusion_sfhq,edge,0.7721,0.0452
SDXL_image_0024714.jpg,diffusion_sfhq,raw,0.7791,0.0234
SDXL_image_0024714.jpg,diffusion_sfhq,topographic,0.5894,0.005
SDXL_image_0024714.jpg,diffusion_sfhq,edge,0.8875,0.0264
FLUX1_schnell_image_0022927.jpg,diffusion_sfhq,raw,0.7942,0.118
FLUX1_schnell_image_0022927.jpg,diffusion_sfhq,topographic,0.6284,0.0481
FLUX1_schnell_image_0022927.jpg,diffusion_sfhq,edge,0.8668,0.0586
FLUX1_schnell_image_0054039.jpg,diffusion_sfhq,raw,0.8618,0.051
FLUX1_schnell_image_0054039.jpg,diffusion_sfhq,topographic,0.5547,0.0486
FLUX1_schnell_image_0054039.jpg,diffusion_sfhq,edge,0.8671,0.013
SDXL_image_0030258.jpg,diffusion_sfhq,raw,0.7229,0.055
SDXL_image_0030258.jpg,diffusion_sfhq,topographic,0.5986,0.0658
SDXL_image_0030258.jpg,diffusion_sfhq,edge,0.8861,0.0501
FLUX1_schnell_image_0011815.jpg,diffusion_sfhq,raw,0.8391,0.0234
FLUX1_schnell_image_0011815.jpg,diffusion_sfhq,topographic,0.7283,0.0395
FLUX1_schnell_image_0011815.jpg,diffusion_sfhq,edge,0.9048,0.0118
FLUX1_schnell_image_0054969.jpg,diffusion_sfhq,raw,0.8263,0.0109
FLUX1_schnell_image_0054969.jpg,diffusion_sfhq,topographic,0.5354,0.008
FLUX1_schnell_image_0054969.jpg,diffusion_sfhq,edge,0.7557,0.0376
SDXL_image_0050023.jpg,diffusion_sfhq,raw,0.7924,0.0691
SDXL_image_0050023.jpg,diffusion_sfhq,topographic,0.6093,0.0694
SDXL_image_0050023.jpg,diffusion_sfhq,edge,0.9451,0.0359
FLUX1_schnell_image_0002345.jpg,diffusion_sfhq,raw,0.8649,0.0377
FLUX1_schnell_image_0002345.jpg,diffusion_sfhq,topographic,0.5619,0.0074
FLUX1_schnell_image_0002345.jpg,diffusion_sfhq,edge,0.833,0.0326
SDXL_image_0044498.jpg,diffusion_sfhq,raw,0.7617,0.0193
SDXL_image_0044498.jpg,diffusion_sfhq,topographic,0.5953,0.0309
SDXL_image_0044498.jpg,diffusion_sfhq,edge,0.899,0.0144
SDXL_image_0012334.jpg,diffusion_sfhq,raw,0.7344,0.007
SDXL_image_0012334.jpg,diffusion_sfhq,topographic,0.5735,0.0562
SDXL_image_0012334.jpg,diffusion_sfhq,edge,0.8048,0.0044
FLUX1_schnell_image_0027528.jpg,diffusion_sfhq,raw,0.7688,0.1396
FLUX1_schnell_image_0027528.jpg,diffusion_sfhq,topographic,0.5709,0.0492
FLUX1_schnell_image_0027528.jpg,diffusion_sfhq,edge,0.8913,0.0123
SDXL_image_0040716.jpg,diffusion_sfhq,raw,0.8522,0.0829
SDXL_image_0040716.jpg,diffusion_sfhq,topographic,0.5749,0.019
SDXL_image_0040716.jpg,diffusion_sfhq,edge,0.8209,0.0052
SDXL_image_0014123.jpg,diffusion_sfhq,raw,0.7565,0.2003
SDXL_image_0014123.jpg,diffusion_sfhq,topographic,0.6189,0.0671
SDXL_image_0014123.jpg,diffusion_sfhq,edge,0.8821,0.0366
FLUX1_schnell_image_0054967.jpg,diffusion_sfhq,raw,0.8125,0.0655
FLUX1_schnell_image_0054967.jpg,diffusion_sfhq,topographic,0.5669,0.0426
FLUX1_schnell_image_0054967.jpg,diffusion_sfhq,edge,0.9182,0.0131
SDXL_image_0010188.jpg,diffusion_sfhq,raw,0.7938,0.0453
SDXL_image_0010188.jpg,diffusion_sfhq,topographic,0.6386,0.0435
SDXL_image_0010188.jpg,diffusion_sfhq,edge,0.886,0.0225
FLUX1_schnell_image_0014473.jpg,diffusion_sfhq,raw,0.8855,0.014
FLUX1_schnell_image_0014473.jpg,diffusion_sfhq,topographic,0.7104,0.0376
FLUX1_schnell_image_0014473.jpg,diffusion_sfhq,edge,0.9246,0.023
FLUX1_schnell_image_0008431.jpg,diffusion_sfhq,raw,0.8479,0.0013
FLUX1_schnell_image_0008431.jpg,diffusion_sfhq,topographic,0.7101,0.0311
FLUX1_schnell_image_0008431.jpg,diffusion_sfhq,edge,0.8531,0.0538
FLUX1_schnell_image_0037429.jpg,diffusion_sfhq,raw,0.8216,0.0922
FLUX1_schnell_image_0037429.jpg,diffusion_sfhq,topographic,0.6013,0.0117
FLUX1_schnell_image_0037429.jpg,diffusion_sfhq,edge,0.8867,0.0276
SDXL_image_0030330.jpg,diffusion_sfhq,raw,0.6651,0.2954
SDXL_image_0030330.jpg,diffusion_sfhq,topographic,0.6831,0.1555
SDXL_image_0030330.jpg,diffusion_sfhq,edge,0.9236,0.0477
FLUX1_schnell_image_0009573.jpg,diffusion_sfhq,raw,0.88,0.0177
FLUX1_schnell_image_0009573.jpg,diffusion_sfhq,topographic,0.6585,0.0399
FLUX1_schnell_image_0009573.jpg,diffusion_sfhq,edge,0.9252,0.0162
SDXL_image_0001060.jpg,diffusion_sfhq,raw,0.8284,0.0436
SDXL_image_0001060.jpg,diffusion_sfhq,topographic,0.6365,0.0198
SDXL_image_0001060.jpg,diffusion_sfhq,edge,0.9072,0.008
SDXL_image_0032447.jpg,diffusion_sfhq,raw,0.8481,0.048
SDXL_image_0032447.jpg,diffusion_sfhq,topographic,0.6748,0.0612
SDXL_image_0032447.jpg,diffusion_sfhq,edge,0.9097,0.0329
SDXL_image_0051310.jpg,diffusion_sfhq,raw,0.7508,0.0481
SDXL_image_0051310.jpg,diffusion_sfhq,topographic,0.628,0.0162
SDXL_image_0051310.jpg,diffusion_sfhq,edge,0.9524,0.0154
FLUX1_schnell_image_0057941.jpg,diffusion_sfhq,raw,0.79,0.0537
FLUX1_schnell_image_0057941.jpg,diffusion_sfhq,topographic,0.5645,0.0207
FLUX1_schnell_image_0057941.jpg,diffusion_sfhq,edge,0.9167,0.0242
SDXL_image_0050793.jpg,diffusion_sfhq,raw,0.7857,0.0532
SDXL_image_0050793.jpg,diffusion_sfhq,topographic,0.5831,0.0395
SDXL_image_0050793.jpg,diffusion_sfhq,edge,0.8577,0.0416
DALLE3_image_0000075.jpg,diffusion_sfhq,raw,0.7853,0.0065
DALLE3_image_0000075.jpg,diffusion_sfhq,topographic,0.6162,0.0039
DALLE3_image_0000075.jpg,diffusion_sfhq,edge,0.9167,0.0001
SDXL_image_0008874.jpg,diffusion_sfhq,raw,0.8046,0.1148
SDXL_image_0008874.jpg,diffusion_sfhq,topographic,0.5355,0.0634
SDXL_image_0008874.jpg,diffusion_sfhq,edge,0.8306,0.0692
FLUX1_schnell_image_0030898.jpg,diffusion_sfhq,raw,0.7742,0.1449
FLUX1_schnell_image_0030898.jpg,diffusion_sfhq,topographic,0.5301,0.0868
FLUX1_schnell_image_0030898.jpg,diffusion_sfhq,edge,0.8683,0.0092
FLUX1_schnell_image_0052468.jpg,diffusion_sfhq,raw,0.7455,0.114
FLUX1_schnell_image_0052468.jpg,diffusion_sfhq,topographic,0.5382,0.013
FLUX1_schnell_image_0052468.jpg,diffusion_sfhq,edge,0.8351,0.0111
FLUX1_dev_image_0001430.jpg,diffusion_sfhq,raw,0.8136,0.1508
FLUX1_dev_image_0001430.jpg,diffusion_sfhq,topographic,0.6487,0.0377
FLUX1_dev_image_0001430.jpg,diffusion_sfhq,edge,0.8783,0.0143
FLUX1_schnell_image_0003060.jpg,diffusion_sfhq,raw,0.8887,0.0074
FLUX1_schnell_image_0003060.jpg,diffusion_sfhq,topographic,0.592,0.0017
FLUX1_schnell_image_0003060.jpg,diffusion_sfhq,edge,0.7828,0.0176
SDXL_image_0052184.jpg,diffusion_sfhq,raw,0.7448,0.0505
SDXL_image_0052184.jpg,diffusion_sfhq,topographic,0.5554,0.0182
SDXL_image_0052184.jpg,diffusion_sfhq,edge,0.9063,0.019
FLUX1_schnell_image_0035995.jpg,diffusion_sfhq,raw,0.8446,0.0218
FLUX1_schnell_image_0035995.jpg,diffusion_sfhq,topographic,0.5608,0.0364
FLUX1_schnell_image_0035995.jpg,diffusion_sfhq,edge,0.848,0.0113
SDXL_image_0045573.jpg,diffusion_sfhq,raw,0.8338,0.0408
SDXL_image_0045573.jpg,diffusion_sfhq,topographic,0.6054,0.0206
SDXL_image_0045573.jpg,diffusion_sfhq,edge,0.8199,0.0208
SDXL_image_0039405.jpg,diffusion_sfhq,raw,0.7751,0.1152
SDXL_image_0039405.jpg,diffusion_sfhq,topographic,0.5403,0.0643
SDXL_image_0039405.jpg,diffusion_sfhq,edge,0.8809,0.0062
SDXL_image_0036139.jpg,diffusion_sfhq,raw,0.8316,0.0084
SDXL_image_0036139.jpg,diffusion_sfhq,topographic,0.6836,0.0462
SDXL_image_0036139.jpg,diffusion_sfhq,edge,0.9061,0.0172
FLUX1_schnell_image_0028717.jpg,diffusion_sfhq,raw,0.8452,0.1112
FLUX1_schnell_image_0028717.jpg,diffusion_sfhq,topographic,0.6341,0.0518
FLUX1_schnell_image_0028717.jpg,diffusion_sfhq,edge,0.8726,0.063
FLUX1_schnell_image_0019789.jpg,diffusion_sfhq,raw,0.8044,0.0904
FLUX1_schnell_image_0019789.jpg,diffusion_sfhq,topographic,0.5361,0.0837
FLUX1_schnell_image_0019789.jpg,diffusion_sfhq,edge,0.8575,0.0383
FLUX1_dev_image_0006470.jpg,diffusion_sfhq,raw,0.8078,0.1116
FLUX1_dev_image_0006470.jpg,diffusion_sfhq,topographic,0.5216,0.018
FLUX1_dev_image_0006470.jpg,diffusion_sfhq,edge,0.8394,0.0056
FLUX1_schnell_image_0019975.jpg,diffusion_sfhq,raw,0.806,0.0052
FLUX1_schnell_image_0019975.jpg,diffusion_sfhq,topographic,0.5561,0.0087
FLUX1_schnell_image_0019975.jpg,diffusion_sfhq,edge,0.89,0.0328
SDXL_image_0045480.jpg,diffusion_sfhq,raw,0.7641,0.0828
SDXL_image_0045480.jpg,diffusion_sfhq,topographic,0.5573,0.0275
SDXL_image_0045480.jpg,diffusion_sfhq,edge,0.8537,0.0398
SDXL_image_0004730.jpg,diffusion_sfhq,raw,0.8093,0.038
SDXL_image_0004730.jpg,diffusion_sfhq,topographic,0.622,0.0056
SDXL_image_0004730.jpg,diffusion_sfhq,edge,0.8986,0.0303
FLUX1_pro_image_0001927.jpg,diffusion_sfhq,raw,0.8184,0.0603
FLUX1_pro_image_0001927.jpg,diffusion_sfhq,topographic,0.6725,0.0188
FLUX1_pro_image_0001927.jpg,diffusion_sfhq,edge,0.8919,0.0288
FLUX1_pro_image_0002831.jpg,diffusion_sfhq,raw,0.742,0.1699
FLUX1_pro_image_0002831.jpg,diffusion_sfhq,topographic,0.5274,0.0927
FLUX1_pro_image_0002831.jpg,diffusion_sfhq,edge,0.7536,0.0855
SDXL_image_0026319.jpg,diffusion_sfhq,raw,0.7423,0.0108
SDXL_image_0026319.jpg,diffusion_sfhq,topographic,0.5619,0.021
SDXL_image_0026319.jpg,diffusion_sfhq,edge,0.8589,0.0161
FLUX1_schnell_image_0052125.jpg,diffusion_sfhq,raw,0.8934,0.0332
FLUX1_schnell_image_0052125.jpg,diffusion_sfhq,topographic,0.6601,0.0864
FLUX1_schnell_image_0052125.jpg,diffusion_sfhq,edge,0.8567,0.0064
SDXL_image_0037353.jpg,diffusion_sfhq,raw,0.8684,0.0574
SDXL_image_0037353.jpg,diffusion_sfhq,topographic,0.5856,0.0314
SDXL_image_0037353.jpg,diffusion_sfhq,edge,0.8837,0.0021
FLUX1_pro_image_0000676.jpg,diffusion_sfhq,raw,0.7361,0.2131
FLUX1_pro_image_0000676.jpg,diffusion_sfhq,topographic,0.6381,0.0261
FLUX1_pro_image_0000676.jpg,diffusion_sfhq,edge,0.9027,0.0374
SDXL_image_0030080.jpg,diffusion_sfhq,raw,0.7685,0.0456
SDXL_image_0030080.jpg,diffusion_sfhq,topographic,0.5813,0.0237
SDXL_image_0030080.jpg,diffusion_sfhq,edge,0.9003,0.0151
SDXL_image_0000185.jpg,diffusion_sfhq,raw,0.7904,0.0138
SDXL_image_0000185.jpg,diffusion_sfhq,topographic,0.6587,0.001
SDXL_image_0000185.jpg,diffusion_sfhq,edge,0.947,0.0084
SDXL_image_0030767.jpg,diffusion_sfhq,raw,0.854,0.0148
SDXL_image_0030767.jpg,diffusion_sfhq,topographic,0.5336,0.0032
SDXL_image_0030767.jpg,diffusion_sfhq,edge,0.8127,0.0472
FLUX1_schnell_image_0004881.jpg,diffusion_sfhq,raw,0.7548,0.1845
FLUX1_schnell_image_0004881.jpg,diffusion_sfhq,topographic,0.5506,0.0797
FLUX1_schnell_image_0004881.jpg,diffusion_sfhq,edge,0.871,0.031
FLUX1_schnell_image_0005226.jpg,diffusion_sfhq,raw,0.6757,0.2379
FLUX1_schnell_image_0005226.jpg,diffusion_sfhq,topographic,0.6083,0.0414
FLUX1_schnell_image_0005226.jpg,diffusion_sfhq,edge,0.8476,0.0221
SDXL_image_0016853.jpg,diffusion_sfhq,raw,0.7673,0.0597
SDXL_image_0016853.jpg,diffusion_sfhq,topographic,0.5936,0.0378
SDXL_image_0016853.jpg,diffusion_sfhq,edge,0.9534,0.0123
FLUX1_schnell_image_0050721.jpg,diffusion_sfhq,raw,0.8305,0.0661
FLUX1_schnell_image_0050721.jpg,diffusion_sfhq,topographic,0.6094,0.0019
FLUX1_schnell_image_0050721.jpg,diffusion_sfhq,edge,0.8994,0.0221
SDXL_image_0002426.jpg,diffusion_sfhq,raw,0.7974,0.1412
SDXL_image_0002426.jpg,diffusion_sfhq,topographic,0.5566,0.002
SDXL_image_0002426.jpg,diffusion_sfhq,edge,0.8019,0.0236
FLUX1_schnell_image_0010042.jpg,diffusion_sfhq,raw,0.8458,0.0193
FLUX1_schnell_image_0010042.jpg,diffusion_sfhq,topographic,0.549,0.0335
FLUX1_schnell_image_0010042.jpg,diffusion_sfhq,edge,0.9152,0.0379
FLUX1_schnell_image_0023146.jpg,diffusion_sfhq,raw,0.7875,0.1208
FLUX1_schnell_image_0023146.jpg,diffusion_sfhq,topographic,0.5109,0.0189
FLUX1_schnell_image_0023146.jpg,diffusion_sfhq,edge,0.8344,0.0149
FLUX1_schnell_image_0057590.jpg,diffusion_sfhq,raw,0.6334,0.2466
FLUX1_schnell_image_0057590.jpg,diffusion_sfhq,topographic,0.6876,0.1149
FLUX1_schnell_image_0057590.jpg,diffusion_sfhq,edge,0.8968,0.0543
SDXL_image_0044749.jpg,diffusion_sfhq,raw,0.8019,0.0674
SDXL_image_0044749.jpg,diffusion_sfhq,topographic,0.56,0.0606
SDXL_image_0044749.jpg,diffusion_sfhq,edge,0.8531,0.0037
SDXL_image_0009877.jpg,diffusion_sfhq,raw,0.8069,0.0692
SDXL_image_0009877.jpg,diffusion_sfhq,topographic,0.5663,0.0101
SDXL_image_0009877.jpg,diffusion_sfhq,edge,0.8899,0.0296
FLUX1_schnell_image_0043883.jpg,diffusion_sfhq,raw,0.8,0.009
FLUX1_schnell_image_0043883.jpg,diffusion_sfhq,topographic,0.5538,0.0566
FLUX1_schnell_image_0043883.jpg,diffusion_sfhq,edge,0.848,0.094
FLUX1_schnell_image_0016163.jpg,diffusion_sfhq,raw,0.7993,0.0732
FLUX1_schnell_image_0016163.jpg,diffusion_sfhq,topographic,0.5404,0.002
FLUX1_schnell_image_0016163.jpg,diffusion_sfhq,edge,0.8323,0.0372
SDXL_image_0052160.jpg,diffusion_sfhq,raw,0.8295,0.0267
SDXL_image_0052160.jpg,diffusion_sfhq,topographic,0.5234,0.0156
SDXL_image_0052160.jpg,diffusion_sfhq,edge,0.889,0.0133
SDXL_image_0001049.jpg,diffusion_sfhq,raw,0.7622,0.0483
SDXL_image_0001049.jpg,diffusion_sfhq,topographic,0.542,0.0974
SDXL_image_0001049.jpg,diffusion_sfhq,edge,0.8019,0.1018
SDXL_image_0029381.jpg,diffusion_sfhq,raw,0.7743,0.1054
SDXL_image_0029381.jpg,diffusion_sfhq,topographic,0.5297,0.1098
SDXL_image_0029381.jpg,diffusion_sfhq,edge,0.741,0.0813
SDXL_image_0026060.jpg,diffusion_sfhq,raw,0.8357,0.1412
SDXL_image_0026060.jpg,diffusion_sfhq,topographic,0.6621,0.0298
SDXL_image_0026060.jpg,diffusion_sfhq,edge,0.9362,0.0171
SDXL_image_0020805.jpg,diffusion_sfhq,raw,0.8508,0.0647
SDXL_image_0020805.jpg,diffusion_sfhq,topographic,0.6348,0.0602
SDXL_image_0020805.jpg,diffusion_sfhq,edge,0.8969,0.0182
FLUX1_schnell_image_0014767.jpg,diffusion_sfhq,raw,0.7772,0.0812
FLUX1_schnell_image_0014767.jpg,diffusion_sfhq,topographic,0.6002,0.0781
FLUX1_schnell_image_0014767.jpg,diffusion_sfhq,edge,0.8976,0.0073
SDXL_image_0023831.jpg,diffusion_sfhq,raw,0.7721,0.0196
SDXL_image_0023831.jpg,diffusion_sfhq,topographic,0.5958,0.0104
SDXL_image_0023831.jpg,diffusion_sfhq,edge,0.9,0.0258
FLUX1_schnell_image_0029268.jpg,diffusion_sfhq,raw,0.8583,0.0885
FLUX1_schnell_image_0029268.jpg,diffusion_sfhq,topographic,0.5397,0.0038
FLUX1_schnell_image_0029268.jpg,diffusion_sfhq,edge,0.8602,0.0114
FLUX1_schnell_image_0040716.jpg,diffusion_sfhq,raw,0.8151,0.0458
FLUX1_schnell_image_0040716.jpg,diffusion_sfhq,topographic,0.5655,0.0013
FLUX1_schnell_image_0040716.jpg,diffusion_sfhq,edge,0.8205,0.0088
SDXL_image_0018419.jpg,diffusion_sfhq,raw,0.8315,0.048
SDXL_image_0018419.jpg,diffusion_sfhq,topographic,0.6617,0.0607
SDXL_image_0018419.jpg,diffusion_sfhq,edge,0.9126,0.0269
SDXL_image_0015559.jpg,diffusion_sfhq,raw,0.7483,0.0141
SDXL_image_0015559.jpg,diffusion_sfhq,topographic,0.5886,0.0226
SDXL_image_0015559.jpg,diffusion_sfhq,edge,0.8294,0.0141
FLUX1_schnell_image_0037364.jpg,diffusion_sfhq,raw,0.762,0.0812
FLUX1_schnell_image_0037364.jpg,diffusion_sfhq,topographic,0.5171,0.0093
FLUX1_schnell_image_0037364.jpg,diffusion_sfhq,edge,0.837,0.0209
FLUX1_schnell_image_0045844.jpg,diffusion_sfhq,raw,0.6348,0.1733
FLUX1_schnell_image_0045844.jpg,diffusion_sfhq,topographic,0.5852,0.0725
FLUX1_schnell_image_0045844.jpg,diffusion_sfhq,edge,0.8455,0.0481
SDXL_image_0048318.jpg,diffusion_sfhq,raw,0.7915,0.0065
SDXL_image_0048318.jpg,diffusion_sfhq,topographic,0.5404,0.0233
SDXL_image_0048318.jpg,diffusion_sfhq,edge,0.8425,0.0626
FLUX1_schnell_image_0056266.jpg,diffusion_sfhq,raw,0.8399,0.0747
FLUX1_schnell_image_0056266.jpg,diffusion_sfhq,topographic,0.6426,0.0146
FLUX1_schnell_image_0056266.jpg,diffusion_sfhq,edge,0.9027,0.0226
FLUX1_schnell_image_0047601.jpg,diffusion_sfhq,raw,0.8509,0.0571
FLUX1_schnell_image_0047601.jpg,diffusion_sfhq,topographic,0.5206,0.0697
FLUX1_schnell_image_0047601.jpg,diffusion_sfhq,edge,0.8174,0.0389
FLUX1_schnell_image_0004258.jpg,diffusion_sfhq,raw,0.8801,0.0916
FLUX1_schnell_image_0004258.jpg,diffusion_sfhq,topographic,0.6701,0.0064
FLUX1_schnell_image_0004258.jpg,diffusion_sfhq,edge,0.9255,0.0146
FLUX1_schnell_image_0020897.jpg,diffusion_sfhq,raw,0.8685,0.0015
FLUX1_schnell_image_0020897.jpg,diffusion_sfhq,topographic,0.6014,0.0127
FLUX1_schnell_image_0020897.jpg,diffusion_sfhq,edge,0.8762,0.0071
FLUX1_schnell_image_0017854.jpg,diffusion_sfhq,raw,0.817,0.0532
FLUX1_schnell_image_0017854.jpg,diffusion_sfhq,topographic,0.5721,0.0489
FLUX1_schnell_image_0017854.jpg,diffusion_sfhq,edge,0.9081,0.0481
FLUX1_dev_image_0007270.jpg,diffusion_sfhq,raw,0.8412,0.0402
FLUX1_dev_image_0007270.jpg,diffusion_sfhq,topographic,0.5986,0.0092
FLUX1_dev_image_0007270.jpg,diffusion_sfhq,edge,0.8629,0.0008
FLUX1_schnell_image_0032726.jpg,diffusion_sfhq,raw,0.7244,0.2044
FLUX1_schnell_image_0032726.jpg,diffusion_sfhq,topographic,0.5654,0.1098
FLUX1_schnell_image_0032726.jpg,diffusion_sfhq,edge,0.8368,0.041
FLUX1_dev_image_0001635.jpg,diffusion_sfhq,raw,0.812,0.1508
FLUX1_dev_image_0001635.jpg,diffusion_sfhq,topographic,0.6047,0.0175
FLUX1_dev_image_0001635.jpg,diffusion_sfhq,edge,0.9237,0.0242
SDXL_image_0007477.jpg,diffusion_sfhq,raw,0.7483,0.0643
SDXL_image_0007477.jpg,diffusion_sfhq,topographic,0.556,0.0658
SDXL_image_0007477.jpg,diffusion_sfhq,edge,0.8844,0.0206
SDXL_image_0002966.jpg,diffusion_sfhq,raw,0.8573,0.0733
SDXL_image_0002966.jpg,diffusion_sfhq,topographic,0.7218,0.003
SDXL_image_0002966.jpg,diffusion_sfhq,edge,0.9106,0.0088
FLUX1_schnell_image_0018565.jpg,diffusion_sfhq,raw,0.8326,0.0265
FLUX1_schnell_image_0018565.jpg,diffusion_sfhq,topographic,0.5658,0.037
FLUX1_schnell_image_0018565.jpg,diffusion_sfhq,edge,0.7808,0.0167
SDXL_image_0007495.jpg,diffusion_sfhq,raw,0.8205,0.0842
SDXL_image_0007495.jpg,diffusion_sfhq,topographic,0.6545,0.0378
SDXL_image_0007495.jpg,diffusion_sfhq,edge,0.8828,0.0269
FLUX1_schnell_image_0017267.jpg,diffusion_sfhq,raw,0.7686,0.0702
FLUX1_schnell_image_0017267.jpg,diffusion_sfhq,topographic,0.5687,0.0595
FLUX1_schnell_image_0017267.jpg,diffusion_sfhq,edge,0.8472,0.0749
DALLE3_image_0000943.jpg,diffusion_sfhq,raw,0.7565,0.0249
DALLE3_image_0000943.jpg,diffusion_sfhq,topographic,0.6244,0.0642
DALLE3_image_0000943.jpg,diffusion_sfhq,edge,0.9282,0.0367
FLUX1_pro_image_0000910.jpg,diffusion_sfhq,raw,0.752,0.0117
FLUX1_pro_image_0000910.jpg,diffusion_sfhq,topographic,0.6422,0.0089
FLUX1_pro_image_0000910.jpg,diffusion_sfhq,edge,0.8759,0.0042
SDXL_image_0023162.jpg,diffusion_sfhq,raw,0.7298,0.1058
SDXL_image_0023162.jpg,diffusion_sfhq,topographic,0.5253,0.0273
SDXL_image_0023162.jpg,diffusion_sfhq,edge,0.7486,0.0271
SDXL_image_0013094.jpg,diffusion_sfhq,raw,0.7539,0.0966
SDXL_image_0013094.jpg,diffusion_sfhq,topographic,0.5402,0.0971
SDXL_image_0013094.jpg,diffusion_sfhq,edge,0.8644,0.0195
FLUX1_dev_image_0006594.jpg,diffusion_sfhq,raw,0.7543,0.0336
FLUX1_dev_image_0006594.jpg,diffusion_sfhq,topographic,0.5649,0.0279
FLUX1_dev_image_0006594.jpg,diffusion_sfhq,edge,0.8547,0.0404
FLUX1_schnell_image_0018411.jpg,diffusion_sfhq,raw,0.7929,0.0167
FLUX1_schnell_image_0018411.jpg,diffusion_sfhq,topographic,0.5757,0.0108
FLUX1_schnell_image_0018411.jpg,diffusion_sfhq,edge,0.9022,0.0217
FLUX1_pro_image_0000439.jpg,diffusion_sfhq,raw,0.7602,0.0546
FLUX1_pro_image_0000439.jpg,diffusion_sfhq,topographic,0.4979,0.1117
FLUX1_pro_image_0000439.jpg,diffusion_sfhq,edge,0.833,0.0056
SDXL_image_0049079.jpg,diffusion_sfhq,raw,0.8045,0.1066
SDXL_image_0049079.jpg,diffusion_sfhq,topographic,0.6277,0.0435
SDXL_image_0049079.jpg,diffusion_sfhq,edge,0.8106,0.0471
FLUX1_dev_image_0002995.jpg,diffusion_sfhq,raw,0.7394,0.2269
FLUX1_dev_image_0002995.jpg,diffusion_sfhq,topographic,0.6017,0.0635
FLUX1_dev_image_0002995.jpg,diffusion_sfhq,edge,0.8877,0.0679
SDXL_image_0043072.jpg,diffusion_sfhq,raw,0.7953,0.1879
SDXL_image_0043072.jpg,diffusion_sfhq,topographic,0.5903,0.1173
SDXL_image_0043072.jpg,diffusion_sfhq,edge,0.9179,0.0637
FLUX1_schnell_image_0031720.jpg,diffusion_sfhq,raw,0.7804,0.0455
FLUX1_schnell_image_0031720.jpg,diffusion_sfhq,topographic,0.5864,0.0011
FLUX1_schnell_image_0031720.jpg,diffusion_sfhq,edge,0.8638,0.0068
FLUX1_pro_image_0000892.jpg,diffusion_sfhq,raw,0.7962,0.099
FLUX1_pro_image_0000892.jpg,diffusion_sfhq,topographic,0.5559,0.0312
FLUX1_pro_image_0000892.jpg,diffusion_sfhq,edge,0.8811,0.013
FLUX1_schnell_image_0055818.jpg,diffusion_sfhq,raw,0.8242,0.0163
FLUX1_schnell_image_0055818.jpg,diffusion_sfhq,topographic,0.5626,0.0371
FLUX1_schnell_image_0055818.jpg,diffusion_sfhq,edge,0.89,0.024
FLUX1_schnell_image_0019599.jpg,diffusion_sfhq,raw,0.8709,0.0054
FLUX1_schnell_image_0019599.jpg,diffusion_sfhq,topographic,0.6341,0.0236
FLUX1_schnell_image_0019599.jpg,diffusion_sfhq,edge,0.8424,0.054
FLUX1_schnell_image_0024906.jpg,diffusion_sfhq,raw,0.7315,0.1134
FLUX1_schnell_image_0024906.jpg,diffusion_sfhq,topographic,0.5453,0.007
FLUX1_schnell_image_0024906.jpg,diffusion_sfhq,edge,0.8696,0.0135
SDXL_image_0018064.jpg,diffusion_sfhq,raw,0.8671,0.033
SDXL_image_0018064.jpg,diffusion_sfhq,topographic,0.5993,0.0389
SDXL_image_0018064.jpg,diffusion_sfhq,edge,0.8853,0.0207
FLUX1_schnell_image_0052050.jpg,diffusion_sfhq,raw,0.7676,0.0279
FLUX1_schnell_image_0052050.jpg,diffusion_sfhq,topographic,0.5135,0.0031
FLUX1_schnell_image_0052050.jpg,diffusion_sfhq,edge,0.8282,0.0027
FLUX1_schnell_image_0016483.jpg,diffusion_sfhq,raw,0.8376,0.0887
FLUX1_schnell_image_0016483.jpg,diffusion_sfhq,topographic,0.5562,0.0627
FLUX1_schnell_image_0016483.jpg,diffusion_sfhq,edge,0.8607,0.0091
SDXL_image_0001041.jpg,diffusion_sfhq,raw,0.7254,0.1825
SDXL_image_0001041.jpg,diffusion_sfhq,topographic,0.5249,0.0094
SDXL_image_0001041.jpg,diffusion_sfhq,edge,0.7927,0.0057
FLUX1_schnell_image_0005740.jpg,diffusion_sfhq,raw,0.7409,0.1582
FLUX1_schnell_image_0005740.jpg,diffusion_sfhq,topographic,0.5505,0.0479
FLUX1_schnell_image_0005740.jpg,diffusion_sfhq,edge,0.8436,0.0833
SDXL_image_0025197.jpg,diffusion_sfhq,raw,0.7754,0.1391
SDXL_image_0025197.jpg,diffusion_sfhq,topographic,0.6258,0.0126
SDXL_image_0025197.jpg,diffusion_sfhq,edge,0.8877,0.0132
SDXL_image_0053026.jpg,diffusion_sfhq,raw,0.808,0.0731
SDXL_image_0053026.jpg,diffusion_sfhq,topographic,0.5725,0.0452
SDXL_image_0053026.jpg,diffusion_sfhq,edge,0.9207,0.0267
SDXL_image_0046055.jpg,diffusion_sfhq,raw,0.7175,0.0824
SDXL_image_0046055.jpg,diffusion_sfhq,topographic,0.6158,0.0017
SDXL_image_0046055.jpg,diffusion_sfhq,edge,0.8783,0.0003
SDXL_image_0005213.jpg,diffusion_sfhq,raw,0.7868,0.0554
SDXL_image_0005213.jpg,diffusion_sfhq,topographic,0.5905,0.0232
SDXL_image_0005213.jpg,diffusion_sfhq,edge,0.8691,0.0111
SDXL_image_0005892.jpg,diffusion_sfhq,raw,0.7745,0.0454
SDXL_image_0005892.jpg,diffusion_sfhq,topographic,0.6043,0.0051
SDXL_image_0005892.jpg,diffusion_sfhq,edge,0.9572,0.0027
FLUX1_schnell_image_0050378.jpg,diffusion_sfhq,raw,0.8247,0.022
FLUX1_schnell_image_0050378.jpg,diffusion_sfhq,topographic,0.597,0.0189
FLUX1_schnell_image_0050378.jpg,diffusion_sfhq,edge,0.8839,0.0044
FLUX1_schnell_image_0020254.jpg,diffusion_sfhq,raw,0.7863,0.11
FLUX1_schnell_image_0020254.jpg,diffusion_sfhq,topographic,0.5785,0.067
FLUX1_schnell_image_0020254.jpg,diffusion_sfhq,edge,0.8237,0.0025
SDXL_image_0033232.jpg,diffusion_sfhq,raw,0.6856,0.0818
SDXL_image_0033232.jpg,diffusion_sfhq,topographic,0.5409,0.1792
SDXL_image_0033232.jpg,diffusion_sfhq,edge,0.8451,0.1113
FLUX1_schnell_image_0050418.jpg,diffusion_sfhq,raw,0.7831,0.1526
FLUX1_schnell_image_0050418.jpg,diffusion_sfhq,topographic,0.5425,0.0904
FLUX1_schnell_image_0050418.jpg,diffusion_sfhq,edge,0.8088,0.1454
SDXL_image_0036234.jpg,diffusion_sfhq,raw,0.7609,0.0024
SDXL_image_0036234.jpg,diffusion_sfhq,topographic,0.6186,0.0115
SDXL_image_0036234.jpg,diffusion_sfhq,edge,0.9268,0.0087
FLUX1_schnell_image_0041775.jpg,diffusion_sfhq,raw,0.7379,0.0462
FLUX1_schnell_image_0041775.jpg,diffusion_sfhq,topographic,0.5248,0.0209
FLUX1_schnell_image_0041775.jpg,diffusion_sfhq,edge,0.8185,0.0269
FLUX1_schnell_image_0013358.jpg,diffusion_sfhq,raw,0.8191,0.1705
FLUX1_schnell_image_0013358.jpg,diffusion_sfhq,topographic,0.7078,0.0307
FLUX1_schnell_image_0013358.jpg,diffusion_sfhq,edge,0.8835,0.0385
FLUX1_schnell_image_0000760.jpg,diffusion_sfhq,raw,0.9147,0.0186
FLUX1_schnell_image_0000760.jpg,diffusion_sfhq,topographic,0.6619,0.0054
FLUX1_schnell_image_0000760.jpg,diffusion_sfhq,edge,0.9148,0.0218
FLUX1_schnell_image_0001101.jpg,diffusion_sfhq,raw,0.8439,0.0071
FLUX1_schnell_image_0001101.jpg,diffusion_sfhq,topographic,0.5415,0.0326
FLUX1_schnell_image_0001101.jpg,diffusion_sfhq,edge,0.8602,0.0189
SDXL_image_0016753.jpg,diffusion_sfhq,raw,0.866,0.0017
SDXL_image_0016753.jpg,diffusion_sfhq,topographic,0.5297,0.0698
SDXL_image_0016753.jpg,diffusion_sfhq,edge,0.7954,0.0851
FLUX1_schnell_image_0044920.jpg,diffusion_sfhq,raw,0.8851,0.0773
FLUX1_schnell_image_0044920.jpg,diffusion_sfhq,topographic,0.6075,0.0162
FLUX1_schnell_image_0044920.jpg,diffusion_sfhq,edge,0.8996,0.0164
FLUX1_schnell_image_0034855.jpg,diffusion_sfhq,raw,0.7758,0.0238
FLUX1_schnell_image_0034855.jpg,diffusion_sfhq,topographic,0.5359,0.0418
FLUX1_schnell_image_0034855.jpg,diffusion_sfhq,edge,0.8776,0.0407
FLUX1_schnell_image_0043941.jpg,diffusion_sfhq,raw,0.8393,0.1432
FLUX1_schnell_image_0043941.jpg,diffusion_sfhq,topographic,0.6215,0.0783
FLUX1_schnell_image_0043941.jpg,diffusion_sfhq,edge,0.8553,0.0603
FLUX1_schnell_image_0042304.jpg,diffusion_sfhq,raw,0.9153,0.0494
FLUX1_schnell_image_0042304.jpg,diffusion_sfhq,topographic,0.695,0.0094
FLUX1_schnell_image_0042304.jpg,diffusion_sfhq,edge,0.8945,0.0083
FLUX1_schnell_image_0049638.jpg,diffusion_sfhq,raw,0.831,0.05
FLUX1_schnell_image_0049638.jpg,diffusion_sfhq,topographic,0.5047,0.0076
FLUX1_schnell_image_0049638.jpg,diffusion_sfhq,edge,0.8305,0.0223
SDXL_image_0043622.jpg,diffusion_sfhq,raw,0.7335,0.0935
SDXL_image_0043622.jpg,diffusion_sfhq,topographic,0.5206,0.0343
SDXL_image_0043622.jpg,diffusion_sfhq,edge,0.8205,0.0024
SDXL_image_0025948.jpg,diffusion_sfhq,raw,0.8134,0.0519
SDXL_image_0025948.jpg,diffusion_sfhq,topographic,0.5376,0.0387
SDXL_image_0025948.jpg,diffusion_sfhq,edge,0.8233,0.042
FLUX1_dev_image_0005978.jpg,diffusion_sfhq,raw,0.8345,0.0456
FLUX1_dev_image_0005978.jpg,diffusion_sfhq,topographic,0.6471,0.0006
FLUX1_dev_image_0005978.jpg,diffusion_sfhq,edge,0.9104,0.0171
SDXL_image_0018639.jpg,diffusion_sfhq,raw,0.8487,0.0592
SDXL_image_0018639.jpg,diffusion_sfhq,topographic,0.5554,0.0729
SDXL_image_0018639.jpg,diffusion_sfhq,edge,0.8752,0.0615
SDXL_image_0016028.jpg,diffusion_sfhq,raw,0.8203,0.0845
SDXL_image_0016028.jpg,diffusion_sfhq,topographic,0.5498,0.1292
SDXL_image_0016028.jpg,diffusion_sfhq,edge,0.8895,0.0382
SDXL_image_0015074.jpg,diffusion_sfhq,raw,0.7982,0.0444
SDXL_image_0015074.jpg,diffusion_sfhq,topographic,0.5555,0.0216
SDXL_image_0015074.jpg,diffusion_sfhq,edge,0.9178,0.0238
FLUX1_schnell_image_0001296.jpg,diffusion_sfhq,raw,0.6247,0.1945
FLUX1_schnell_image_0001296.jpg,diffusion_sfhq,topographic,0.6757,0.0077
FLUX1_schnell_image_0001296.jpg,diffusion_sfhq,edge,0.915,0.0094
FLUX1_dev_image_0006822.jpg,diffusion_sfhq,raw,0.7589,0.1817
FLUX1_dev_image_0006822.jpg,diffusion_sfhq,topographic,0.5883,0.0165
FLUX1_dev_image_0006822.jpg,diffusion_sfhq,edge,0.9148,0.0095
FLUX1_schnell_image_0041192.jpg,diffusion_sfhq,raw,0.7857,0.1102
FLUX1_schnell_image_0041192.jpg,diffusion_sfhq,topographic,0.5267,0.0179
FLUX1_schnell_image_0041192.jpg,diffusion_sfhq,edge,0.8354,0.04
SDXL_image_0025835.jpg,diffusion_sfhq,raw,0.8317,0.1516
SDXL_image_0025835.jpg,diffusion_sfhq,topographic,0.6045,0.0332
SDXL_image_0025835.jpg,diffusion_sfhq,edge,0.9203,0.0285
FLUX1_schnell_image_0032886.jpg,diffusion_sfhq,raw,0.8169,0.1256
FLUX1_schnell_image_0032886.jpg,diffusion_sfhq,topographic,0.6277,0.0409
FLUX1_schnell_image_0032886.jpg,diffusion_sfhq,edge,0.9345,0.0098
SDXL_image_0035326.jpg,diffusion_sfhq,raw,0.7509,0.0648
SDXL_image_0035326.jpg,diffusion_sfhq,topographic,0.5694,0.0238
SDXL_image_0035326.jpg,diffusion_sfhq,edge,0.9031,0.0099
SDXL_image_0043339.jpg,diffusion_sfhq,raw,0.7862,0.0967
SDXL_image_0043339.jpg,diffusion_sfhq,topographic,0.5318,0.0578
SDXL_image_0043339.jpg,diffusion_sfhq,edge,0.8592,0.0107
FLUX1_schnell_image_0002720.jpg,diffusion_sfhq,raw,0.7329,0.1637
FLUX1_schnell_image_0002720.jpg,diffusion_sfhq,topographic,0.561,0.0019
FLUX1_schnell_image_0002720.jpg,diffusion_sfhq,edge,0.8208,0.0423
FLUX1_schnell_image_0020995.jpg,diffusion_sfhq,raw,0.8767,0.0444
FLUX1_schnell_image_0020995.jpg,diffusion_sfhq,topographic,0.529,0.0309
FLUX1_schnell_image_0020995.jpg,diffusion_sfhq,edge,0.9244,0.0044
FLUX1_schnell_image_0013513.jpg,diffusion_sfhq,raw,0.8423,0.0803
FLUX1_schnell_image_0013513.jpg,diffusion_sfhq,topographic,0.6958,0.0033
FLUX1_schnell_image_0013513.jpg,diffusion_sfhq,edge,0.8876,0.0346
FLUX1_schnell_image_0013332.jpg,diffusion_sfhq,raw,0.8492,0.0408
FLUX1_schnell_image_0013332.jpg,diffusion_sfhq,topographic,0.5281,0.0381
FLUX1_schnell_image_0013332.jpg,diffusion_sfhq,edge,0.8636,0.0031
SDXL_image_0000655.jpg,diffusion_sfhq,raw,0.8044,0.0171
SDXL_image_0000655.jpg,diffusion_sfhq,topographic,0.5226,0.0163
SDXL_image_0000655.jpg,diffusion_sfhq,edge,0.8047,0.0833
FLUX1_schnell_image_0047224.jpg,diffusion_sfhq,raw,0.7371,0.2016
FLUX1_schnell_image_0047224.jpg,diffusion_sfhq,topographic,0.5647,0.0944
FLUX1_schnell_image_0047224.jpg,diffusion_sfhq,edge,0.8523,0.0631
FLUX1_schnell_image_0006771.jpg,diffusion_sfhq,raw,0.8792,0.0996
FLUX1_schnell_image_0006771.jpg,diffusion_sfhq,topographic,0.6339,0.1283
FLUX1_schnell_image_0006771.jpg,diffusion_sfhq,edge,0.8894,0.0852
FLUX1_schnell_image_0043718.jpg,diffusion_sfhq,raw,0.8373,0.032
FLUX1_schnell_image_0043718.jpg,diffusion_sfhq,topographic,0.6023,0.0319
FLUX1_schnell_image_0043718.jpg,diffusion_sfhq,edge,0.9153,0.0225
FLUX1_schnell_image_0012449.jpg,diffusion_sfhq,raw,0.8539,0.0941
FLUX1_schnell_image_0012449.jpg,diffusion_sfhq,topographic,0.6486,0.0947
FLUX1_schnell_image_0012449.jpg,diffusion_sfhq,edge,0.9285,0.0403
FLUX1_schnell_image_0024915.jpg,diffusion_sfhq,raw,0.6156,0.3408
FLUX1_schnell_image_0024915.jpg,diffusion_sfhq,topographic,0.5436,0.1622
FLUX1_schnell_image_0024915.jpg,diffusion_sfhq,edge,0.8494,0.0002
FLUX1_schnell_image_0049062.jpg,diffusion_sfhq,raw,0.9065,0.0232
FLUX1_schnell_image_0049062.jpg,diffusion_sfhq,topographic,0.6854,0.0163
FLUX1_schnell_image_0049062.jpg,diffusion_sfhq,edge,0.8973,0.005
FLUX1_schnell_image_0021146.jpg,diffusion_sfhq,raw,0.7864,0.1547
FLUX1_schnell_image_0021146.jpg,diffusion_sfhq,topographic,0.5291,0.0264
FLUX1_schnell_image_0021146.jpg,diffusion_sfhq,edge,0.8475,0.0351
SDXL_image_0045018.jpg,diffusion_sfhq,raw,0.7013,0.0307
SDXL_image_0045018.jpg,diffusion_sfhq,topographic,0.5127,0.0558
SDXL_image_0045018.jpg,diffusion_sfhq,edge,0.7277,0.1508
SDXL_image_0051419.jpg,diffusion_sfhq,raw,0.7008,0.1042
SDXL_image_0051419.jpg,diffusion_sfhq,topographic,0.5603,0.0282
SDXL_image_0051419.jpg,diffusion_sfhq,edge,0.886,0.0251
FLUX1_pro_image_0001485.jpg,diffusion_sfhq,raw,0.7842,0.0847
FLUX1_pro_image_0001485.jpg,diffusion_sfhq,topographic,0.5429,0.069
FLUX1_pro_image_0001485.jpg,diffusion_sfhq,edge,0.8693,0.0345
FLUX1_schnell_image_0046504.jpg,diffusion_sfhq,raw,0.8847,0.0687
FLUX1_schnell_image_0046504.jpg,diffusion_sfhq,topographic,0.6668,0.0168
FLUX1_schnell_image_0046504.jpg,diffusion_sfhq,edge,0.9282,0.0263
SDXL_image_0036304.jpg,diffusion_sfhq,raw,0.7739,0.0436
SDXL_image_0036304.jpg,diffusion_sfhq,topographic,0.5709,0.0664
SDXL_image_0036304.jpg,diffusion_sfhq,edge,0.8093,0.0084
SDXL_image_0043296.jpg,diffusion_sfhq,raw,0.7891,0.0586
SDXL_image_0043296.jpg,diffusion_sfhq,topographic,0.5651,0.014
SDXL_image_0043296.jpg,diffusion_sfhq,edge,0.9159,0.0228
SDXL_image_0042591.jpg,diffusion_sfhq,raw,0.7982,0.0756
SDXL_image_0042591.jpg,diffusion_sfhq,topographic,0.6224,0.0244
SDXL_image_0042591.jpg,diffusion_sfhq,edge,0.9293,0.0096
SDXL_image_0002495.jpg,diffusion_sfhq,raw,0.7618,0.0397
SDXL_image_0002495.jpg,diffusion_sfhq,topographic,0.522,0.0064
SDXL_image_0002495.jpg,diffusion_sfhq,edge,0.8331,0.0454
FLUX1_schnell_image_0001230.jpg,diffusion_sfhq,raw,0.7574,0.0194
FLUX1_schnell_image_0001230.jpg,diffusion_sfhq,topographic,0.5322,0.0145
FLUX1_schnell_image_0001230.jpg,diffusion_sfhq,edge,0.8646,0.0086
FLUX1_dev_image_0005508.jpg,diffusion_sfhq,raw,0.8112,0.0274
FLUX1_dev_image_0005508.jpg,diffusion_sfhq,topographic,0.5942,0.1275
FLUX1_dev_image_0005508.jpg,diffusion_sfhq,edge,0.8831,0.0256
SDXL_image_0015856.jpg,diffusion_sfhq,raw,0.7259,0.2349
SDXL_image_0015856.jpg,diffusion_sfhq,topographic,0.602,0.0008
SDXL_image_0015856.jpg,diffusion_sfhq,edge,0.9453,0.0145
SDXL_image_0001218.jpg,diffusion_sfhq,raw,0.7817,0.0379
SDXL_image_0001218.jpg,diffusion_sfhq,topographic,0.539,0.0143
SDXL_image_0001218.jpg,diffusion_sfhq,edge,0.8301,0.0398
SDXL_image_0039976.jpg,diffusion_sfhq,raw,0.7971,0.091
SDXL_image_0039976.jpg,diffusion_sfhq,topographic,0.5594,0.0233
SDXL_image_0039976.jpg,diffusion_sfhq,edge,0.8924,0.0069
FLUX1_dev_image_0000812.jpg,diffusion_sfhq,raw,0.7675,0.1835
FLUX1_dev_image_0000812.jpg,diffusion_sfhq,topographic,0.595,0.0077
FLUX1_dev_image_0000812.jpg,diffusion_sfhq,edge,0.8641,0.0291
FLUX1_schnell_image_0000620.jpg,diffusion_sfhq,raw,0.6196,0.31
FLUX1_schnell_image_0000620.jpg,diffusion_sfhq,topographic,0.5541,0.0335
FLUX1_schnell_image_0000620.jpg,diffusion_sfhq,edge,0.8668,0.0052
SDXL_image_0051826.jpg,diffusion_sfhq,raw,0.8357,0.0493
SDXL_image_0051826.jpg,diffusion_sfhq,topographic,0.6169,0.0112
SDXL_image_0051826.jpg,diffusion_sfhq,edge,0.9288,0.0044
SDXL_image_0029158.jpg,diffusion_sfhq,raw,0.7891,0.1367
SDXL_image_0029158.jpg,diffusion_sfhq,topographic,0.5276,0.1097
SDXL_image_0029158.jpg,diffusion_sfhq,edge,0.7238,0.1003
SDXL_image_0041638.jpg,diffusion_sfhq,raw,0.7321,0.2273
SDXL_image_0041638.jpg,diffusion_sfhq,topographic,0.593,0.1264
SDXL_image_0041638.jpg,diffusion_sfhq,edge,0.9247,0.0364
FLUX1_schnell_image_0019386.jpg,diffusion_sfhq,raw,0.967,0.0005
FLUX1_schnell_image_0019386.jpg,diffusion_sfhq,topographic,0.7754,0.0083
FLUX1_schnell_image_0019386.jpg,diffusion_sfhq,edge,0.9376,0.0144
FLUX1_schnell_image_0010197.jpg,diffusion_sfhq,raw,0.7996,0.1008
FLUX1_schnell_image_0010197.jpg,diffusion_sfhq,topographic,0.576,0.0395
FLUX1_schnell_image_0010197.jpg,diffusion_sfhq,edge,0.8968,0.0364
FLUX1_schnell_image_0041690.jpg,diffusion_sfhq,raw,0.93,0.0382
FLUX1_schnell_image_0041690.jpg,diffusion_sfhq,topographic,0.728,0.0526
FLUX1_schnell_image_0041690.jpg,diffusion_sfhq,edge,0.9703,0.0053
FLUX1_schnell_image_0052079.jpg,diffusion_sfhq,raw,0.8478,0.0261
FLUX1_schnell_image_0052079.jpg,diffusion_sfhq,topographic,0.5767,0.0605
FLUX1_schnell_image_0052079.jpg,diffusion_sfhq,edge,0.854,0.0462
FLUX1_schnell_image_0051517.jpg,diffusion_sfhq,raw,0.7758,0.1467
FLUX1_schnell_image_0051517.jpg,diffusion_sfhq,topographic,0.5589,0.0188
FLUX1_schnell_image_0051517.jpg,diffusion_sfhq,edge,0.8579,0.0359
FLUX1_schnell_image_0016419.jpg,diffusion_sfhq,raw,0.8944,0.0128
FLUX1_schnell_image_0016419.jpg,diffusion_sfhq,topographic,0.5676,0.0217
FLUX1_schnell_image_0016419.jpg,diffusion_sfhq,edge,0.7993,0.0079
SDXL_image_0043729.jpg,diffusion_sfhq,raw,0.8958,0.0107
SDXL_image_0043729.jpg,diffusion_sfhq,topographic,0.6828,0.0553
SDXL_image_0043729.jpg,diffusion_sfhq,edge,0.8807,0.0411
FLUX1_schnell_image_0040985.jpg,diffusion_sfhq,raw,0.7554,0.0097
FLUX1_schnell_image_0040985.jpg,diffusion_sfhq,topographic,0.5432,0.0261
FLUX1_schnell_image_0040985.jpg,diffusion_sfhq,edge,0.8705,0.0421
SDXL_image_0048688.jpg,diffusion_sfhq,raw,0.7859,0.0622
SDXL_image_0048688.jpg,diffusion_sfhq,topographic,0.6426,0.0602
SDXL_image_0048688.jpg,diffusion_sfhq,edge,0.8759,0.0573
FLUX1_dev_image_0006563.jpg,diffusion_sfhq,raw,0.867,0.0189
FLUX1_dev_image_0006563.jpg,diffusion_sfhq,topographic,0.6692,0.0384
FLUX1_dev_image_0006563.jpg,diffusion_sfhq,edge,0.8945,0.0137
FLUX1_schnell_image_0009978.jpg,diffusion_sfhq,raw,0.8219,0.0816
FLUX1_schnell_image_0009978.jpg,diffusion_sfhq,topographic,0.5584,0.0415
FLUX1_schnell_image_0009978.jpg,diffusion_sfhq,edge,0.8454,0.0088
FLUX1_schnell_image_0038092.jpg,diffusion_sfhq,raw,0.8281,0.073
FLUX1_schnell_image_0038092.jpg,diffusion_sfhq,topographic,0.595,0.0592
FLUX1_schnell_image_0038092.jpg,diffusion_sfhq,edge,0.9109,0.0187
DALLE3_image_0000283.jpg,diffusion_sfhq,raw,0.7925,0.0554
DALLE3_image_0000283.jpg,diffusion_sfhq,topographic,0.6895,0.0481
DALLE3_image_0000283.jpg,diffusion_sfhq,edge,0.8872,0.0408
FLUX1_schnell_image_0039593.jpg,diffusion_sfhq,raw,0.8482,0.0355
FLUX1_schnell_image_0039593.jpg,diffusion_sfhq,topographic,0.577,0.0288
FLUX1_schnell_image_0039593.jpg,diffusion_sfhq,edge,0.9056,0.0445
FLUX1_schnell_image_0023165.jpg,diffusion_sfhq,raw,0.9134,0.0186
FLUX1_schnell_image_0023165.jpg,diffusion_sfhq,topographic,0.6988,0.0209
FLUX1_schnell_image_0023165.jpg,diffusion_sfhq,edge,0.906,0.0052
SDXL_image_0051846.jpg,diffusion_sfhq,raw,0.8096,0.0423
SDXL_image_0051846.jpg,diffusion_sfhq,topographic,0.5499,0.0363
SDXL_image_0051846.jpg,diffusion_sfhq,edge,0.908,0.0073
SDXL_image_0033160.jpg,diffusion_sfhq,raw,0.7593,0.0357
SDXL_image_0033160.jpg,diffusion_sfhq,topographic,0.5443,0.0195
SDXL_image_0033160.jpg,diffusion_sfhq,edge,0.8879,0.0305
SDXL_image_0033299.jpg,diffusion_sfhq,raw,0.7401,0.1821
SDXL_image_0033299.jpg,diffusion_sfhq,topographic,0.5237,0.0383
SDXL_image_0033299.jpg,diffusion_sfhq,edge,0.8303,0.0919
FLUX1_schnell_image_0048063.jpg,diffusion_sfhq,raw,0.6761,0.2871
FLUX1_schnell_image_0048063.jpg,diffusion_sfhq,topographic,0.5784,0.0637
FLUX1_schnell_image_0048063.jpg,diffusion_sfhq,edge,0.8535,0.0684
FLUX1_schnell_image_0025798.jpg,diffusion_sfhq,raw,0.8108,0.0577
FLUX1_schnell_image_0025798.jpg,diffusion_sfhq,topographic,0.5429,0.0006
FLUX1_schnell_image_0025798.jpg,diffusion_sfhq,edge,0.8587,0.0198
FLUX1_schnell_image_0043866.jpg,diffusion_sfhq,raw,0.7447,0.0694
FLUX1_schnell_image_0043866.jpg,diffusion_sfhq,topographic,0.5766,0.0655
FLUX1_schnell_image_0043866.jpg,diffusion_sfhq,edge,0.8702,0.0547
SDXL_image_0021686.jpg,diffusion_sfhq,raw,0.8123,0.0764
SDXL_image_0021686.jpg,diffusion_sfhq,topographic,0.5662,0.0466
SDXL_image_0021686.jpg,diffusion_sfhq,edge,0.9244,0.0119
SDXL_image_0026135.jpg,diffusion_sfhq,raw,0.789,0.07
SDXL_image_0026135.jpg,diffusion_sfhq,topographic,0.5045,0.0095
SDXL_image_0026135.jpg,diffusion_sfhq,edge,0.7793,0.0889
SDXL_image_0033067.jpg,diffusion_sfhq,raw,0.8082,0.1396
SDXL_image_0033067.jpg,diffusion_sfhq,topographic,0.6031,0.0314
SDXL_image_0033067.jpg,diffusion_sfhq,edge,0.8989,0.0207
SDXL_image_0003209.jpg,diffusion_sfhq,raw,0.8327,0.0991
SDXL_image_0003209.jpg,diffusion_sfhq,topographic,0.5405,0.0389
SDXL_image_0003209.jpg,diffusion_sfhq,edge,0.9175,0.0201
SDXL_image_0017132.jpg,diffusion_sfhq,raw,0.7297,0.0477
SDXL_image_0017132.jpg,diffusion_sfhq,topographic,0.5708,0.1555
SDXL_image_0017132.jpg,diffusion_sfhq,edge,0.8457,0.1339
SDXL_image_0024548.jpg,diffusion_sfhq,raw,0.7898,0.0508
SDXL_image_0024548.jpg,diffusion_sfhq,topographic,0.5261,0.0002
SDXL_image_0024548.jpg,diffusion_sfhq,edge,0.8439,0.0044
FLUX1_schnell_image_0052214.jpg,diffusion_sfhq,raw,0.7691,0.1662
FLUX1_schnell_image_0052214.jpg,diffusion_sfhq,topographic,0.562,0.0205
FLUX1_schnell_image_0052214.jpg,diffusion_sfhq,edge,0.8837,0.0113
FLUX1_schnell_image_0008688.jpg,diffusion_sfhq,raw,0.8156,0.0633
FLUX1_schnell_image_0008688.jpg,diffusion_sfhq,topographic,0.5879,0.1048
FLUX1_schnell_image_0008688.jpg,diffusion_sfhq,edge,0.8634,0.0279
FLUX1_schnell_image_0013291.jpg,diffusion_sfhq,raw,0.8785,0.0735
FLUX1_schnell_image_0013291.jpg,diffusion_sfhq,topographic,0.5897,0.0109
FLUX1_schnell_image_0013291.jpg,diffusion_sfhq,edge,0.8524,0.0123
FLUX1_schnell_image_0027301.jpg,diffusion_sfhq,raw,0.799,0.0266
FLUX1_schnell_image_0027301.jpg,diffusion_sfhq,topographic,0.5507,0.013
FLUX1_schnell_image_0027301.jpg,diffusion_sfhq,edge,0.8754,0.0246
FLUX1_schnell_image_0016937.jpg,diffusion_sfhq,raw,0.8198,0.0837
FLUX1_schnell_image_0016937.jpg,diffusion_sfhq,topographic,0.587,0.0393
FLUX1_schnell_image_0016937.jpg,diffusion_sfhq,edge,0.9349,0.0312
FLUX1_dev_image_0006543.jpg,diffusion_sfhq,raw,0.8008,0.0547
FLUX1_dev_image_0006543.jpg,diffusion_sfhq,topographic,0.5925,0.0296
FLUX1_dev_image_0006543.jpg,diffusion_sfhq,edge,0.8904,0.0162
SDXL_image_0006281.jpg,diffusion_sfhq,raw,0.8554,0.0178
SDXL_image_0006281.jpg,diffusion_sfhq,topographic,0.5778,0.0224
SDXL_image_0006281.jpg,diffusion_sfhq,edge,0.9257,0.014
SDXL_image_0026821.jpg,diffusion_sfhq,raw,0.8847,0.0684
SDXL_image_0026821.jpg,diffusion_sfhq,topographic,0.5933,0.0618
SDXL_image_0026821.jpg,diffusion_sfhq,edge,0.9321,0.0263
SDXL_image_0001429.jpg,diffusion_sfhq,raw,0.7902,0.1888
SDXL_image_0001429.jpg,diffusion_sfhq,topographic,0.6516,0.0026
SDXL_image_0001429.jpg,diffusion_sfhq,edge,0.9266,0.0123
FLUX1_dev_image_0006867.jpg,diffusion_sfhq,raw,0.8065,0.1457
FLUX1_dev_image_0006867.jpg,diffusion_sfhq,topographic,0.6023,0.0798
FLUX1_dev_image_0006867.jpg,diffusion_sfhq,edge,0.8559,0.0727
SDXL_image_0028425.jpg,diffusion_sfhq,raw,0.8238,0.0358
SDXL_image_0028425.jpg,diffusion_sfhq,topographic,0.6076,0.0236
SDXL_image_0028425.jpg,diffusion_sfhq,edge,0.8122,0.0364
FLUX1_schnell_image_0029515.jpg,diffusion_sfhq,raw,0.7746,0.0891
FLUX1_schnell_image_0029515.jpg,diffusion_sfhq,topographic,0.5156,0.0093
FLUX1_schnell_image_0029515.jpg,diffusion_sfhq,edge,0.8389,0.0096
FLUX1_dev_image_0006370.jpg,diffusion_sfhq,raw,0.83,0.1288
FLUX1_dev_image_0006370.jpg,diffusion_sfhq,topographic,0.5992,0.0116
FLUX1_dev_image_0006370.jpg,diffusion_sfhq,edge,0.9148,0.011
FLUX1_dev_image_0005450.jpg,diffusion_sfhq,raw,0.8454,0.0151
FLUX1_dev_image_0005450.jpg,diffusion_sfhq,topographic,0.6516,0.0043
FLUX1_dev_image_0005450.jpg,diffusion_sfhq,edge,0.9042,0.0096
SDXL_image_0006936.jpg,diffusion_sfhq,raw,0.7405,0.1948
SDXL_image_0006936.jpg,diffusion_sfhq,topographic,0.5308,0.0313
SDXL_image_0006936.jpg,diffusion_sfhq,edge,0.7633,0.0034
FLUX1_schnell_image_0050918.jpg,diffusion_sfhq,raw,0.7593,0.1445
FLUX1_schnell_image_0050918.jpg,diffusion_sfhq,topographic,0.5373,0.071
FLUX1_schnell_image_0050918.jpg,diffusion_sfhq,edge,0.8157,0.0133
FLUX1_schnell_image_0054336.jpg,diffusion_sfhq,raw,0.6714,0.2949
FLUX1_schnell_image_0054336.jpg,diffusion_sfhq,topographic,0.5467,0.0456
FLUX1_schnell_image_0054336.jpg,diffusion_sfhq,edge,0.8719,0.0023
SDXL_image_0050910.jpg,diffusion_sfhq,raw,0.8629,0.0612
SDXL_image_0050910.jpg,diffusion_sfhq,topographic,0.6421,0.0195
SDXL_image_0050910.jpg,diffusion_sfhq,edge,0.838,0.0201
SDXL_image_0042165.jpg,diffusion_sfhq,raw,0.8684,0.0599
SDXL_image_0042165.jpg,diffusion_sfhq,topographic,0.6299,0.0155
SDXL_image_0042165.jpg,diffusion_sfhq,edge,0.9236,0.0019
FLUX1_schnell_image_0058042.jpg,diffusion_sfhq,raw,0.822,0.0439
FLUX1_schnell_image_0058042.jpg,diffusion_sfhq,topographic,0.6337,0.0246
FLUX1_schnell_image_0058042.jpg,diffusion_sfhq,edge,0.9184,0.0126
FLUX1_schnell_image_0009034.jpg,diffusion_sfhq,raw,0.885,0.0347
FLUX1_schnell_image_0009034.jpg,diffusion_sfhq,topographic,0.5437,0.0859
FLUX1_schnell_image_0009034.jpg,diffusion_sfhq,edge,0.8848,0.0567
FLUX1_dev_image_0006333.jpg,diffusion_sfhq,raw,0.7963,0.0591
FLUX1_dev_image_0006333.jpg,diffusion_sfhq,topographic,0.5836,0.0062
FLUX1_dev_image_0006333.jpg,diffusion_sfhq,edge,0.8946,0.0186
FLUX1_schnell_image_0054989.jpg,diffusion_sfhq,raw,0.8331,0.0319
FLUX1_schnell_image_0054989.jpg,diffusion_sfhq,topographic,0.5548,0.0023
FLUX1_schnell_image_0054989.jpg,diffusion_sfhq,edge,0.8801,0.0008
FLUX1_pro_image_0002105.jpg,diffusion_sfhq,raw,0.7037,0.0206
FLUX1_pro_image_0002105.jpg,diffusion_sfhq,topographic,0.591,0.0266
FLUX1_pro_image_0002105.jpg,diffusion_sfhq,edge,0.8475,0.0303
SDXL_image_0041985.jpg,diffusion_sfhq,raw,0.7674,0.0227
SDXL_image_0041985.jpg,diffusion_sfhq,topographic,0.6088,0.067
SDXL_image_0041985.jpg,diffusion_sfhq,edge,0.9125,0.0463
FLUX1_schnell_image_0012757.jpg,diffusion_sfhq,raw,0.8046,0.0562
FLUX1_schnell_image_0012757.jpg,diffusion_sfhq,topographic,0.5672,0.0711
FLUX1_schnell_image_0012757.jpg,diffusion_sfhq,edge,0.8219,0.0286
FLUX1_pro_image_0000586.jpg,diffusion_sfhq,raw,0.8403,0.0771
FLUX1_pro_image_0000586.jpg,diffusion_sfhq,topographic,0.6056,0.1005
FLUX1_pro_image_0000586.jpg,diffusion_sfhq,edge,0.8862,0.0383
SDXL_image_0008362.jpg,diffusion_sfhq,raw,0.7561,0.0603
SDXL_image_0008362.jpg,diffusion_sfhq,topographic,0.5321,0.0113
SDXL_image_0008362.jpg,diffusion_sfhq,edge,0.8796,0.053
FLUX1_pro_image_0000512.jpg,diffusion_sfhq,raw,0.8116,0.0602
FLUX1_pro_image_0000512.jpg,diffusion_sfhq,topographic,0.6049,0.0162
FLUX1_pro_image_0000512.jpg,diffusion_sfhq,edge,0.9134,0.0188
SDXL_image_0018881.jpg,diffusion_sfhq,raw,0.7127,0.1114
SDXL_image_0018881.jpg,diffusion_sfhq,topographic,0.5641,0.0196
SDXL_image_0018881.jpg,diffusion_sfhq,edge,0.91,0.0137
SDXL_image_0043358.jpg,diffusion_sfhq,raw,0.7225,0.0615
SDXL_image_0043358.jpg,diffusion_sfhq,topographic,0.6412,0.025
SDXL_image_0043358.jpg,diffusion_sfhq,edge,0.9627,0.0135
FLUX1_schnell_image_0019232.jpg,diffusion_sfhq,raw,0.7827,0.0068
FLUX1_schnell_image_0019232.jpg,diffusion_sfhq,topographic,0.5545,0.0738
FLUX1_schnell_image_0019232.jpg,diffusion_sfhq,edge,0.8751,0.0421
FLUX1_schnell_image_0041343.jpg,diffusion_sfhq,raw,0.8762,0.0622
FLUX1_schnell_image_0041343.jpg,diffusion_sfhq,topographic,0.7154,0.0053
FLUX1_schnell_image_0041343.jpg,diffusion_sfhq,edge,0.9162,0.0024
FLUX1_schnell_image_0004111.jpg,diffusion_sfhq,raw,0.6943,0.2827
FLUX1_schnell_image_0004111.jpg,diffusion_sfhq,topographic,0.5534,0.0583
FLUX1_schnell_image_0004111.jpg,diffusion_sfhq,edge,0.8503,0.0312
SDXL_image_0047092.jpg,diffusion_sfhq,raw,0.7718,0.0066
SDXL_image_0047092.jpg,diffusion_sfhq,topographic,0.5636,0.0209
SDXL_image_0047092.jpg,diffusion_sfhq,edge,0.9175,0.0087
SDXL_image_0005034.jpg,diffusion_sfhq,raw,0.7528,0.1085
SDXL_image_0005034.jpg,diffusion_sfhq,topographic,0.5531,0.0056
SDXL_image_0005034.jpg,diffusion_sfhq,edge,0.7025,0.0153
FLUX1_schnell_image_0020675.jpg,diffusion_sfhq,raw,0.7732,0.1075
FLUX1_schnell_image_0020675.jpg,diffusion_sfhq,topographic,0.5369,0.078
FLUX1_schnell_image_0020675.jpg,diffusion_sfhq,edge,0.771,0.122
SDXL_image_0006247.jpg,diffusion_sfhq,raw,0.7954,0.0068
SDXL_image_0006247.jpg,diffusion_sfhq,topographic,0.6225,0.0079
SDXL_image_0006247.jpg,diffusion_sfhq,edge,0.9336,0.003
SDXL_image_0008294.jpg,diffusion_sfhq,raw,0.8787,0.0268
SDXL_image_0008294.jpg,diffusion_sfhq,topographic,0.5733,0.145
SDXL_image_0008294.jpg,diffusion_sfhq,edge,0.8972,0.0486
FLUX1_dev_image_0004087.jpg,diffusion_sfhq,raw,0.8597,0.0474
FLUX1_dev_image_0004087.jpg,diffusion_sfhq,topographic,0.6395,0.0471
FLUX1_dev_image_0004087.jpg,diffusion_sfhq,edge,0.9581,0.0091
SDXL_image_0011558.jpg,diffusion_sfhq,raw,0.8639,0.0184
SDXL_image_0011558.jpg,diffusion_sfhq,topographic,0.6066,0.0031
SDXL_image_0011558.jpg,diffusion_sfhq,edge,0.948,0.0039
FLUX1_pro_image_0002350.jpg,diffusion_sfhq,raw,0.7587,0.1692
FLUX1_pro_image_0002350.jpg,diffusion_sfhq,topographic,0.5613,0.057
FLUX1_pro_image_0002350.jpg,diffusion_sfhq,edge,0.8674,0.0446
FLUX1_schnell_image_0043370.jpg,diffusion_sfhq,raw,0.8295,0.018
FLUX1_schnell_image_0043370.jpg,diffusion_sfhq,topographic,0.5707,0.0364
FLUX1_schnell_image_0043370.jpg,diffusion_sfhq,edge,0.7863,0.0824
SDXL_image_0016542.jpg,diffusion_sfhq,raw,0.8231,0.0939
SDXL_image_0016542.jpg,diffusion_sfhq,topographic,0.5536,0.0273
SDXL_image_0016542.jpg,diffusion_sfhq,edge,0.9008,0.0387
SDXL_image_0006870.jpg,diffusion_sfhq,raw,0.7192,0.0137
SDXL_image_0006870.jpg,diffusion_sfhq,topographic,0.56,0.0014
SDXL_image_0006870.jpg,diffusion_sfhq,edge,0.8726,0.0038
SDXL_image_0004451.jpg,diffusion_sfhq,raw,0.8757,0.0332
SDXL_image_0004451.jpg,diffusion_sfhq,topographic,0.6276,0.1273
SDXL_image_0004451.jpg,diffusion_sfhq,edge,0.8555,0.0784
FLUX1_schnell_image_0056949.jpg,diffusion_sfhq,raw,0.8361,0.0962
FLUX1_schnell_image_0056949.jpg,diffusion_sfhq,topographic,0.6205,0.0107
FLUX1_schnell_image_0056949.jpg,diffusion_sfhq,edge,0.9315,0.0068
FLUX1_schnell_image_0029878.jpg,diffusion_sfhq,raw,0.7802,0.0507
FLUX1_schnell_image_0029878.jpg,diffusion_sfhq,topographic,0.5351,0.1083
FLUX1_schnell_image_0029878.jpg,diffusion_sfhq,edge,0.7775,0.0725
SDXL_image_0052920.jpg,diffusion_sfhq,raw,0.7526,0.0813
SDXL_image_0052920.jpg,diffusion_sfhq,topographic,0.5248,0.0576
SDXL_image_0052920.jpg,diffusion_sfhq,edge,0.8717,0.0151
FLUX1_schnell_image_0022584.jpg,diffusion_sfhq,raw,0.7615,0.1625
FLUX1_schnell_image_0022584.jpg,diffusion_sfhq,topographic,0.5507,0.0128
FLUX1_schnell_image_0022584.jpg,diffusion_sfhq,edge,0.8457,0.0361
FLUX1_schnell_image_0015175.jpg,diffusion_sfhq,raw,0.7818,0.079
FLUX1_schnell_image_0015175.jpg,diffusion_sfhq,topographic,0.552,0.0251
FLUX1_schnell_image_0015175.jpg,diffusion_sfhq,edge,0.7715,0.1187
SDXL_image_0018162.jpg,diffusion_sfhq,raw,0.8312,0.0551
SDXL_image_0018162.jpg,diffusion_sfhq,topographic,0.6575,0.0077
SDXL_image_0018162.jpg,diffusion_sfhq,edge,0.915,0.002
SDXL_image_0024257.jpg,diffusion_sfhq,raw,0.8591,0.0189
SDXL_image_0024257.jpg,diffusion_sfhq,topographic,0.6038,0.0034
SDXL_image_0024257.jpg,diffusion_sfhq,edge,0.9288,0.0051
FLUX1_schnell_image_0029591.jpg,diffusion_sfhq,raw,0.7947,0.079
FLUX1_schnell_image_0029591.jpg,diffusion_sfhq,topographic,0.5473,0.011
FLUX1_schnell_image_0029591.jpg,diffusion_sfhq,edge,0.8592,0.0297
FLUX1_schnell_image_0019689.jpg,diffusion_sfhq,raw,0.848,0.0882
FLUX1_schnell_image_0019689.jpg,diffusion_sfhq,topographic,0.6602,0.0048
FLUX1_schnell_image_0019689.jpg,diffusion_sfhq,edge,0.9297,0.0105
FLUX1_schnell_image_0023219.jpg,diffusion_sfhq,raw,0.8851,0.0547
FLUX1_schnell_image_0023219.jpg,diffusion_sfhq,topographic,0.6102,0.0223
FLUX1_schnell_image_0023219.jpg,diffusion_sfhq,edge,0.9113,0.0043
FLUX1_schnell_image_0040296.jpg,diffusion_sfhq,raw,0.7649,0.1092
FLUX1_schnell_image_0040296.jpg,diffusion_sfhq,topographic,0.5484,0.0169
FLUX1_schnell_image_0040296.jpg,diffusion_sfhq,edge,0.8794,0.0404
FLUX1_schnell_image_0005552.jpg,diffusion_sfhq,raw,0.7587,0.1304
FLUX1_schnell_image_0005552.jpg,diffusion_sfhq,topographic,0.5292,0.0424
FLUX1_schnell_image_0005552.jpg,diffusion_sfhq,edge,0.8871,0.0397
SDXL_image_0014984.jpg,diffusion_sfhq,raw,0.7291,0.0103
SDXL_image_0014984.jpg,diffusion_sfhq,topographic,0.5296,0.0067
SDXL_image_0014984.jpg,diffusion_sfhq,edge,0.734,0.051
FLUX1_schnell_image_0027732.jpg,diffusion_sfhq,raw,0.8691,0.0396
FLUX1_schnell_image_0027732.jpg,diffusion_sfhq,topographic,0.5598,0.0793
FLUX1_schnell_image_0027732.jpg,diffusion_sfhq,edge,0.859,0.0353
FLUX1_schnell_image_0048354.jpg,diffusion_sfhq,raw,0.854,0.0661
FLUX1_schnell_image_0048354.jpg,diffusion_sfhq,topographic,0.6134,0.0119
FLUX1_schnell_image_0048354.jpg,diffusion_sfhq,edge,0.8227,0.063
FLUX1_schnell_image_0029852.jpg,diffusion_sfhq,raw,0.8134,0.0715
FLUX1_schnell_image_0029852.jpg,diffusion_sfhq,topographic,0.5611,0.0372
FLUX1_schnell_image_0029852.jpg,diffusion_sfhq,edge,0.8645,0.0213
SDXL_image_0052174.jpg,diffusion_sfhq,raw,0.7861,0.015
SDXL_image_0052174.jpg,diffusion_sfhq,topographic,0.5751,0.048
SDXL_image_0052174.jpg,diffusion_sfhq,edge,0.8525,0.045
SDXL_image_0028935.jpg,diffusion_sfhq,raw,0.7183,0.1297
SDXL_image_0028935.jpg,diffusion_sfhq,topographic,0.5715,0.0637
SDXL_image_0028935.jpg,diffusion_sfhq,edge,0.8595,0.033
SDXL_image_0053055.jpg,diffusion_sfhq,raw,0.7488,0.0532
SDXL_image_0053055.jpg,diffusion_sfhq,topographic,0.6004,0.0454
SDXL_image_0053055.jpg,diffusion_sfhq,edge,0.879,0.024
FLUX1_pro_image_0001113.jpg,diffusion_sfhq,raw,0.8767,0.0569
FLUX1_pro_image_0001113.jpg,diffusion_sfhq,topographic,0.6584,0.0049
FLUX1_pro_image_0001113.jpg,diffusion_sfhq,edge,0.8937,0.0294
FLUX1_dev_image_0000098.jpg,diffusion_sfhq,raw,0.7786,0.1174
FLUX1_dev_image_0000098.jpg,diffusion_sfhq,topographic,0.6209,0.0377
FLUX1_dev_image_0000098.jpg,diffusion_sfhq,edge,0.8871,0.0234
FLUX1_schnell_image_0048493.jpg,diffusion_sfhq,raw,0.8114,0.0494
FLUX1_schnell_image_0048493.jpg,diffusion_sfhq,topographic,0.5603,0.0198
FLUX1_schnell_image_0048493.jpg,diffusion_sfhq,edge,0.8878,0.0081
SDXL_image_0011791.jpg,diffusion_sfhq,raw,0.8243,0.1205
SDXL_image_0011791.jpg,diffusion_sfhq,topographic,0.571,0.0373
SDXL_image_0011791.jpg,diffusion_sfhq,edge,0.8437,0.0397
SDXL_image_0004157.jpg,diffusion_sfhq,raw,0.7868,0.0089
SDXL_image_0004157.jpg,diffusion_sfhq,topographic,0.6248,0.0889
SDXL_image_0004157.jpg,diffusion_sfhq,edge,0.8705,0.0271
FLUX1_schnell_image_0001501.jpg,diffusion_sfhq,raw,0.6767,0.2831
FLUX1_schnell_image_0001501.jpg,diffusion_sfhq,topographic,0.5106,0.1126
FLUX1_schnell_image_0001501.jpg,diffusion_sfhq,edge,0.8431,0.0587
FLUX1_pro_image_0001207.jpg,diffusion_sfhq,raw,0.8469,0.0351
FLUX1_pro_image_0001207.jpg,diffusion_sfhq,topographic,0.5775,0.0091
FLUX1_pro_image_0001207.jpg,diffusion_sfhq,edge,0.878,0.0268
SDXL_image_0000831.jpg,diffusion_sfhq,raw,0.8555,0.0404
SDXL_image_0000831.jpg,diffusion_sfhq,topographic,0.6448,0.0212
SDXL_image_0000831.jpg,diffusion_sfhq,edge,0.9276,0.0355
FLUX1_schnell_image_0016341.jpg,diffusion_sfhq,raw,0.7326,0.1138
FLUX1_schnell_image_0016341.jpg,diffusion_sfhq,topographic,0.5359,0.0188
FLUX1_schnell_image_0016341.jpg,diffusion_sfhq,edge,0.8167,0.0127
FLUX1_schnell_image_0054734.jpg,diffusion_sfhq,raw,0.8489,0.0033
FLUX1_schnell_image_0054734.jpg,diffusion_sfhq,topographic,0.5931,0.0118
FLUX1_schnell_image_0054734.jpg,diffusion_sfhq,edge,0.8957,0.033
FLUX1_schnell_image_0005759.jpg,diffusion_sfhq,raw,0.7853,0.1851
FLUX1_schnell_image_0005759.jpg,diffusion_sfhq,topographic,0.6113,0.0487
FLUX1_schnell_image_0005759.jpg,diffusion_sfhq,edge,0.8135,0.0647
SDXL_image_0052730.jpg,diffusion_sfhq,raw,0.7789,0.0234
SDXL_image_0052730.jpg,diffusion_sfhq,topographic,0.5471,0.021
SDXL_image_0052730.jpg,diffusion_sfhq,edge,0.9111,0.0158
FLUX1_schnell_image_0034159.jpg,diffusion_sfhq,raw,0.8011,0.0065
FLUX1_schnell_image_0034159.jpg,diffusion_sfhq,topographic,0.5215,0.0244
FLUX1_schnell_image_0034159.jpg,diffusion_sfhq,edge,0.7956,0.0218
SDXL_image_0045854.jpg,diffusion_sfhq,raw,0.8149,0.058
SDXL_image_0045854.jpg,diffusion_sfhq,topographic,0.5894,0.0582
SDXL_image_0045854.jpg,diffusion_sfhq,edge,0.9334,0.0212
FLUX1_pro_image_0000621.jpg,diffusion_sfhq,raw,0.811,0.1495
FLUX1_pro_image_0000621.jpg,diffusion_sfhq,topographic,0.5743,0.0208
FLUX1_pro_image_0000621.jpg,diffusion_sfhq,edge,0.9083,0.0412
SDXL_image_0045645.jpg,diffusion_sfhq,raw,0.725,0.0912
SDXL_image_0045645.jpg,diffusion_sfhq,topographic,0.574,0.0419
SDXL_image_0045645.jpg,diffusion_sfhq,edge,0.894,0.0042
FLUX1_schnell_image_0020422.jpg,diffusion_sfhq,raw,0.7847,0.0811
FLUX1_schnell_image_0020422.jpg,diffusion_sfhq,topographic,0.5353,0.1146
FLUX1_schnell_image_0020422.jpg,diffusion_sfhq,edge,0.83,0.0629
FLUX1_schnell_image_0036854.jpg,diffusion_sfhq,raw,0.6681,0.1981
FLUX1_schnell_image_0036854.jpg,diffusion_sfhq,topographic,0.5432,0.0782
FLUX1_schnell_image_0036854.jpg,diffusion_sfhq,edge,0.7834,0.0454
FLUX1_schnell_image_0025763.jpg,diffusion_sfhq,raw,0.7364,0.1845
FLUX1_schnell_image_0025763.jpg,diffusion_sfhq,topographic,0.5322,0.0392
FLUX1_schnell_image_0025763.jpg,diffusion_sfhq,edge,0.8302,0.0396
FLUX1_schnell_image_0009075.jpg,diffusion_sfhq,raw,0.7944,0.1358
FLUX1_schnell_image_0009075.jpg,diffusion_sfhq,topographic,0.6319,0.0188
FLUX1_schnell_image_0009075.jpg,diffusion_sfhq,edge,0.9018,0.0173
FLUX1_schnell_image_0045855.jpg,diffusion_sfhq,raw,0.8052,0.1134
FLUX1_schnell_image_0045855.jpg,diffusion_sfhq,topographic,0.5612,0.0804
FLUX1_schnell_image_0045855.jpg,diffusion_sfhq,edge,0.8281,0.0001
SDXL_image_0039677.jpg,diffusion_sfhq,raw,0.8347,0.0691
SDXL_image_0039677.jpg,diffusion_sfhq,topographic,0.5482,0.0809
SDXL_image_0039677.jpg,diffusion_sfhq,edge,0.8412,0.0823
SDXL_image_0001563.jpg,diffusion_sfhq,raw,0.8575,0.0078
SDXL_image_0001563.jpg,diffusion_sfhq,topographic,0.5746,0.085
SDXL_image_0001563.jpg,diffusion_sfhq,edge,0.8669,0.0539
SDXL_image_0022598.jpg,diffusion_sfhq,raw,0.812,0.1527
SDXL_image_0022598.jpg,diffusion_sfhq,topographic,0.5423,0.0402
SDXL_image_0022598.jpg,diffusion_sfhq,edge,0.846,0.0516
FLUX1_schnell_image_0028062.jpg,diffusion_sfhq,raw,0.8389,0.006
FLUX1_schnell_image_0028062.jpg,diffusion_sfhq,topographic,0.5698,0.0289
FLUX1_schnell_image_0028062.jpg,diffusion_sfhq,edge,0.8701,0.0116
SDXL_image_0010543.jpg,diffusion_sfhq,raw,0.7191,0.0657
SDXL_image_0010543.jpg,diffusion_sfhq,topographic,0.562,0.0953
SDXL_image_0010543.jpg,diffusion_sfhq,edge,0.9065,0.0404
SDXL_image_0036182.jpg,diffusion_sfhq,raw,0.8769,0.0031
SDXL_image_0036182.jpg,diffusion_sfhq,topographic,0.5814,0.0044
SDXL_image_0036182.jpg,diffusion_sfhq,edge,0.8762,0.0081
SDXL_image_0016096.jpg,diffusion_sfhq,raw,0.8371,0.0275
SDXL_image_0016096.jpg,diffusion_sfhq,topographic,0.5311,0.0565
SDXL_image_0016096.jpg,diffusion_sfhq,edge,0.9295,0.0058
FLUX1_schnell_image_0057756.jpg,diffusion_sfhq,raw,0.8109,0.0221
FLUX1_schnell_image_0057756.jpg,diffusion_sfhq,topographic,0.5761,0.0129
FLUX1_schnell_image_0057756.jpg,diffusion_sfhq,edge,0.9051,0.0325
DALLE3_image_0001026.jpg,diffusion_sfhq,raw,0.835,0.0172
DALLE3_image_0001026.jpg,diffusion_sfhq,topographic,0.6399,0.0051
DALLE3_image_0001026.jpg,diffusion_sfhq,edge,0.8721,0.0148
SDXL_image_0017918.jpg,diffusion_sfhq,raw,0.7928,0.1289
SDXL_image_0017918.jpg,diffusion_sfhq,topographic,0.5815,0.0091
SDXL_image_0017918.jpg,diffusion_sfhq,edge,0.8804,0.0073
SDXL_image_0037495.jpg,diffusion_sfhq,raw,0.8132,0.1428
SDXL_image_0037495.jpg,diffusion_sfhq,topographic,0.5649,0.1206
SDXL_image_0037495.jpg,diffusion_sfhq,edge,0.8345,0.0836
SDXL_image_0003056.jpg,diffusion_sfhq,raw,0.784,0.0339
SDXL_image_0003056.jpg,diffusion_sfhq,topographic,0.5525,0.0301
SDXL_image_0003056.jpg,diffusion_sfhq,edge,0.8892,0.01
FLUX1_schnell_image_0027651.jpg,diffusion_sfhq,raw,0.8081,0.1364
FLUX1_schnell_image_0027651.jpg,diffusion_sfhq,topographic,0.6189,0.0006
FLUX1_schnell_image_0027651.jpg,diffusion_sfhq,edge,0.868,0.0586
SDXL_image_0052533.jpg,diffusion_sfhq,raw,0.8096,0.0372
SDXL_image_0052533.jpg,diffusion_sfhq,topographic,0.5662,0.0087
SDXL_image_0052533.jpg,diffusion_sfhq,edge,0.8563,0.0161
SDXL_image_0017331.jpg,diffusion_sfhq,raw,0.8142,0.1012
SDXL_image_0017331.jpg,diffusion_sfhq,topographic,0.5287,0.0352
SDXL_image_0017331.jpg,diffusion_sfhq,edge,0.8039,0.0457
FLUX1_schnell_image_0001974.jpg,diffusion_sfhq,raw,0.7866,0.0044
FLUX1_schnell_image_0001974.jpg,diffusion_sfhq,topographic,0.5478,0.0022
FLUX1_schnell_image_0001974.jpg,diffusion_sfhq,edge,0.7849,0.0704
SDXL_image_0045495.jpg,diffusion_sfhq,raw,0.7104,0.14
SDXL_image_0045495.jpg,diffusion_sfhq,topographic,0.5374,0.0553
SDXL_image_0045495.jpg,diffusion_sfhq,edge,0.8498,0.0255
FLUX1_schnell_image_0005999.jpg,diffusion_sfhq,raw,0.7984,0.0728
FLUX1_schnell_image_0005999.jpg,diffusion_sfhq,topographic,0.533,0.0469
FLUX1_schnell_image_0005999.jpg,diffusion_sfhq,edge,0.8135,0.0169
FLUX1_schnell_image_0023069.jpg,diffusion_sfhq,raw,0.7653,0.188
FLUX1_schnell_image_0023069.jpg,diffusion_sfhq,topographic,0.5765,0.02
FLUX1_schnell_image_0023069.jpg,diffusion_sfhq,edge,0.8342,0.0157
FLUX1_schnell_image_0003527.jpg,diffusion_sfhq,raw,0.7781,0.1593
FLUX1_schnell_image_0003527.jpg,diffusion_sfhq,topographic,0.5369,0.0401
FLUX1_schnell_image_0003527.jpg,diffusion_sfhq,edge,0.855,0.0474
SDXL_image_0047017.jpg,diffusion_sfhq,raw,0.7596,0.191
SDXL_image_0047017.jpg,diffusion_sfhq,topographic,0.5296,0.0105
SDXL_image_0047017.jpg,diffusion_sfhq,edge,0.8599,0.0106
FLUX1_schnell_image_0002427.jpg,diffusion_sfhq,raw,0.7341,0.1182
FLUX1_schnell_image_0002427.jpg,diffusion_sfhq,topographic,0.5394,0.0565
FLUX1_schnell_image_0002427.jpg,diffusion_sfhq,edge,0.8565,0.0731
SDXL_image_0027697.jpg,diffusion_sfhq,raw,0.8023,0.0301
SDXL_image_0027697.jpg,diffusion_sfhq,topographic,0.546,0.0151
SDXL_image_0027697.jpg,diffusion_sfhq,edge,0.8492,0.0004
FLUX1_schnell_image_0008773.jpg,diffusion_sfhq,raw,0.8204,0.1126
FLUX1_schnell_image_0008773.jpg,diffusion_sfhq,topographic,0.6707,0.008
FLUX1_schnell_image_0008773.jpg,diffusion_sfhq,edge,0.885,0.0205
FLUX1_schnell_image_0024102.jpg,diffusion_sfhq,raw,0.7905,0.1136
FLUX1_schnell_image_0024102.jpg,diffusion_sfhq,topographic,0.5279,0.0659
FLUX1_schnell_image_0024102.jpg,diffusion_sfhq,edge,0.8033,0.0861
FLUX1_schnell_image_0025337.jpg,diffusion_sfhq,raw,0.8815,0.054
FLUX1_schnell_image_0025337.jpg,diffusion_sfhq,topographic,0.7013,0.027
FLUX1_schnell_image_0025337.jpg,diffusion_sfhq,edge,0.8837,0.0439
SDXL_image_0009646.jpg,diffusion_sfhq,raw,0.7733,0.1642
SDXL_image_0009646.jpg,diffusion_sfhq,topographic,0.6047,0.0669
SDXL_image_0009646.jpg,diffusion_sfhq,edge,0.8941,0.0067
FLUX1_schnell_image_0016010.jpg,diffusion_sfhq,raw,0.8175,0.0952
FLUX1_schnell_image_0016010.jpg,diffusion_sfhq,topographic,0.5978,0.0971
FLUX1_schnell_image_0016010.jpg,diffusion_sfhq,edge,0.875,0.0587
SDXL_image_0024443.jpg,diffusion_sfhq,raw,0.8763,0.0464
SDXL_image_0024443.jpg,diffusion_sfhq,topographic,0.6808,0.0015
SDXL_image_0024443.jpg,diffusion_sfhq,edge,0.934,0.005
FLUX1_schnell_image_0033355.jpg,diffusion_sfhq,raw,0.7662,0.1434
FLUX1_schnell_image_0033355.jpg,diffusion_sfhq,topographic,0.561,0.0855
FLUX1_schnell_image_0033355.jpg,diffusion_sfhq,edge,0.8268,0.0971
FLUX1_schnell_image_0015088.jpg,diffusion_sfhq,raw,0.7613,0.064
FLUX1_schnell_image_0015088.jpg,diffusion_sfhq,topographic,0.5845,0.0038
FLUX1_schnell_image_0015088.jpg,diffusion_sfhq,edge,0.8764,0.0134
SDXL_image_0020493.jpg,diffusion_sfhq,raw,0.7547,0.1284
SDXL_image_0020493.jpg,diffusion_sfhq,topographic,0.5097,0.0304
SDXL_image_0020493.jpg,diffusion_sfhq,edge,0.8491,0.0352
SDXL_image_0013505.jpg,diffusion_sfhq,raw,0.727,0.1311
SDXL_image_0013505.jpg,diffusion_sfhq,topographic,0.5951,0.0131
SDXL_image_0013505.jpg,diffusion_sfhq,edge,0.9114,0.0187
SDXL_image_0042190.jpg,diffusion_sfhq,raw,0.7823,0.0837
SDXL_image_0042190.jpg,diffusion_sfhq,topographic,0.6105,0.1112
SDXL_image_0042190.jpg,diffusion_sfhq,edge,0.8535,0.0598
FLUX1_schnell_image_0023005.jpg,diffusion_sfhq,raw,0.8876,0.0433
FLUX1_schnell_image_0023005.jpg,diffusion_sfhq,topographic,0.6087,0.0109
FLUX1_schnell_image_0023005.jpg,diffusion_sfhq,edge,0.8919,0.0037
FLUX1_schnell_image_0054671.jpg,diffusion_sfhq,raw,0.7784,0.0262
FLUX1_schnell_image_0054671.jpg,diffusion_sfhq,topographic,0.564,0.0377
FLUX1_schnell_image_0054671.jpg,diffusion_sfhq,edge,0.8885,0.0385
FLUX1_schnell_image_0052458.jpg,diffusion_sfhq,raw,0.8028,0.0237
FLUX1_schnell_image_0052458.jpg,diffusion_sfhq,topographic,0.5552,0.0043
FLUX1_schnell_image_0052458.jpg,diffusion_sfhq,edge,0.8461,0.0061
FLUX1_schnell_image_0021318.jpg,diffusion_sfhq,raw,0.8195,0.0744
FLUX1_schnell_image_0021318.jpg,diffusion_sfhq,topographic,0.5817,0.042
FLUX1_schnell_image_0021318.jpg,diffusion_sfhq,edge,0.8695,0.0139
SDXL_image_0049068.jpg,diffusion_sfhq,raw,0.8905,0.046
SDXL_image_0049068.jpg,diffusion_sfhq,topographic,0.6795,0.0187
SDXL_image_0049068.jpg,diffusion_sfhq,edge,0.9337,0.0135
SDXL_image_0049438.jpg,diffusion_sfhq,raw,0.8446,0.0447
SDXL_image_0049438.jpg,diffusion_sfhq,topographic,0.5128,0.0021
SDXL_image_0049438.jpg,diffusion_sfhq,edge,0.729,0.0362
SDXL_image_0041297.jpg,diffusion_sfhq,raw,0.7336,0.122
SDXL_image_0041297.jpg,diffusion_sfhq,topographic,0.551,0.0242
SDXL_image_0041297.jpg,diffusion_sfhq,edge,0.8703,0.0236
FLUX1_dev_image_0005536.jpg,diffusion_sfhq,raw,0.7935,0.0133
FLUX1_dev_image_0005536.jpg,diffusion_sfhq,topographic,0.6377,0.0426
FLUX1_dev_image_0005536.jpg,diffusion_sfhq,edge,0.9193,0.0058
FLUX1_schnell_image_0000493.jpg,diffusion_sfhq,raw,0.7546,0.1984
FLUX1_schnell_image_0000493.jpg,diffusion_sfhq,topographic,0.5439,0.0224
FLUX1_schnell_image_0000493.jpg,diffusion_sfhq,edge,0.8446,0.004
SDXL_image_0013511.jpg,diffusion_sfhq,raw,0.8048,0.1053
SDXL_image_0013511.jpg,diffusion_sfhq,topographic,0.5992,0.0604
SDXL_image_0013511.jpg,diffusion_sfhq,edge,0.8713,0.0576
FLUX1_schnell_image_0043940.jpg,diffusion_sfhq,raw,0.742,0.1316
FLUX1_schnell_image_0043940.jpg,diffusion_sfhq,topographic,0.5301,0.0034
FLUX1_schnell_image_0043940.jpg,diffusion_sfhq,edge,0.7924,0.0155
SDXL_image_0039101.jpg,diffusion_sfhq,raw,0.8423,0.0233
SDXL_image_0039101.jpg,diffusion_sfhq,topographic,0.5941,0.0629
SDXL_image_0039101.jpg,diffusion_sfhq,edge,0.8915,0.027
FLUX1_schnell_image_0024670.jpg,diffusion_sfhq,raw,0.8323,0.0638
FLUX1_schnell_image_0024670.jpg,diffusion_sfhq,topographic,0.5639,0.0193
FLUX1_schnell_image_0024670.jpg,diffusion_sfhq,edge,0.8226,0.0406
FLUX1_dev_image_0004656.jpg,diffusion_sfhq,raw,0.8062,0.0249
FLUX1_dev_image_0004656.jpg,diffusion_sfhq,topographic,0.6843,0.0551
FLUX1_dev_image_0004656.jpg,diffusion_sfhq,edge,0.9173,0.0271
DALLE3_image_0000465.jpg,diffusion_sfhq,raw,0.7431,0.1686
DALLE3_image_0000465.jpg,diffusion_sfhq,topographic,0.6015,0.0112
DALLE3_image_0000465.jpg,diffusion_sfhq,edge,0.8744,0.0063
FLUX1_schnell_image_0032130.jpg,diffusion_sfhq,raw,0.8646,0.0644
FLUX1_schnell_image_0032130.jpg,diffusion_sfhq,topographic,0.5688,0.0001
FLUX1_schnell_image_0032130.jpg,diffusion_sfhq,edge,0.8596,0.0151
SDXL_image_0031460.jpg,diffusion_sfhq,raw,0.7932,0.0064
SDXL_image_0031460.jpg,diffusion_sfhq,topographic,0.5617,0.0065
SDXL_image_0031460.jpg,diffusion_sfhq,edge,0.848,0.0041
FLUX1_schnell_image_0005544.jpg,diffusion_sfhq,raw,0.8614,0.0235
FLUX1_schnell_image_0005544.jpg,diffusion_sfhq,topographic,0.6776,0.0065
FLUX1_schnell_image_0005544.jpg,diffusion_sfhq,edge,0.8962,0.0018
SDXL_image_0013882.jpg,diffusion_sfhq,raw,0.8283,0.0737
SDXL_image_0013882.jpg,diffusion_sfhq,topographic,0.6401,0.0877
SDXL_image_0013882.jpg,diffusion_sfhq,edge,0.8877,0.0545
FLUX1_schnell_image_0022740.jpg,diffusion_sfhq,raw,0.8009,0.0352
FLUX1_schnell_image_0022740.jpg,diffusion_sfhq,topographic,0.5445,0.0209
FLUX1_schnell_image_0022740.jpg,diffusion_sfhq,edge,0.7692,0.0228
FLUX1_schnell_image_0009577.jpg,diffusion_sfhq,raw,0.7439,0.1035
FLUX1_schnell_image_0009577.jpg,diffusion_sfhq,topographic,0.5734,0.0536
FLUX1_schnell_image_0009577.jpg,diffusion_sfhq,edge,0.7633,0.0955
SDXL_image_0027541.jpg,diffusion_sfhq,raw,0.8356,0.0276
SDXL_image_0027541.jpg,diffusion_sfhq,topographic,0.6106,0.0642
SDXL_image_0027541.jpg,diffusion_sfhq,edge,0.9112,0.0645
FLUX1_schnell_image_0046334.jpg,diffusion_sfhq,raw,0.8662,0.0658
FLUX1_schnell_image_0046334.jpg,diffusion_sfhq,topographic,0.6421,0.0296
FLUX1_schnell_image_0046334.jpg,diffusion_sfhq,edge,0.9162,0.0228
SDXL_image_0002672.jpg,diffusion_sfhq,raw,0.831,0.0252
SDXL_image_0002672.jpg,diffusion_sfhq,topographic,0.612,0.0491
SDXL_image_0002672.jpg,diffusion_sfhq,edge,0.9304,0.0049
SDXL_image_0022877.jpg,diffusion_sfhq,raw,0.7675,0.0831
SDXL_image_0022877.jpg,diffusion_sfhq,topographic,0.5846,0.0197
SDXL_image_0022877.jpg,diffusion_sfhq,edge,0.8874,0.005
FLUX1_schnell_image_0044479.jpg,diffusion_sfhq,raw,0.8221,0.0848
FLUX1_schnell_image_0044479.jpg,diffusion_sfhq,topographic,0.5643,0.0328
FLUX1_schnell_image_0044479.jpg,diffusion_sfhq,edge,0.893,0.0063
SDXL_image_0003883.jpg,diffusion_sfhq,raw,0.8765,0.0127
SDXL_image_0003883.jpg,diffusion_sfhq,topographic,0.5655,0.0276
SDXL_image_0003883.jpg,diffusion_sfhq,edge,0.9266,0.0148
FLUX1_dev_image_0000145.jpg,diffusion_sfhq,raw,0.8308,0.0815
FLUX1_dev_image_0000145.jpg,diffusion_sfhq,topographic,0.6382,0.0834
FLUX1_dev_image_0000145.jpg,diffusion_sfhq,edge,0.9337,0.0086
FLUX1_schnell_image_0003061.jpg,diffusion_sfhq,raw,0.8403,0.0919
FLUX1_schnell_image_0003061.jpg,diffusion_sfhq,topographic,0.5651,0.0647
FLUX1_schnell_image_0003061.jpg,diffusion_sfhq,edge,0.8346,0.0698
FLUX1_pro_image_0001467.jpg,diffusion_sfhq,raw,0.7985,0.1763
FLUX1_pro_image_0001467.jpg,diffusion_sfhq,topographic,0.6196,0.0506
FLUX1_pro_image_0001467.jpg,diffusion_sfhq,edge,0.9428,0.0193
SDXL_image_0046150.jpg,diffusion_sfhq,raw,0.7889,0.0912
SDXL_image_0046150.jpg,diffusion_sfhq,topographic,0.6791,0.0975
SDXL_image_0046150.jpg,diffusion_sfhq,edge,0.9011,0.0362
SDXL_image_0020956.jpg,diffusion_sfhq,raw,0.7275,0.1916
SDXL_image_0020956.jpg,diffusion_sfhq,topographic,0.5562,0.0965
SDXL_image_0020956.jpg,diffusion_sfhq,edge,0.8591,0.0391
SDXL_image_0048883.jpg,diffusion_sfhq,raw,0.7558,0.0036
SDXL_image_0048883.jpg,diffusion_sfhq,topographic,0.5711,0.0361
SDXL_image_0048883.jpg,diffusion_sfhq,edge,0.8827,0.0173
FLUX1_schnell_image_0007935.jpg,diffusion_sfhq,raw,0.8291,0.1134
FLUX1_schnell_image_0007935.jpg,diffusion_sfhq,topographic,0.6185,0.0694
FLUX1_schnell_image_0007935.jpg,diffusion_sfhq,edge,0.7944,0.1131
SDXL_image_0001874.jpg,diffusion_sfhq,raw,0.7831,0.0363
SDXL_image_0001874.jpg,diffusion_sfhq,topographic,0.5685,0.0487
SDXL_image_0001874.jpg,diffusion_sfhq,edge,0.8572,0.0571
FLUX1_dev_image_0003600.jpg,diffusion_sfhq,raw,0.8694,0.0278
FLUX1_dev_image_0003600.jpg,diffusion_sfhq,topographic,0.6128,0.0315
FLUX1_dev_image_0003600.jpg,diffusion_sfhq,edge,0.9124,0.0057
SDXL_image_0039789.jpg,diffusion_sfhq,raw,0.7732,0.1277
SDXL_image_0039789.jpg,diffusion_sfhq,topographic,0.5217,0.0073
SDXL_image_0039789.jpg,diffusion_sfhq,edge,0.8001,0.0695
FLUX1_schnell_image_0036813.jpg,diffusion_sfhq,raw,0.6183,0.333
FLUX1_schnell_image_0036813.jpg,diffusion_sfhq,topographic,0.5584,0.0643
FLUX1_schnell_image_0036813.jpg,diffusion_sfhq,edge,0.8804,0.024
SDXL_image_0006717.jpg,diffusion_sfhq,raw,0.8856,0.0098
SDXL_image_0006717.jpg,diffusion_sfhq,topographic,0.6509,0.0893
SDXL_image_0006717.jpg,diffusion_sfhq,edge,0.8925,0.0544
SDXL_image_0002783.jpg,diffusion_sfhq,raw,0.8178,0.0141
SDXL_image_0002783.jpg,diffusion_sfhq,topographic,0.5561,0.0119
SDXL_image_0002783.jpg,diffusion_sfhq,edge,0.8297,0.0167
FLUX1_schnell_image_0007809.jpg,diffusion_sfhq,raw,0.8229,0.027
FLUX1_schnell_image_0007809.jpg,diffusion_sfhq,topographic,0.5133,0.0603
FLUX1_schnell_image_0007809.jpg,diffusion_sfhq,edge,0.7876,0.0513
FLUX1_schnell_image_0044755.jpg,diffusion_sfhq,raw,0.8692,0.0386
FLUX1_schnell_image_0044755.jpg,diffusion_sfhq,topographic,0.6614,0.0123
FLUX1_schnell_image_0044755.jpg,diffusion_sfhq,edge,0.886,0.0684
FLUX1_schnell_image_0005102.jpg,diffusion_sfhq,raw,0.8609,0.0377
FLUX1_schnell_image_0005102.jpg,diffusion_sfhq,topographic,0.5703,0.0005
FLUX1_schnell_image_0005102.jpg,diffusion_sfhq,edge,0.8419,0.022
FLUX1_dev_image_0004360.jpg,diffusion_sfhq,raw,0.7943,0.1759
FLUX1_dev_image_0004360.jpg,diffusion_sfhq,topographic,0.5732,0.0567
FLUX1_dev_image_0004360.jpg,diffusion_sfhq,edge,0.8376,0.0469
FLUX1_schnell_image_0028815.jpg,diffusion_sfhq,raw,0.7332,0.0771
FLUX1_schnell_image_0028815.jpg,diffusion_sfhq,topographic,0.5659,0.0969
FLUX1_schnell_image_0028815.jpg,diffusion_sfhq,edge,0.8459,0.038
FLUX1_schnell_image_0036214.jpg,diffusion_sfhq,raw,0.7795,0.0669
FLUX1_schnell_image_0036214.jpg,diffusion_sfhq,topographic,0.5832,0.0042
FLUX1_schnell_image_0036214.jpg,diffusion_sfhq,edge,0.846,0.021
SDXL_image_0048234.jpg,diffusion_sfhq,raw,0.7834,0.0013
SDXL_image_0048234.jpg,diffusion_sfhq,topographic,0.5459,0.0307
SDXL_image_0048234.jpg,diffusion_sfhq,edge,0.8692,0.0143
SDXL_image_0052707.jpg,diffusion_sfhq,raw,0.7388,0.1749
SDXL_image_0052707.jpg,diffusion_sfhq,topographic,0.6066,0.0026
SDXL_image_0052707.jpg,diffusion_sfhq,edge,0.9402,0.0157
SDXL_image_0034740.jpg,diffusion_sfhq,raw,0.8296,0.0765
SDXL_image_0034740.jpg,diffusion_sfhq,topographic,0.5561,0.0092
SDXL_image_0034740.jpg,diffusion_sfhq,edge,0.8357,0.0063
SDXL_image_0043212.jpg,diffusion_sfhq,raw,0.7899,0.0808
SDXL_image_0043212.jpg,diffusion_sfhq,topographic,0.537,0.0949
SDXL_image_0043212.jpg,diffusion_sfhq,edge,0.8752,0.0003
FLUX1_dev_image_0004107.jpg,diffusion_sfhq,raw,0.8193,0.1131
FLUX1_dev_image_0004107.jpg,diffusion_sfhq,topographic,0.7277,0.0467
FLUX1_dev_image_0004107.jpg,diffusion_sfhq,edge,0.8689,0.0011
SDXL_image_0048226.jpg,diffusion_sfhq,raw,0.8605,0.0654
SDXL_image_0048226.jpg,diffusion_sfhq,topographic,0.6711,0.0069
SDXL_image_0048226.jpg,diffusion_sfhq,edge,0.8767,0.0028
FLUX1_schnell_image_0035316.jpg,diffusion_sfhq,raw,0.8764,0.065
FLUX1_schnell_image_0035316.jpg,diffusion_sfhq,topographic,0.6591,0.0437
FLUX1_schnell_image_0035316.jpg,diffusion_sfhq,edge,0.8812,0.0068
FLUX1_schnell_image_0015938.jpg,diffusion_sfhq,raw,0.7999,0.0012
FLUX1_schnell_image_0015938.jpg,diffusion_sfhq,topographic,0.5928,0.0641
FLUX1_schnell_image_0015938.jpg,diffusion_sfhq,edge,0.8441,0.0106
SDXL_image_0019780.jpg,diffusion_sfhq,raw,0.775,0.0935
SDXL_image_0019780.jpg,diffusion_sfhq,topographic,0.5478,0.0569
SDXL_image_0019780.jpg,diffusion_sfhq,edge,0.8422,0.0572
FLUX1_schnell_image_0021110.jpg,diffusion_sfhq,raw,0.791,0.1058
FLUX1_schnell_image_0021110.jpg,diffusion_sfhq,topographic,0.5372,0.0188
FLUX1_schnell_image_0021110.jpg,diffusion_sfhq,edge,0.8349,0.002
SDXL_image_0017796.jpg,diffusion_sfhq,raw,0.7515,0.031
SDXL_image_0017796.jpg,diffusion_sfhq,topographic,0.52,0.0198
SDXL_image_0017796.jpg,diffusion_sfhq,edge,0.82,0.0483
FLUX1_schnell_image_0001870.jpg,diffusion_sfhq,raw,0.7122,0.1385
FLUX1_schnell_image_0001870.jpg,diffusion_sfhq,topographic,0.5178,0.0077
FLUX1_schnell_image_0001870.jpg,diffusion_sfhq,edge,0.7288,0.1146
FLUX1_schnell_image_0034773.jpg,diffusion_sfhq,raw,0.83,0.0431
FLUX1_schnell_image_0034773.jpg,diffusion_sfhq,topographic,0.5801,0.0823
FLUX1_schnell_image_0034773.jpg,diffusion_sfhq,edge,0.8705,0.0306
SDXL_image_0032642.jpg,diffusion_sfhq,raw,0.7661,0.0855
SDXL_image_0032642.jpg,diffusion_sfhq,topographic,0.563,0.0414
SDXL_image_0032642.jpg,diffusion_sfhq,edge,0.8633,0.0326
SDXL_image_0003749.jpg,diffusion_sfhq,raw,0.7352,0.0357
SDXL_image_0003749.jpg,diffusion_sfhq,topographic,0.5676,0.0288
SDXL_image_0003749.jpg,diffusion_sfhq,edge,0.8293,0.0568
SDXL_image_0046286.jpg,diffusion_sfhq,raw,0.787,0.1006
SDXL_image_0046286.jpg,diffusion_sfhq,topographic,0.6382,0.0268
SDXL_image_0046286.jpg,diffusion_sfhq,edge,0.9382,0.012
SDXL_image_0045048.jpg,diffusion_sfhq,raw,0.804,0.1564
SDXL_image_0045048.jpg,diffusion_sfhq,topographic,0.6026,0.0666
SDXL_image_0045048.jpg,diffusion_sfhq,edge,0.8834,0.0261
FLUX1_schnell_image_0041685.jpg,diffusion_sfhq,raw,0.7943,0.0274
FLUX1_schnell_image_0041685.jpg,diffusion_sfhq,topographic,0.5611,0.0167
FLUX1_schnell_image_0041685.jpg,diffusion_sfhq,edge,0.8551,0.0419
SDXL_image_0011726.jpg,diffusion_sfhq,raw,0.7933,0.0337
SDXL_image_0011726.jpg,diffusion_sfhq,topographic,0.5926,0.0613
SDXL_image_0011726.jpg,diffusion_sfhq,edge,0.9175,0.0116
SDXL_image_0028622.jpg,diffusion_sfhq,raw,0.8248,0.0078
SDXL_image_0028622.jpg,diffusion_sfhq,topographic,0.584,0.0181
SDXL_image_0028622.jpg,diffusion_sfhq,edge,0.8674,0.0076
FLUX1_schnell_image_0008656.jpg,diffusion_sfhq,raw,0.6862,0.0191
FLUX1_schnell_image_0008656.jpg,diffusion_sfhq,topographic,0.7052,0.0072
FLUX1_schnell_image_0008656.jpg,diffusion_sfhq,edge,0.9252,0.0317
SDXL_image_0051747.jpg,diffusion_sfhq,raw,0.7858,0.0792
SDXL_image_0051747.jpg,diffusion_sfhq,topographic,0.5508,0.0417
SDXL_image_0051747.jpg,diffusion_sfhq,edge,0.7918,0.0469
SDXL_image_0052287.jpg,diffusion_sfhq,raw,0.8186,0.0976
SDXL_image_0052287.jpg,diffusion_sfhq,topographic,0.6171,0.0215
SDXL_image_0052287.jpg,diffusion_sfhq,edge,0.92,0.0208
FLUX1_schnell_image_0019433.jpg,diffusion_sfhq,raw,0.8518,0.0189
FLUX1_schnell_image_0019433.jpg,diffusion_sfhq,topographic,0.6115,0.0261
FLUX1_schnell_image_0019433.jpg,diffusion_sfhq,edge,0.8283,0.0345
SDXL_image_0043723.jpg,diffusion_sfhq,raw,0.8122,0.1538
SDXL_image_0043723.jpg,diffusion_sfhq,topographic,0.6558,0.021
SDXL_image_0043723.jpg,diffusion_sfhq,edge,0.9296,0.011
FLUX1_schnell_image_0009698.jpg,diffusion_sfhq,raw,0.7899,0.0887
FLUX1_schnell_image_0009698.jpg,diffusion_sfhq,topographic,0.6434,0.0281
FLUX1_schnell_image_0009698.jpg,diffusion_sfhq,edge,0.9265,0.0358
SDXL_image_0035233.jpg,diffusion_sfhq,raw,0.7516,0.1452
SDXL_image_0035233.jpg,diffusion_sfhq,topographic,0.5387,0.1755
SDXL_image_0035233.jpg,diffusion_sfhq,edge,0.8773,0.0717
SDXL_image_0036664.jpg,diffusion_sfhq,raw,0.8515,0.0188
SDXL_image_0036664.jpg,diffusion_sfhq,topographic,0.543,0.0475
SDXL_image_0036664.jpg,diffusion_sfhq,edge,0.8089,0.0151
FLUX1_schnell_image_0011605.jpg,diffusion_sfhq,raw,0.8299,0.0586
FLUX1_schnell_image_0011605.jpg,diffusion_sfhq,topographic,0.5692,0.058
FLUX1_schnell_image_0011605.jpg,diffusion_sfhq,edge,0.8435,0.005
SDXL_image_0045926.jpg,diffusion_sfhq,raw,0.8387,0.0272
SDXL_image_0045926.jpg,diffusion_sfhq,topographic,0.519,0.0681
SDXL_image_0045926.jpg,diffusion_sfhq,edge,0.8068,0.0045
FLUX1_schnell_image_0042462.jpg,diffusion_sfhq,raw,0.7321,0.1139
FLUX1_schnell_image_0042462.jpg,diffusion_sfhq,topographic,0.533,0.0088
FLUX1_schnell_image_0042462.jpg,diffusion_sfhq,edge,0.7916,0.0275
FLUX1_dev_image_0002126.jpg,diffusion_sfhq,raw,0.8354,0.0197
FLUX1_dev_image_0002126.jpg,diffusion_sfhq,topographic,0.5898,0.0979
FLUX1_dev_image_0002126.jpg,diffusion_sfhq,edge,0.8732,0.0529
FLUX1_schnell_image_0011908.jpg,diffusion_sfhq,raw,0.8604,0.0255
FLUX1_schnell_image_0011908.jpg,diffusion_sfhq,topographic,0.7033,0.0004
FLUX1_schnell_image_0011908.jpg,diffusion_sfhq,edge,0.8631,0.0054
SDXL_image_0026929.jpg,diffusion_sfhq,raw,0.8266,0.0757
SDXL_image_0026929.jpg,diffusion_sfhq,topographic,0.562,0.0166
SDXL_image_0026929.jpg,diffusion_sfhq,edge,0.8265,0.0333
SDXL_image_0051580.jpg,diffusion_sfhq,raw,0.7886,0.099
SDXL_image_0051580.jpg,diffusion_sfhq,topographic,0.5583,0.0124
SDXL_image_0051580.jpg,diffusion_sfhq,edge,0.8297,0.0091
FLUX1_schnell_image_0031951.jpg,diffusion_sfhq,raw,0.8692,0.0553
FLUX1_schnell_image_0031951.jpg,diffusion_sfhq,topographic,0.5457,0.0234
FLUX1_schnell_image_0031951.jpg,diffusion_sfhq,edge,0.83,0.0445
SDXL_image_0032939.jpg,diffusion_sfhq,raw,0.7626,0.0742
SDXL_image_0032939.jpg,diffusion_sfhq,topographic,0.6288,0.0287
SDXL_image_0032939.jpg,diffusion_sfhq,edge,0.8599,0.0214
SDXL_image_0052409.jpg,diffusion_sfhq,raw,0.7589,0.1042
SDXL_image_0052409.jpg,diffusion_sfhq,topographic,0.5595,0.0583
SDXL_image_0052409.jpg,diffusion_sfhq,edge,0.8548,0.0383
FLUX1_schnell_image_0042385.jpg,diffusion_sfhq,raw,0.8482,0.0033
FLUX1_schnell_image_0042385.jpg,diffusion_sfhq,topographic,0.6016,0.0477
FLUX1_schnell_image_0042385.jpg,diffusion_sfhq,edge,0.8236,0.0307
SDXL_image_0035542.jpg,diffusion_sfhq,raw,0.7849,0.1125
SDXL_image_0035542.jpg,diffusion_sfhq,topographic,0.6126,0.0647
SDXL_image_0035542.jpg,diffusion_sfhq,edge,0.8905,0.0096
SDXL_image_0018186.jpg,diffusion_sfhq,raw,0.8455,0.1244
SDXL_image_0018186.jpg,diffusion_sfhq,topographic,0.6156,0.0111
SDXL_image_0018186.jpg,diffusion_sfhq,edge,0.8801,0.02
SDXL_image_0043652.jpg,diffusion_sfhq,raw,0.8123,0.1219
SDXL_image_0043652.jpg,diffusion_sfhq,topographic,0.584,0.0189
SDXL_image_0043652.jpg,diffusion_sfhq,edge,0.8233,0.0447
SDXL_image_0026732.jpg,diffusion_sfhq,raw,0.8085,0.088
SDXL_image_0026732.jpg,diffusion_sfhq,topographic,0.5347,0.0045
SDXL_image_0026732.jpg,diffusion_sfhq,edge,0.9131,0.0065
SDXL_image_0036661.jpg,diffusion_sfhq,raw,0.828,0.088
SDXL_image_0036661.jpg,diffusion_sfhq,topographic,0.6157,0.0065
SDXL_image_0036661.jpg,diffusion_sfhq,edge,0.9126,0.0205
FLUX1_schnell_image_0020931.jpg,diffusion_sfhq,raw,0.8399,0.1176
FLUX1_schnell_image_0020931.jpg,diffusion_sfhq,topographic,0.5763,0.0502
FLUX1_schnell_image_0020931.jpg,diffusion_sfhq,edge,0.8985,0.0132
FLUX1_schnell_image_0023375.jpg,diffusion_sfhq,raw,0.8422,0.0677
FLUX1_schnell_image_0023375.jpg,diffusion_sfhq,topographic,0.7435,0.01
FLUX1_schnell_image_0023375.jpg,diffusion_sfhq,edge,0.9459,0.0021
FLUX1_schnell_image_0009265.jpg,diffusion_sfhq,raw,0.9251,0.0234
FLUX1_schnell_image_0009265.jpg,diffusion_sfhq,topographic,0.5999,0.0106
FLUX1_schnell_image_0009265.jpg,diffusion_sfhq,edge,0.929,0.008
SDXL_image_0033593.jpg,diffusion_sfhq,raw,0.7386,0.1714
SDXL_image_0033593.jpg,diffusion_sfhq,topographic,0.5249,0.0361
SDXL_image_0033593.jpg,diffusion_sfhq,edge,0.7803,0.0061
SDXL_image_0022301.jpg,diffusion_sfhq,raw,0.7389,0.0066
SDXL_image_0022301.jpg,diffusion_sfhq,topographic,0.6094,0.0581
SDXL_image_0022301.jpg,diffusion_sfhq,edge,0.8843,0.0295
FLUX1_schnell_image_0002566.jpg,diffusion_sfhq,raw,0.7716,0.1009
FLUX1_schnell_image_0002566.jpg,diffusion_sfhq,topographic,0.5116,0.0241
FLUX1_schnell_image_0002566.jpg,diffusion_sfhq,edge,0.7939,0.0693
FLUX1_schnell_image_0038560.jpg,diffusion_sfhq,raw,0.7118,0.1144
FLUX1_schnell_image_0038560.jpg,diffusion_sfhq,topographic,0.5251,0.0354
FLUX1_schnell_image_0038560.jpg,diffusion_sfhq,edge,0.8097,0.0069
SDXL_image_0044714.jpg,diffusion_sfhq,raw,0.7701,0.1543
SDXL_image_0044714.jpg,diffusion_sfhq,topographic,0.6139,0.0688
SDXL_image_0044714.jpg,diffusion_sfhq,edge,0.8298,0.0739
FLUX1_dev_image_0003953.jpg,diffusion_sfhq,raw,0.7809,0.1489
FLUX1_dev_image_0003953.jpg,diffusion_sfhq,topographic,0.6431,0.0058
FLUX1_dev_image_0003953.jpg,diffusion_sfhq,edge,0.9209,0.023
SDXL_image_0042935.jpg,diffusion_sfhq,raw,0.8283,0.1179
SDXL_image_0042935.jpg,diffusion_sfhq,topographic,0.6383,0.0342
SDXL_image_0042935.jpg,diffusion_sfhq,edge,0.8858,0.0028
FLUX1_schnell_image_0050119.jpg,diffusion_sfhq,raw,0.8254,0.032
FLUX1_schnell_image_0050119.jpg,diffusion_sfhq,topographic,0.6148,0.0019
FLUX1_schnell_image_0050119.jpg,diffusion_sfhq,edge,0.9117,0.0033
FLUX1_schnell_image_0017557.jpg,diffusion_sfhq,raw,0.6578,0.2668
FLUX1_schnell_image_0017557.jpg,diffusion_sfhq,topographic,0.5709,0.0504
FLUX1_schnell_image_0017557.jpg,diffusion_sfhq,edge,0.8631,0.0118
FLUX1_schnell_image_0014560.jpg,diffusion_sfhq,raw,0.7085,0.1504
FLUX1_schnell_image_0014560.jpg,diffusion_sfhq,topographic,0.5341,0.0306
FLUX1_schnell_image_0014560.jpg,diffusion_sfhq,edge,0.8395,0.0155
SDXL_image_0037427.jpg,diffusion_sfhq,raw,0.7747,0.1228
SDXL_image_0037427.jpg,diffusion_sfhq,topographic,0.575,0.021
SDXL_image_0037427.jpg,diffusion_sfhq,edge,0.8315,0.0037
SDXL_image_0050788.jpg,diffusion_sfhq,raw,0.8038,0.1442
SDXL_image_0050788.jpg,diffusion_sfhq,topographic,0.6268,0.0551
SDXL_image_0050788.jpg,diffusion_sfhq,edge,0.9234,0.0197
FLUX1_schnell_image_0048757.jpg,diffusion_sfhq,raw,0.8195,0.0466
FLUX1_schnell_image_0048757.jpg,diffusion_sfhq,topographic,0.5169,0.0365
FLUX1_schnell_image_0048757.jpg,diffusion_sfhq,edge,0.8004,0.0047
FLUX1_schnell_image_0034245.jpg,diffusion_sfhq,raw,0.7925,0.0669
FLUX1_schnell_image_0034245.jpg,diffusion_sfhq,topographic,0.5247,0.0086
FLUX1_schnell_image_0034245.jpg,diffusion_sfhq,edge,0.7015,0.0177
FLUX1_schnell_image_0028412.jpg,diffusion_sfhq,raw,0.7364,0.0841
FLUX1_schnell_image_0028412.jpg,diffusion_sfhq,topographic,0.5569,0.1038
FLUX1_schnell_image_0028412.jpg,diffusion_sfhq,edge,0.8913,0.0625
SDXL_image_0037945.jpg,diffusion_sfhq,raw,0.8144,0.0313
SDXL_image_0037945.jpg,diffusion_sfhq,topographic,0.558,0.0043
SDXL_image_0037945.jpg,diffusion_sfhq,edge,0.8561,0.0203
SDXL_image_0034638.jpg,diffusion_sfhq,raw,0.8423,0.018
SDXL_image_0034638.jpg,diffusion_sfhq,topographic,0.6493,0.0079
SDXL_image_0034638.jpg,diffusion_sfhq,edge,0.91,0.0101
SDXL_image_0044604.jpg,diffusion_sfhq,raw,0.7863,0.0647
SDXL_image_0044604.jpg,diffusion_sfhq,topographic,0.5369,0.0938
SDXL_image_0044604.jpg,diffusion_sfhq,edge,0.8841,0.0185
FLUX1_schnell_image_0018235.jpg,diffusion_sfhq,raw,0.6594,0.2802
FLUX1_schnell_image_0018235.jpg,diffusion_sfhq,topographic,0.5689,0.0045
FLUX1_schnell_image_0018235.jpg,diffusion_sfhq,edge,0.8893,0.0176
FLUX1_schnell_image_0017622.jpg,diffusion_sfhq,raw,0.8719,0.0917
FLUX1_schnell_image_0017622.jpg,diffusion_sfhq,topographic,0.6859,0.0173
FLUX1_schnell_image_0017622.jpg,diffusion_sfhq,edge,0.9057,0.0327
FLUX1_dev_image_0001979.jpg,diffusion_sfhq,raw,0.7275,0.2529
FLUX1_dev_image_0001979.jpg,diffusion_sfhq,topographic,0.6005,0.0209
FLUX1_dev_image_0001979.jpg,diffusion_sfhq,edge,0.8548,0.0262
SDXL_image_0016891.jpg,diffusion_sfhq,raw,0.785,0.0871
SDXL_image_0016891.jpg,diffusion_sfhq,topographic,0.5216,0.0823
SDXL_image_0016891.jpg,diffusion_sfhq,edge,0.8255,0.0169
FLUX1_schnell_image_0013714.jpg,diffusion_sfhq,raw,0.8648,0.0121
FLUX1_schnell_image_0013714.jpg,diffusion_sfhq,topographic,0.6743,0.0428
FLUX1_schnell_image_0013714.jpg,diffusion_sfhq,edge,0.9107,0.012
FLUX1_schnell_image_0040647.jpg,diffusion_sfhq,raw,0.7995,0.1291
FLUX1_schnell_image_0040647.jpg,diffusion_sfhq,topographic,0.5813,0.0164
FLUX1_schnell_image_0040647.jpg,diffusion_sfhq,edge,0.8927,0.0191
FLUX1_schnell_image_0031436.jpg,diffusion_sfhq,raw,0.8216,0.0532
FLUX1_schnell_image_0031436.jpg,diffusion_sfhq,topographic,0.5986,0.0681
FLUX1_schnell_image_0031436.jpg,diffusion_sfhq,edge,0.9031,0.0094
FLUX1_schnell_image_0024923.jpg,diffusion_sfhq,raw,0.8238,0.0069
FLUX1_schnell_image_0024923.jpg,diffusion_sfhq,topographic,0.5451,0.0094
FLUX1_schnell_image_0024923.jpg,diffusion_sfhq,edge,0.8768,0.0286
SDXL_image_0043690.jpg,diffusion_sfhq,raw,0.7885,0.0822
SDXL_image_0043690.jpg,diffusion_sfhq,topographic,0.5386,0.0951
SDXL_image_0043690.jpg,diffusion_sfhq,edge,0.8026,0.0588
FLUX1_pro_image_0000704.jpg,diffusion_sfhq,raw,0.7483,0.1828
FLUX1_pro_image_0000704.jpg,diffusion_sfhq,topographic,0.5696,0.0421
FLUX1_pro_image_0000704.jpg,diffusion_sfhq,edge,0.8876,0.0548
SDXL_image_0031750.jpg,diffusion_sfhq,raw,0.7913,0.0136
SDXL_image_0031750.jpg,diffusion_sfhq,topographic,0.5701,0.0051
SDXL_image_0031750.jpg,diffusion_sfhq,edge,0.8543,0.0205
FLUX1_schnell_image_0024991.jpg,diffusion_sfhq,raw,0.7678,0.1246
FLUX1_schnell_image_0024991.jpg,diffusion_sfhq,topographic,0.5079,0.0088
FLUX1_schnell_image_0024991.jpg,diffusion_sfhq,edge,0.8095,0.0491
FLUX1_schnell_image_0034441.jpg,diffusion_sfhq,raw,0.8458,0.0276
FLUX1_schnell_image_0034441.jpg,diffusion_sfhq,topographic,0.5613,0.021
FLUX1_schnell_image_0034441.jpg,diffusion_sfhq,edge,0.8729,0.0407
SDXL_image_0014456.jpg,diffusion_sfhq,raw,0.818,0.0745
SDXL_image_0014456.jpg,diffusion_sfhq,topographic,0.565,0.0359
SDXL_image_0014456.jpg,diffusion_sfhq,edge,0.922,0.0315
FLUX1_schnell_image_0055195.jpg,diffusion_sfhq,raw,0.8387,0.0154
FLUX1_schnell_image_0055195.jpg,diffusion_sfhq,topographic,0.5634,0.012
FLUX1_schnell_image_0055195.jpg,diffusion_sfhq,edge,0.873,0.0309
FLUX1_schnell_image_0040806.jpg,diffusion_sfhq,raw,0.8421,0.0629
FLUX1_schnell_image_0040806.jpg,diffusion_sfhq,topographic,0.557,0.032
FLUX1_schnell_image_0040806.jpg,diffusion_sfhq,edge,0.9121,0.0094
SDXL_image_0019445.jpg,diffusion_sfhq,raw,0.7169,0.0952
SDXL_image_0019445.jpg,diffusion_sfhq,topographic,0.5422,0.0631
SDXL_image_0019445.jpg,diffusion_sfhq,edge,0.8539,0.0305
SDXL_image_0040977.jpg,diffusion_sfhq,raw,0.8067,0.0154
SDXL_image_0040977.jpg,diffusion_sfhq,topographic,0.5941,0.0678
SDXL_image_0040977.jpg,diffusion_sfhq,edge,0.8968,0.034
SDXL_image_0000645.jpg,diffusion_sfhq,raw,0.7927,0.103
SDXL_image_0000645.jpg,diffusion_sfhq,topographic,0.5586,0.0174
SDXL_image_0000645.jpg,diffusion_sfhq,edge,0.9015,0.0468
FLUX1_schnell_image_0031815.jpg,diffusion_sfhq,raw,0.7705,0.0633
FLUX1_schnell_image_0031815.jpg,diffusion_sfhq,topographic,0.5535,0.0303
FLUX1_schnell_image_0031815.jpg,diffusion_sfhq,edge,0.8622,0.0212
FLUX1_dev_image_0002495.jpg,diffusion_sfhq,raw,0.8412,0.1287
FLUX1_dev_image_0002495.jpg,diffusion_sfhq,topographic,0.6824,0.0638
FLUX1_dev_image_0002495.jpg,diffusion_sfhq,edge,0.9495,0.0122
FLUX1_schnell_image_0003516.jpg,diffusion_sfhq,raw,0.7558,0.0646
FLUX1_schnell_image_0003516.jpg,diffusion_sfhq,topographic,0.6006,0.0178
FLUX1_schnell_image_0003516.jpg,diffusion_sfhq,edge,0.8728,0.0209
SDXL_image_0045353.jpg,diffusion_sfhq,raw,0.7903,0.0652
SDXL_image_0045353.jpg,diffusion_sfhq,topographic,0.585,0.0058
SDXL_image_0045353.jpg,diffusion_sfhq,edge,0.8682,0.0189
FLUX1_schnell_image_0022642.jpg,diffusion_sfhq,raw,0.8871,0.0204
FLUX1_schnell_image_0022642.jpg,diffusion_sfhq,topographic,0.5613,0.0048
FLUX1_schnell_image_0022642.jpg,diffusion_sfhq,edge,0.8279,0.0225
FLUX1_schnell_image_0011804.jpg,diffusion_sfhq,raw,0.8027,0.135
FLUX1_schnell_image_0011804.jpg,diffusion_sfhq,topographic,0.5548,0.0452
FLUX1_schnell_image_0011804.jpg,diffusion_sfhq,edge,0.8333,0.0118
SDXL_image_0006466.jpg,diffusion_sfhq,raw,0.7851,0.0153
SDXL_image_0006466.jpg,diffusion_sfhq,topographic,0.534,0.0169
SDXL_image_0006466.jpg,diffusion_sfhq,edge,0.8713,0.0147
FLUX1_schnell_image_0023200.jpg,diffusion_sfhq,raw,0.8752,0.0681
FLUX1_schnell_image_0023200.jpg,diffusion_sfhq,topographic,0.6318,0.0459
FLUX1_schnell_image_0023200.jpg,diffusion_sfhq,edge,0.862,0.0819
FLUX1_dev_image_0003892.jpg,diffusion_sfhq,raw,0.7446,0.0795
FLUX1_dev_image_0003892.jpg,diffusion_sfhq,topographic,0.5636,0.0093
FLUX1_dev_image_0003892.jpg,diffusion_sfhq,edge,0.7932,0.0282
FLUX1_schnell_image_0002606.jpg,diffusion_sfhq,raw,0.7861,0.001
FLUX1_schnell_image_0002606.jpg,diffusion_sfhq,topographic,0.5743,0.0312
FLUX1_schnell_image_0002606.jpg,diffusion_sfhq,edge,0.8891,0.0025
SDXL_image_0008563.jpg,diffusion_sfhq,raw,0.7593,0.1263
SDXL_image_0008563.jpg,diffusion_sfhq,topographic,0.5419,0.0076
SDXL_image_0008563.jpg,diffusion_sfhq,edge,0.8532,0.0278
FLUX1_schnell_image_0045381.jpg,diffusion_sfhq,raw,0.6683,0.1767
FLUX1_schnell_image_0045381.jpg,diffusion_sfhq,topographic,0.5214,0.1398
FLUX1_schnell_image_0045381.jpg,diffusion_sfhq,edge,0.7863,0.1498
FLUX1_schnell_image_0033722.jpg,diffusion_sfhq,raw,0.8705,0.0353
FLUX1_schnell_image_0033722.jpg,diffusion_sfhq,topographic,0.672,0.0134
FLUX1_schnell_image_0033722.jpg,diffusion_sfhq,edge,0.838,0.0087
SDXL_image_0025878.jpg,diffusion_sfhq,raw,0.7802,0.0936
SDXL_image_0025878.jpg,diffusion_sfhq,topographic,0.5494,0.0579
SDXL_image_0025878.jpg,diffusion_sfhq,edge,0.8024,0.0378
SDXL_image_0033469.jpg,diffusion_sfhq,raw,0.766,0.0299
SDXL_image_0033469.jpg,diffusion_sfhq,topographic,0.5553,0.0421
SDXL_image_0033469.jpg,diffusion_sfhq,edge,0.8822,0.0353
FLUX1_schnell_image_0029525.jpg,diffusion_sfhq,raw,0.7159,0.2448
FLUX1_schnell_image_0029525.jpg,diffusion_sfhq,topographic,0.5288,0.0803
FLUX1_schnell_image_0029525.jpg,diffusion_sfhq,edge,0.8214,0.0865
FLUX1_schnell_image_0045621.jpg,diffusion_sfhq,raw,0.7091,0.1307
FLUX1_schnell_image_0045621.jpg,diffusion_sfhq,topographic,0.5267,0.0689
FLUX1_schnell_image_0045621.jpg,diffusion_sfhq,edge,0.8359,0.0555
SDXL_image_0009827.jpg,diffusion_sfhq,raw,0.7835,0.011
SDXL_image_0009827.jpg,diffusion_sfhq,topographic,0.5266,0.1018
SDXL_image_0009827.jpg,diffusion_sfhq,edge,0.8612,0.0728
FLUX1_schnell_image_0055460.jpg,diffusion_sfhq,raw,0.8042,0.0485
FLUX1_schnell_image_0055460.jpg,diffusion_sfhq,topographic,0.5132,0.0246
FLUX1_schnell_image_0055460.jpg,diffusion_sfhq,edge,0.7556,0.0731
FLUX1_schnell_image_0003555.jpg,diffusion_sfhq,raw,0.7322,0.0074
FLUX1_schnell_image_0003555.jpg,diffusion_sfhq,topographic,0.5816,0.0079
FLUX1_schnell_image_0003555.jpg,diffusion_sfhq,edge,0.7956,0.0191
FLUX1_schnell_image_0038908.jpg,diffusion_sfhq,raw,0.796,0.1077
FLUX1_schnell_image_0038908.jpg,diffusion_sfhq,topographic,0.5328,0.0324
FLUX1_schnell_image_0038908.jpg,diffusion_sfhq,edge,0.8234,0.0111
SDXL_image_0048303.jpg,diffusion_sfhq,raw,0.8037,0.0048
SDXL_image_0048303.jpg,diffusion_sfhq,topographic,0.6521,0.0252
SDXL_image_0048303.jpg,diffusion_sfhq,edge,0.8573,0.0189
SDXL_image_0005941.jpg,diffusion_sfhq,raw,0.7831,0.0913
SDXL_image_0005941.jpg,diffusion_sfhq,topographic,0.5997,0.011
SDXL_image_0005941.jpg,diffusion_sfhq,edge,0.9459,0.0131
FLUX1_schnell_image_0013315.jpg,diffusion_sfhq,raw,0.7371,0.1583
FLUX1_schnell_image_0013315.jpg,diffusion_sfhq,topographic,0.595,0.0506
FLUX1_schnell_image_0013315.jpg,diffusion_sfhq,edge,0.8762,0.0546
FLUX1_schnell_image_0021790.jpg,diffusion_sfhq,raw,0.815,0.0637
FLUX1_schnell_image_0021790.jpg,diffusion_sfhq,topographic,0.5509,0.0536
FLUX1_schnell_image_0021790.jpg,diffusion_sfhq,edge,0.8264,0.0679
FLUX1_dev_image_0004695.jpg,diffusion_sfhq,raw,0.9195,0.0044
FLUX1_dev_image_0004695.jpg,diffusion_sfhq,topographic,0.6373,0.019
FLUX1_dev_image_0004695.jpg,diffusion_sfhq,edge,0.8969,0.0392
SDXL_image_0023285.jpg,diffusion_sfhq,raw,0.7464,0.0572
SDXL_image_0023285.jpg,diffusion_sfhq,topographic,0.5814,0.0191
SDXL_image_0023285.jpg,diffusion_sfhq,edge,0.8367,0.0501
FLUX1_schnell_image_0045576.jpg,diffusion_sfhq,raw,0.8711,0.0327
FLUX1_schnell_image_0045576.jpg,diffusion_sfhq,topographic,0.5558,0.0218
FLUX1_schnell_image_0045576.jpg,diffusion_sfhq,edge,0.877,0.0205
DALLE3_image_0000222.jpg,diffusion_sfhq,raw,0.7062,0.0444
DALLE3_image_0000222.jpg,diffusion_sfhq,topographic,0.589,0.0769
DALLE3_image_0000222.jpg,diffusion_sfhq,edge,0.8797,0.0481
FLUX1_schnell_image_0056573.jpg,diffusion_sfhq,raw,0.8072,0.0715
FLUX1_schnell_image_0056573.jpg,diffusion_sfhq,topographic,0.559,0.0074
FLUX1_schnell_image_0056573.jpg,diffusion_sfhq,edge,0.8656,0.0048
SDXL_image_0051722.jpg,diffusion_sfhq,raw,0.7285,0.2098
SDXL_image_0051722.jpg,diffusion_sfhq,topographic,0.6305,0.0985
SDXL_image_0051722.jpg,diffusion_sfhq,edge,0.9042,0.0471
SDXL_image_0036104.jpg,diffusion_sfhq,raw,0.7122,0.1646
SDXL_image_0036104.jpg,diffusion_sfhq,topographic,0.5868,0.0271
SDXL_image_0036104.jpg,diffusion_sfhq,edge,0.8334,0.001
SDXL_image_0000938.jpg,diffusion_sfhq,raw,0.8231,0.009
SDXL_image_0000938.jpg,diffusion_sfhq,topographic,0.5581,0.0772
SDXL_image_0000938.jpg,diffusion_sfhq,edge,0.9209,0.0159
SDXL_image_0020409.jpg,diffusion_sfhq,raw,0.789,0.0804
SDXL_image_0020409.jpg,diffusion_sfhq,topographic,0.5194,0.0182
SDXL_image_0020409.jpg,diffusion_sfhq,edge,0.8133,0.0097
SDXL_image_0024682.jpg,diffusion_sfhq,raw,0.8063,0.0742
SDXL_image_0024682.jpg,diffusion_sfhq,topographic,0.5452,0.0115
SDXL_image_0024682.jpg,diffusion_sfhq,edge,0.8719,0.0334
SDXL_image_0027635.jpg,diffusion_sfhq,raw,0.7007,0.0746
SDXL_image_0027635.jpg,diffusion_sfhq,topographic,0.614,0.0362
SDXL_image_0027635.jpg,diffusion_sfhq,edge,0.949,0.0206
SDXL_image_0026992.jpg,diffusion_sfhq,raw,0.7547,0.0336
SDXL_image_0026992.jpg,diffusion_sfhq,topographic,0.6424,0.0638
SDXL_image_0026992.jpg,diffusion_sfhq,edge,0.8871,0.0432
SDXL_image_0018280.jpg,diffusion_sfhq,raw,0.8191,0.0302
SDXL_image_0018280.jpg,diffusion_sfhq,topographic,0.5555,0.0085
SDXL_image_0018280.jpg,diffusion_sfhq,edge,0.8717,0.0023
FLUX1_schnell_image_0014226.jpg,diffusion_sfhq,raw,0.7934,0.0316
FLUX1_schnell_image_0014226.jpg,diffusion_sfhq,topographic,0.545,0.0273
FLUX1_schnell_image_0014226.jpg,diffusion_sfhq,edge,0.8479,0.0126
FLUX1_schnell_image_0036158.jpg,diffusion_sfhq,raw,0.8105,0.0618
FLUX1_schnell_image_0036158.jpg,diffusion_sfhq,topographic,0.5691,0.0408
FLUX1_schnell_image_0036158.jpg,diffusion_sfhq,edge,0.8559,0.0872
FLUX1_schnell_image_0044953.jpg,diffusion_sfhq,raw,0.867,0.0157
FLUX1_schnell_image_0044953.jpg,diffusion_sfhq,topographic,0.5511,0.0405
FLUX1_schnell_image_0044953.jpg,diffusion_sfhq,edge,0.8133,0.0069
FLUX1_pro_image_0000776.jpg,diffusion_sfhq,raw,0.8371,0.0523
FLUX1_pro_image_0000776.jpg,diffusion_sfhq,topographic,0.5858,0.0228
FLUX1_pro_image_0000776.jpg,diffusion_sfhq,edge,0.905,0.0074
SDXL_image_0017442.jpg,diffusion_sfhq,raw,0.7964,0.0317
SDXL_image_0017442.jpg,diffusion_sfhq,topographic,0.5361,0.0122
SDXL_image_0017442.jpg,diffusion_sfhq,edge,0.808,0.0463
SDXL_image_0051092.jpg,diffusion_sfhq,raw,0.84,0.0573
SDXL_image_0051092.jpg,diffusion_sfhq,topographic,0.5333,0.0796
SDXL_image_0051092.jpg,diffusion_sfhq,edge,0.8879,0.0148
FLUX1_schnell_image_0031690.jpg,diffusion_sfhq,raw,0.7808,0.0636
FLUX1_schnell_image_0031690.jpg,diffusion_sfhq,topographic,0.6791,0.08
FLUX1_schnell_image_0031690.jpg,diffusion_sfhq,edge,0.9066,0.0449
SDXL_image_0012053.jpg,diffusion_sfhq,raw,0.8206,0.0286
SDXL_image_0012053.jpg,diffusion_sfhq,topographic,0.5759,0.0082
SDXL_image_0012053.jpg,diffusion_sfhq,edge,0.9359,0.014
FLUX1_schnell_image_0029556.jpg,diffusion_sfhq,raw,0.858,0.0329
FLUX1_schnell_image_0029556.jpg,diffusion_sfhq,topographic,0.6012,0.0373
FLUX1_schnell_image_0029556.jpg,diffusion_sfhq,edge,0.9124,0.0097
SDXL_image_0041548.jpg,diffusion_sfhq,raw,0.7605,0.0453
SDXL_image_0041548.jpg,diffusion_sfhq,topographic,0.5984,0.0308
SDXL_image_0041548.jpg,diffusion_sfhq,edge,0.9004,0.0113
FLUX1_schnell_image_0004732.jpg,diffusion_sfhq,raw,0.7633,0.1299
FLUX1_schnell_image_0004732.jpg,diffusion_sfhq,topographic,0.5412,0.0245
FLUX1_schnell_image_0004732.jpg,diffusion_sfhq,edge,0.8229,0.0387
SDXL_image_0024724.jpg,diffusion_sfhq,raw,0.8013,0.0703
SDXL_image_0024724.jpg,diffusion_sfhq,topographic,0.5592,0.0448
SDXL_image_0024724.jpg,diffusion_sfhq,edge,0.929,0.0075
SDXL_image_0048374.jpg,diffusion_sfhq,raw,0.8098,0.0045
SDXL_image_0048374.jpg,diffusion_sfhq,topographic,0.6401,0.0429
SDXL_image_0048374.jpg,diffusion_sfhq,edge,0.9456,0.0158
FLUX1_schnell_image_0027774.jpg,diffusion_sfhq,raw,0.7966,0.1181
FLUX1_schnell_image_0027774.jpg,diffusion_sfhq,topographic,0.616,0.0155
FLUX1_schnell_image_0027774.jpg,diffusion_sfhq,edge,0.8323,0.0182
FLUX1_schnell_image_0054896.jpg,diffusion_sfhq,raw,0.8209,0.0908
FLUX1_schnell_image_0054896.jpg,diffusion_sfhq,topographic,0.6028,0.0266
FLUX1_schnell_image_0054896.jpg,diffusion_sfhq,edge,0.8428,0.0463
FLUX1_schnell_image_0028949.jpg,diffusion_sfhq,raw,0.7303,0.091
FLUX1_schnell_image_0028949.jpg,diffusion_sfhq,topographic,0.5592,0.0459
FLUX1_schnell_image_0028949.jpg,diffusion_sfhq,edge,0.8401,0.0263
SDXL_image_0017790.jpg,diffusion_sfhq,raw,0.81,0.0236
SDXL_image_0017790.jpg,diffusion_sfhq,topographic,0.5531,0.0048
SDXL_image_0017790.jpg,diffusion_sfhq,edge,0.8385,0.0077
FLUX1_schnell_image_0041949.jpg,diffusion_sfhq,raw,0.8315,0.0271
FLUX1_schnell_image_0041949.jpg,diffusion_sfhq,topographic,0.6052,0.0108
FLUX1_schnell_image_0041949.jpg,diffusion_sfhq,edge,0.866,0.0159
FLUX1_schnell_image_0031164.jpg,diffusion_sfhq,raw,0.8355,0.0284
FLUX1_schnell_image_0031164.jpg,diffusion_sfhq,topographic,0.5391,0.0026
FLUX1_schnell_image_0031164.jpg,diffusion_sfhq,edge,0.8616,0.0271
FLUX1_schnell_image_0041163.jpg,diffusion_sfhq,raw,0.7764,0.0009
FLUX1_schnell_image_0041163.jpg,diffusion_sfhq,topographic,0.511,0.0467
FLUX1_schnell_image_0041163.jpg,diffusion_sfhq,edge,0.7885,0.0338
SDXL_image_0021767.jpg,diffusion_sfhq,raw,0.7268,0.0875
SDXL_image_0021767.jpg,diffusion_sfhq,topographic,0.5162,0.0288
SDXL_image_0021767.jpg,diffusion_sfhq,edge,0.8113,0.0002
FLUX1_schnell_image_0027162.jpg,diffusion_sfhq,raw,0.7699,0.158
FLUX1_schnell_image_0027162.jpg,diffusion_sfhq,topographic,0.5797,0.0699
FLUX1_schnell_image_0027162.jpg,diffusion_sfhq,edge,0.8296,0.0155
SDXL_image_0003031.jpg,diffusion_sfhq,raw,0.767,0.1626
SDXL_image_0003031.jpg,diffusion_sfhq,topographic,0.5356,0.034
SDXL_image_0003031.jpg,diffusion_sfhq,edge,0.8208,0.0407
FLUX1_schnell_image_0005081.jpg,diffusion_sfhq,raw,0.8477,0.0525
FLUX1_schnell_image_0005081.jpg,diffusion_sfhq,topographic,0.5867,0.0145
FLUX1_schnell_image_0005081.jpg,diffusion_sfhq,edge,0.9373,0.0038
FLUX1_schnell_image_0013545.jpg,diffusion_sfhq,raw,0.7032,0.211
FLUX1_schnell_image_0013545.jpg,diffusion_sfhq,topographic,0.5459,0.0365
FLUX1_schnell_image_0013545.jpg,diffusion_sfhq,edge,0.8537,0.0249
FLUX1_schnell_image_0043530.jpg,diffusion_sfhq,raw,0.8769,0.0233
FLUX1_schnell_image_0043530.jpg,diffusion_sfhq,topographic,0.609,0.037
FLUX1_schnell_image_0043530.jpg,diffusion_sfhq,edge,0.8179,0.0218
SDXL_image_0017533.jpg,diffusion_sfhq,raw,0.7217,0.09
SDXL_image_0017533.jpg,diffusion_sfhq,topographic,0.5827,0.0086
SDXL_image_0017533.jpg,diffusion_sfhq,edge,0.8769,0.0273
FLUX1_schnell_image_0038115.jpg,diffusion_sfhq,raw,0.7922,0.0583
FLUX1_schnell_image_0038115.jpg,diffusion_sfhq,topographic,0.5203,0.0387
FLUX1_schnell_image_0038115.jpg,diffusion_sfhq,edge,0.7863,0.007
SDXL_image_0019157.jpg,diffusion_sfhq,raw,0.8016,0.0056
SDXL_image_0019157.jpg,diffusion_sfhq,topographic,0.5629,0.0456
SDXL_image_0019157.jpg,diffusion_sfhq,edge,0.9197,0.0271
SDXL_image_0028446.jpg,diffusion_sfhq,raw,0.769,0.021
SDXL_image_0028446.jpg,diffusion_sfhq,topographic,0.6624,0.0192
SDXL_image_0028446.jpg,diffusion_sfhq,edge,0.9017,0.0093
SDXL_image_0048736.jpg,diffusion_sfhq,raw,0.8065,0.12
SDXL_image_0048736.jpg,diffusion_sfhq,topographic,0.5899,0.0188
SDXL_image_0048736.jpg,diffusion_sfhq,edge,0.9031,0.0303
FLUX1_schnell_image_0011209.jpg,diffusion_sfhq,raw,0.7377,0.1753
FLUX1_schnell_image_0011209.jpg,diffusion_sfhq,topographic,0.5048,0.0243
FLUX1_schnell_image_0011209.jpg,diffusion_sfhq,edge,0.8224,0.007
SDXL_image_0011048.jpg,diffusion_sfhq,raw,0.6919,0.0598
SDXL_image_0011048.jpg,diffusion_sfhq,topographic,0.5679,0.0011
SDXL_image_0011048.jpg,diffusion_sfhq,edge,0.886,0.0013
SDXL_image_0004959.jpg,diffusion_sfhq,raw,0.8394,0.0836
SDXL_image_0004959.jpg,diffusion_sfhq,topographic,0.5266,0.0095
SDXL_image_0004959.jpg,diffusion_sfhq,edge,0.8231,0.0602
FLUX1_schnell_image_0027857.jpg,diffusion_sfhq,raw,0.745,0.1463
FLUX1_schnell_image_0027857.jpg,diffusion_sfhq,topographic,0.5093,0.0118
FLUX1_schnell_image_0027857.jpg,diffusion_sfhq,edge,0.8834,0.0015
FLUX1_schnell_image_0041646.jpg,diffusion_sfhq,raw,0.8573,0.0578
FLUX1_schnell_image_0041646.jpg,diffusion_sfhq,topographic,0.5331,0.0362
FLUX1_schnell_image_0041646.jpg,diffusion_sfhq,edge,0.8397,0.0005
SDXL_image_0002182.jpg,diffusion_sfhq,raw,0.7566,0.1581
SDXL_image_0002182.jpg,diffusion_sfhq,topographic,0.5411,0.1004
SDXL_image_0002182.jpg,diffusion_sfhq,edge,0.8006,0.0991
SDXL_image_0039675.jpg,diffusion_sfhq,raw,0.7665,0.0945
SDXL_image_0039675.jpg,diffusion_sfhq,topographic,0.518,0.0573
SDXL_image_0039675.jpg,diffusion_sfhq,edge,0.7601,0.0467
DALLE3_image_0000054.jpg,diffusion_sfhq,raw,0.673,0.2831
DALLE3_image_0000054.jpg,diffusion_sfhq,topographic,0.6323,0.007
DALLE3_image_0000054.jpg,diffusion_sfhq,edge,0.9451,0.0063
FLUX1_schnell_image_0028240.jpg,diffusion_sfhq,raw,0.9098,0.008
FLUX1_schnell_image_0028240.jpg,diffusion_sfhq,topographic,0.6053,0.0246
FLUX1_schnell_image_0028240.jpg,diffusion_sfhq,edge,0.8879,0.0135
FLUX1_schnell_image_0026016.jpg,diffusion_sfhq,raw,0.7391,0.104
FLUX1_schnell_image_0026016.jpg,diffusion_sfhq,topographic,0.5695,0.0198
FLUX1_schnell_image_0026016.jpg,diffusion_sfhq,edge,0.8515,0.0434
FLUX1_schnell_image_0015952.jpg,diffusion_sfhq,raw,0.742,0.1708
FLUX1_schnell_image_0015952.jpg,diffusion_sfhq,topographic,0.5653,0.024
FLUX1_schnell_image_0015952.jpg,diffusion_sfhq,edge,0.8916,0.0207
FLUX1_schnell_image_0044768.jpg,diffusion_sfhq,raw,0.811,0.1055
FLUX1_schnell_image_0044768.jpg,diffusion_sfhq,topographic,0.5256,0.032
FLUX1_schnell_image_0044768.jpg,diffusion_sfhq,edge,0.81,0.0583
SDXL_image_0033381.jpg,diffusion_sfhq,raw,0.8118,0.074
SDXL_image_0033381.jpg,diffusion_sfhq,topographic,0.6154,0.0314
SDXL_image_0033381.jpg,diffusion_sfhq,edge,0.8244,0.0296
SDXL_image_0006386.jpg,diffusion_sfhq,raw,0.7336,0.069
SDXL_image_0006386.jpg,diffusion_sfhq,topographic,0.6586,0.0312
SDXL_image_0006386.jpg,diffusion_sfhq,edge,0.8705,0.0207
SDXL_image_0009886.jpg,diffusion_sfhq,raw,0.7399,0.0284
SDXL_image_0009886.jpg,diffusion_sfhq,topographic,0.6719,0.0966
SDXL_image_0009886.jpg,diffusion_sfhq,edge,0.8915,0.0307
SDXL_image_0016192.jpg,diffusion_sfhq,raw,0.7933,0.0617
SDXL_image_0016192.jpg,diffusion_sfhq,topographic,0.5421,0.0534
SDXL_image_0016192.jpg,diffusion_sfhq,edge,0.8531,0.0543
FLUX1_schnell_image_0030648.jpg,diffusion_sfhq,raw,0.725,0.2083
FLUX1_schnell_image_0030648.jpg,diffusion_sfhq,topographic,0.539,0.0383
FLUX1_schnell_image_0030648.jpg,diffusion_sfhq,edge,0.8131,0.0305
FLUX1_schnell_image_0049371.jpg,diffusion_sfhq,raw,0.837,0.022
FLUX1_schnell_image_0049371.jpg,diffusion_sfhq,topographic,0.5966,0.0401
FLUX1_schnell_image_0049371.jpg,diffusion_sfhq,edge,0.8113,0.0338
FLUX1_schnell_image_0046327.jpg,diffusion_sfhq,raw,0.8131,0.1454
FLUX1_schnell_image_0046327.jpg,diffusion_sfhq,topographic,0.67,0.0624
FLUX1_schnell_image_0046327.jpg,diffusion_sfhq,edge,0.8499,0.0987
FLUX1_schnell_image_0046376.jpg,diffusion_sfhq,raw,0.8264,0.1116
FLUX1_schnell_image_0046376.jpg,diffusion_sfhq,topographic,0.577,0.036
FLUX1_schnell_image_0046376.jpg,diffusion_sfhq,edge,0.8671,0.0195
SDXL_image_0018935.jpg,diffusion_sfhq,raw,0.7347,0.1089
SDXL_image_0018935.jpg,diffusion_sfhq,topographic,0.5898,0.0364
SDXL_image_0018935.jpg,diffusion_sfhq,edge,0.9049,0.0147
FLUX1_schnell_image_0016413.jpg,diffusion_sfhq,raw,0.8866,0.0588
FLUX1_schnell_image_0016413.jpg,diffusion_sfhq,topographic,0.6314,0.0411
FLUX1_schnell_image_0016413.jpg,diffusion_sfhq,edge,0.934,0.0237
FLUX1_schnell_image_0055427.jpg,diffusion_sfhq,raw,0.8762,0.0731
FLUX1_schnell_image_0055427.jpg,diffusion_sfhq,topographic,0.6249,0.0424
FLUX1_schnell_image_0055427.jpg,diffusion_sfhq,edge,0.8853,0.0366
FLUX1_schnell_image_0050446.jpg,diffusion_sfhq,raw,0.7751,0.0369
FLUX1_schnell_image_0050446.jpg,diffusion_sfhq,topographic,0.5241,0.0068
FLUX1_schnell_image_0050446.jpg,diffusion_sfhq,edge,0.7993,0.037
SDXL_image_0034427.jpg,diffusion_sfhq,raw,0.6948,0.2234
SDXL_image_0034427.jpg,diffusion_sfhq,topographic,0.6314,0.0028
SDXL_image_0034427.jpg,diffusion_sfhq,edge,0.8925,0.0413
SDXL_image_0048523.jpg,diffusion_sfhq,raw,0.7617,0.1072
SDXL_image_0048523.jpg,diffusion_sfhq,topographic,0.5921,0.0533
SDXL_image_0048523.jpg,diffusion_sfhq,edge,0.8781,0.054
SDXL_image_0034727.jpg,diffusion_sfhq,raw,0.7399,0.1862
SDXL_image_0034727.jpg,diffusion_sfhq,topographic,0.5464,0.0664
SDXL_image_0034727.jpg,diffusion_sfhq,edge,0.8095,0.0548
SDXL_image_0026850.jpg,diffusion_sfhq,raw,0.7989,0.0671
SDXL_image_0026850.jpg,diffusion_sfhq,topographic,0.5623,0.0285
SDXL_image_0026850.jpg,diffusion_sfhq,edge,0.8415,0.0158
FLUX1_schnell_image_0010640.jpg,diffusion_sfhq,raw,0.8945,0.0443
FLUX1_schnell_image_0010640.jpg,diffusion_sfhq,topographic,0.6363,0.0233
FLUX1_schnell_image_0010640.jpg,diffusion_sfhq,edge,0.9435,0.0152
SDXL_image_0016735.jpg,diffusion_sfhq,raw,0.8336,0.0018
SDXL_image_0016735.jpg,diffusion_sfhq,topographic,0.5584,0.0207
SDXL_image_0016735.jpg,diffusion_sfhq,edge,0.8994,0.0111
FLUX1_pro_image_0002719.jpg,diffusion_sfhq,raw,0.8612,0.0646
FLUX1_pro_image_0002719.jpg,diffusion_sfhq,topographic,0.5949,0.0316
FLUX1_pro_image_0002719.jpg,diffusion_sfhq,edge,0.9454,0.0215
FLUX1_schnell_image_0025605.jpg,diffusion_sfhq,raw,0.6321,0.1619
FLUX1_schnell_image_0025605.jpg,diffusion_sfhq,topographic,0.6202,0.0067
FLUX1_schnell_image_0025605.jpg,diffusion_sfhq,edge,0.9175,0.0136
FLUX1_schnell_image_0055988.jpg,diffusion_sfhq,raw,0.8339,0.0238
FLUX1_schnell_image_0055988.jpg,diffusion_sfhq,topographic,0.559,0.0489
FLUX1_schnell_image_0055988.jpg,diffusion_sfhq,edge,0.9259,0.0083
SDXL_image_0017392.jpg,diffusion_sfhq,raw,0.749,0.0752
SDXL_image_0017392.jpg,diffusion_sfhq,topographic,0.5335,0.039
SDXL_image_0017392.jpg,diffusion_sfhq,edge,0.8837,0.0719
SDXL_image_0013335.jpg,diffusion_sfhq,raw,0.8611,0.0045
SDXL_image_0013335.jpg,diffusion_sfhq,topographic,0.6087,0.0347
SDXL_image_0013335.jpg,diffusion_sfhq,edge,0.963,0.0076
SDXL_image_0011542.jpg,diffusion_sfhq,raw,0.7962,0.0166
SDXL_image_0011542.jpg,diffusion_sfhq,topographic,0.5655,0.0118
SDXL_image_0011542.jpg,diffusion_sfhq,edge,0.7043,0.07
FLUX1_schnell_image_0032345.jpg,diffusion_sfhq,raw,0.7193,0.2534
FLUX1_schnell_image_0032345.jpg,diffusion_sfhq,topographic,0.583,0.1514
FLUX1_schnell_image_0032345.jpg,diffusion_sfhq,edge,0.8659,0.0838
FLUX1_schnell_image_0000636.jpg,diffusion_sfhq,raw,0.7694,0.1256
FLUX1_schnell_image_0000636.jpg,diffusion_sfhq,topographic,0.5397,0.0349
FLUX1_schnell_image_0000636.jpg,diffusion_sfhq,edge,0.8773,0.0353
SDXL_image_0037668.jpg,diffusion_sfhq,raw,0.8527,0.0729
SDXL_image_0037668.jpg,diffusion_sfhq,topographic,0.5608,0.0304
SDXL_image_0037668.jpg,diffusion_sfhq,edge,0.8832,0.0211
SDXL_image_0028840.jpg,diffusion_sfhq,raw,0.8558,0.0904
SDXL_image_0028840.jpg,diffusion_sfhq,topographic,0.6567,0.0465
SDXL_image_0028840.jpg,diffusion_sfhq,edge,0.9309,0.0142
FLUX1_schnell_image_0019188.jpg,diffusion_sfhq,raw,0.8707,0.0767
FLUX1_schnell_image_0019188.jpg,diffusion_sfhq,topographic,0.7007,0.0067
FLUX1_schnell_image_0019188.jpg,diffusion_sfhq,edge,0.8384,0.0093
SDXL_image_0018564.jpg,diffusion_sfhq,raw,0.8136,0.0151
SDXL_image_0018564.jpg,diffusion_sfhq,topographic,0.5849,0.1086
SDXL_image_0018564.jpg,diffusion_sfhq,edge,0.8917,0.0311
FLUX1_schnell_image_0029098.jpg,diffusion_sfhq,raw,0.8648,0.0819
FLUX1_schnell_image_0029098.jpg,diffusion_sfhq,topographic,0.6889,0.0095
FLUX1_schnell_image_0029098.jpg,diffusion_sfhq,edge,0.9608,0.008
FLUX1_schnell_image_0017847.jpg,diffusion_sfhq,raw,0.8727,0.0039
FLUX1_schnell_image_0017847.jpg,diffusion_sfhq,topographic,0.5599,0.0248
FLUX1_schnell_image_0017847.jpg,diffusion_sfhq,edge,0.8954,0.0435
SDXL_image_0036111.jpg,diffusion_sfhq,raw,0.8215,0.0117
SDXL_image_0036111.jpg,diffusion_sfhq,topographic,0.5745,0.003
SDXL_image_0036111.jpg,diffusion_sfhq,edge,0.8935,0.0083
FLUX1_schnell_image_0014502.jpg,diffusion_sfhq,raw,0.758,0.0591
FLUX1_schnell_image_0014502.jpg,diffusion_sfhq,topographic,0.5966,0.11
FLUX1_schnell_image_0014502.jpg,diffusion_sfhq,edge,0.8589,0.0509
FLUX1_schnell_image_0007712.jpg,diffusion_sfhq,raw,0.7709,0.1781
FLUX1_schnell_image_0007712.jpg,diffusion_sfhq,topographic,0.5616,0.0802
FLUX1_schnell_image_0007712.jpg,diffusion_sfhq,edge,0.8822,0.0411
FLUX1_dev_image_0002079.jpg,diffusion_sfhq,raw,0.7687,0.0474
FLUX1_dev_image_0002079.jpg,diffusion_sfhq,topographic,0.5847,0.0173
FLUX1_dev_image_0002079.jpg,diffusion_sfhq,edge,0.9087,0.0053
FLUX1_dev_image_0004935.jpg,diffusion_sfhq,raw,0.7286,0.2042
FLUX1_dev_image_0004935.jpg,diffusion_sfhq,topographic,0.6184,0.022
FLUX1_dev_image_0004935.jpg,diffusion_sfhq,edge,0.9025,0.0031
FLUX1_schnell_image_0020496.jpg,diffusion_sfhq,raw,0.758,0.1288
FLUX1_schnell_image_0020496.jpg,diffusion_sfhq,topographic,0.5153,0.0208
FLUX1_schnell_image_0020496.jpg,diffusion_sfhq,edge,0.8485,0.0168
FLUX1_schnell_image_0050702.jpg,diffusion_sfhq,raw,0.7691,0.1244
FLUX1_schnell_image_0050702.jpg,diffusion_sfhq,topographic,0.6286,0.0289
FLUX1_schnell_image_0050702.jpg,diffusion_sfhq,edge,0.8807,0.0182
SDXL_image_0010490.jpg,diffusion_sfhq,raw,0.7441,0.0411
SDXL_image_0010490.jpg,diffusion_sfhq,topographic,0.5826,0.0792
SDXL_image_0010490.jpg,diffusion_sfhq,edge,0.9051,0.0571
SDXL_image_0041774.jpg,diffusion_sfhq,raw,0.8394,0.0341
SDXL_image_0041774.jpg,diffusion_sfhq,topographic,0.5975,0.0121
SDXL_image_0041774.jpg,diffusion_sfhq,edge,0.9401,0.0111
SDXL_image_0031115.jpg,diffusion_sfhq,raw,0.772,0.1697
SDXL_image_0031115.jpg,diffusion_sfhq,topographic,0.5832,0.0477
SDXL_image_0031115.jpg,diffusion_sfhq,edge,0.8583,0.0422
FLUX1_pro_image_0001150.jpg,diffusion_sfhq,raw,0.8938,0.0363
FLUX1_pro_image_0001150.jpg,diffusion_sfhq,topographic,0.5672,0.0178
FLUX1_pro_image_0001150.jpg,diffusion_sfhq,edge,0.8979,0.0307
FLUX1_schnell_image_0048117.jpg,diffusion_sfhq,raw,0.8482,0.0746
FLUX1_schnell_image_0048117.jpg,diffusion_sfhq,topographic,0.5961,0.0242
FLUX1_schnell_image_0048117.jpg,diffusion_sfhq,edge,0.8505,0.0062
FLUX1_schnell_image_0042743.jpg,diffusion_sfhq,raw,0.8033,0.1226
FLUX1_schnell_image_0042743.jpg,diffusion_sfhq,topographic,0.5659,0.0109
FLUX1_schnell_image_0042743.jpg,diffusion_sfhq,edge,0.8703,0.006
SDXL_image_0046548.jpg,diffusion_sfhq,raw,0.8876,0.0116
SDXL_image_0046548.jpg,diffusion_sfhq,topographic,0.5834,0.0402
SDXL_image_0046548.jpg,diffusion_sfhq,edge,0.9114,0.0031
SDXL_image_0012919.jpg,diffusion_sfhq,raw,0.7984,0.0016
SDXL_image_0012919.jpg,diffusion_sfhq,topographic,0.5567,0.0128
SDXL_image_0012919.jpg,diffusion_sfhq,edge,0.8676,0.0562
SDXL_image_0005821.jpg,diffusion_sfhq,raw,0.7602,0.1054
SDXL_image_0005821.jpg,diffusion_sfhq,topographic,0.5999,0.0241
SDXL_image_0005821.jpg,diffusion_sfhq,edge,0.9126,0.0209
FLUX1_schnell_image_0013886.jpg,diffusion_sfhq,raw,0.8781,0.002
FLUX1_schnell_image_0013886.jpg,diffusion_sfhq,topographic,0.7006,0.0375
FLUX1_schnell_image_0013886.jpg,diffusion_sfhq,edge,0.8672,0.0345
SDXL_image_0024540.jpg,diffusion_sfhq,raw,0.8037,0.0533
SDXL_image_0024540.jpg,diffusion_sfhq,topographic,0.5456,0.0286
SDXL_image_0024540.jpg,diffusion_sfhq,edge,0.8585,0.0773
SDXL_image_0021655.jpg,diffusion_sfhq,raw,0.7577,0.0518
SDXL_image_0021655.jpg,diffusion_sfhq,topographic,0.5488,0.0853
SDXL_image_0021655.jpg,diffusion_sfhq,edge,0.839,0.0067
FLUX1_schnell_image_0038748.jpg,diffusion_sfhq,raw,0.8617,0.0559
FLUX1_schnell_image_0038748.jpg,diffusion_sfhq,topographic,0.5731,0.0533
FLUX1_schnell_image_0038748.jpg,diffusion_sfhq,edge,0.9261,0.0093
FLUX1_schnell_image_0053226.jpg,diffusion_sfhq,raw,0.8084,0.0511
FLUX1_schnell_image_0053226.jpg,diffusion_sfhq,topographic,0.5659,0.0177
FLUX1_schnell_image_0053226.jpg,diffusion_sfhq,edge,0.8981,0.0134
FLUX1_schnell_image_0040803.jpg,diffusion_sfhq,raw,0.7868,0.0186
FLUX1_schnell_image_0040803.jpg,diffusion_sfhq,topographic,0.5206,0.0424
FLUX1_schnell_image_0040803.jpg,diffusion_sfhq,edge,0.7973,0.0272
FLUX1_schnell_image_0020383.jpg,diffusion_sfhq,raw,0.8785,0.0293
FLUX1_schnell_image_0020383.jpg,diffusion_sfhq,topographic,0.5758,0.0151
FLUX1_schnell_image_0020383.jpg,diffusion_sfhq,edge,0.8525,0.0438
FLUX1_schnell_image_0007741.jpg,diffusion_sfhq,raw,0.8096,0.0527
FLUX1_schnell_image_0007741.jpg,diffusion_sfhq,topographic,0.526,0.0179
FLUX1_schnell_image_0007741.jpg,diffusion_sfhq,edge,0.845,0.0416
SDXL_image_0016369.jpg,diffusion_sfhq,raw,0.7623,0.0679
SDXL_image_0016369.jpg,diffusion_sfhq,topographic,0.539,0.1129
SDXL_image_0016369.jpg,diffusion_sfhq,edge,0.8269,0.0755
SDXL_image_0020510.jpg,diffusion_sfhq,raw,0.8588,0.0364
SDXL_image_0020510.jpg,diffusion_sfhq,topographic,0.5521,0.0382
SDXL_image_0020510.jpg,diffusion_sfhq,edge,0.8627,0.0027
DALLE3_image_0000727.jpg,diffusion_sfhq,raw,0.8016,0.0863
DALLE3_image_0000727.jpg,diffusion_sfhq,topographic,0.583,0.0648
DALLE3_image_0000727.jpg,diffusion_sfhq,edge,0.9046,0.0561
SDXL_image_0047404.jpg,diffusion_sfhq,raw,0.8275,0.0068
SDXL_image_0047404.jpg,diffusion_sfhq,topographic,0.538,0.0328
SDXL_image_0047404.jpg,diffusion_sfhq,edge,0.7852,0.0522
SDXL_image_0028817.jpg,diffusion_sfhq,raw,0.8454,0.0249
SDXL_image_0028817.jpg,diffusion_sfhq,topographic,0.7281,0.0084
SDXL_image_0028817.jpg,diffusion_sfhq,edge,0.916,0.0017
SDXL_image_0043177.jpg,diffusion_sfhq,raw,0.7943,0.0942
SDXL_image_0043177.jpg,diffusion_sfhq,topographic,0.5806,0.0461
SDXL_image_0043177.jpg,diffusion_sfhq,edge,0.9141,0.0078
SDXL_image_0031319.jpg,diffusion_sfhq,raw,0.7266,0.1409
SDXL_image_0031319.jpg,diffusion_sfhq,topographic,0.591,0.0512
SDXL_image_0031319.jpg,diffusion_sfhq,edge,0.8869,0.0184
SDXL_image_0046460.jpg,diffusion_sfhq,raw,0.7672,0.1728
SDXL_image_0046460.jpg,diffusion_sfhq,topographic,0.5619,0.0935
SDXL_image_0046460.jpg,diffusion_sfhq,edge,0.8229,0.0629
FLUX1_schnell_image_0002368.jpg,diffusion_sfhq,raw,0.767,0.0133
FLUX1_schnell_image_0002368.jpg,diffusion_sfhq,topographic,0.6607,0.0304
FLUX1_schnell_image_0002368.jpg,diffusion_sfhq,edge,0.8696,0.0125
SDXL_image_0032420.jpg,diffusion_sfhq,raw,0.7616,0.1658
SDXL_image_0032420.jpg,diffusion_sfhq,topographic,0.5865,0.0413
SDXL_image_0032420.jpg,diffusion_sfhq,edge,0.8692,0.0111
FLUX1_schnell_image_0044146.jpg,diffusion_sfhq,raw,0.8708,0.0235
FLUX1_schnell_image_0044146.jpg,diffusion_sfhq,topographic,0.5655,0.0444
FLUX1_schnell_image_0044146.jpg,diffusion_sfhq,edge,0.873,0.0252
FLUX1_schnell_image_0017086.jpg,diffusion_sfhq,raw,0.7301,0.1209
FLUX1_schnell_image_0017086.jpg,diffusion_sfhq,topographic,0.5864,0.1724
FLUX1_schnell_image_0017086.jpg,diffusion_sfhq,edge,0.8469,0.0837
FLUX1_schnell_image_0011452.jpg,diffusion_sfhq,raw,0.9139,0.0157
FLUX1_schnell_image_0011452.jpg,diffusion_sfhq,topographic,0.6425,0.035
FLUX1_schnell_image_0011452.jpg,diffusion_sfhq,edge,0.9179,0.007
SDXL_image_0035789.jpg,diffusion_sfhq,raw,0.7558,0.018
SDXL_image_0035789.jpg,diffusion_sfhq,topographic,0.5079,0.0911
SDXL_image_0035789.jpg,diffusion_sfhq,edge,0.6283,0.0171
SDXL_image_0021597.jpg,diffusion_sfhq,raw,0.7724,0.1013
SDXL_image_0021597.jpg,diffusion_sfhq,topographic,0.5883,0.0217
SDXL_image_0021597.jpg,diffusion_sfhq,edge,0.8996,0.0169
FLUX1_schnell_image_0056316.jpg,diffusion_sfhq,raw,0.7666,0.1126
FLUX1_schnell_image_0056316.jpg,diffusion_sfhq,topographic,0.5825,0.0267
FLUX1_schnell_image_0056316.jpg,diffusion_sfhq,edge,0.8592,0.0597
FLUX1_schnell_image_0049314.jpg,diffusion_sfhq,raw,0.8245,0.0903
FLUX1_schnell_image_0049314.jpg,diffusion_sfhq,topographic,0.55,0.0917
FLUX1_schnell_image_0049314.jpg,diffusion_sfhq,edge,0.8324,0.0343
FLUX1_dev_image_0005460.jpg,diffusion_sfhq,raw,0.7364,0.1601
FLUX1_dev_image_0005460.jpg,diffusion_sfhq,topographic,0.6257,0.0116
FLUX1_dev_image_0005460.jpg,diffusion_sfhq,edge,0.9407,0.0021
SDXL_image_0003424.jpg,diffusion_sfhq,raw,0.7454,0.0333
SDXL_image_0003424.jpg,diffusion_sfhq,topographic,0.5618,0.0486
SDXL_image_0003424.jpg,diffusion_sfhq,edge,0.9117,0.0241
FLUX1_schnell_image_0021066.jpg,diffusion_sfhq,raw,0.8013,0.0588
FLUX1_schnell_image_0021066.jpg,diffusion_sfhq,topographic,0.5581,0.094
FLUX1_schnell_image_0021066.jpg,diffusion_sfhq,edge,0.8457,0.0742
SDXL_image_0050658.jpg,diffusion_sfhq,raw,0.8272,0.0973
SDXL_image_0050658.jpg,diffusion_sfhq,topographic,0.531,0.0718
SDXL_image_0050658.jpg,diffusion_sfhq,edge,0.8352,0.0275
SDXL_image_0041591.jpg,diffusion_sfhq,raw,0.7423,0.1829
SDXL_image_0041591.jpg,diffusion_sfhq,topographic,0.6257,0.0326
SDXL_image_0041591.jpg,diffusion_sfhq,edge,0.9142,0.0086
FLUX1_schnell_image_0004304.jpg,diffusion_sfhq,raw,0.804,0.1403
FLUX1_schnell_image_0004304.jpg,diffusion_sfhq,topographic,0.5679,0.1305
FLUX1_schnell_image_0004304.jpg,diffusion_sfhq,edge,0.9034,0.0371
FLUX1_schnell_image_0048254.jpg,diffusion_sfhq,raw,0.8113,0.0934
FLUX1_schnell_image_0048254.jpg,diffusion_sfhq,topographic,0.6178,0.0291
FLUX1_schnell_image_0048254.jpg,diffusion_sfhq,edge,0.8447,0.0239
FLUX1_schnell_image_0005875.jpg,diffusion_sfhq,raw,0.7405,0.1585
FLUX1_schnell_image_0005875.jpg,diffusion_sfhq,topographic,0.5356,0.0313
FLUX1_schnell_image_0005875.jpg,diffusion_sfhq,edge,0.8081,0.0653
SDXL_image_0035435.jpg,diffusion_sfhq,raw,0.7802,0.0241
SDXL_image_0035435.jpg,diffusion_sfhq,topographic,0.5712,0.0365
SDXL_image_0035435.jpg,diffusion_sfhq,edge,0.8753,0.0146
FLUX1_schnell_image_0049326.jpg,diffusion_sfhq,raw,0.6501,0.2483
FLUX1_schnell_image_0049326.jpg,diffusion_sfhq,topographic,0.5443,0.0406
FLUX1_schnell_image_0049326.jpg,diffusion_sfhq,edge,0.8778,0.0139
SDXL_image_0017880.jpg,diffusion_sfhq,raw,0.7991,0.0609
SDXL_image_0017880.jpg,diffusion_sfhq,topographic,0.5715,0.0376
SDXL_image_0017880.jpg,diffusion_sfhq,edge,0.9308,0.0121
FLUX1_schnell_image_0058043.jpg,diffusion_sfhq,raw,0.8742,0.0096
FLUX1_schnell_image_0058043.jpg,diffusion_sfhq,topographic,0.6271,0.0044
FLUX1_schnell_image_0058043.jpg,diffusion_sfhq,edge,0.9379,0.0053
SDXL_image_0003623.jpg,diffusion_sfhq,raw,0.8183,0.0021
SDXL_image_0003623.jpg,diffusion_sfhq,topographic,0.6158,0.046
SDXL_image_0003623.jpg,diffusion_sfhq,edge,0.9038,0.009
SDXL_image_0008417.jpg,diffusion_sfhq,raw,0.7498,0.1503
SDXL_image_0008417.jpg,diffusion_sfhq,topographic,0.5987,0.0101
SDXL_image_0008417.jpg,diffusion_sfhq,edge,0.8863,0.0292
FLUX1_schnell_image_0029999.jpg,diffusion_sfhq,raw,0.6918,0.0692
FLUX1_schnell_image_0029999.jpg,diffusion_sfhq,topographic,0.6047,0.0261
FLUX1_schnell_image_0029999.jpg,diffusion_sfhq,edge,0.907,0.0309
SDXL_image_0029379.jpg,diffusion_sfhq,raw,0.8445,0.0306
SDXL_image_0029379.jpg,diffusion_sfhq,topographic,0.6667,0.0177
SDXL_image_0029379.jpg,diffusion_sfhq,edge,0.931,0.0137
SDXL_image_0047241.jpg,diffusion_sfhq,raw,0.7502,0.0014
SDXL_image_0047241.jpg,diffusion_sfhq,topographic,0.6067,0.0703
SDXL_image_0047241.jpg,diffusion_sfhq,edge,0.936,0.0071
FLUX1_schnell_image_0046430.jpg,diffusion_sfhq,raw,0.8256,0.0828
FLUX1_schnell_image_0046430.jpg,diffusion_sfhq,topographic,0.556,0.0172
FLUX1_schnell_image_0046430.jpg,diffusion_sfhq,edge,0.8498,0.0249
SDXL_image_0010671.jpg,diffusion_sfhq,raw,0.7877,0.1242
SDXL_image_0010671.jpg,diffusion_sfhq,topographic,0.6374,0.028
SDXL_image_0010671.jpg,diffusion_sfhq,edge,0.9661,0.0038
SDXL_image_0037220.jpg,diffusion_sfhq,raw,0.8374,0.0015
SDXL_image_0037220.jpg,diffusion_sfhq,topographic,0.6199,0.0238
SDXL_image_0037220.jpg,diffusion_sfhq,edge,0.8871,0.0076
SDXL_image_0024661.jpg,diffusion_sfhq,raw,0.756,0.0846
SDXL_image_0024661.jpg,diffusion_sfhq,topographic,0.5475,0.025
SDXL_image_0024661.jpg,diffusion_sfhq,edge,0.9069,0.018
SDXL_image_0047319.jpg,diffusion_sfhq,raw,0.7449,0.0555
SDXL_image_0047319.jpg,diffusion_sfhq,topographic,0.5541,0.1385
SDXL_image_0047319.jpg,diffusion_sfhq,edge,0.8935,0.0035
FLUX1_schnell_image_0054589.jpg,diffusion_sfhq,raw,0.8014,0.0062
FLUX1_schnell_image_0054589.jpg,diffusion_sfhq,topographic,0.5374,0.0113
FLUX1_schnell_image_0054589.jpg,diffusion_sfhq,edge,0.8457,0.0169
FLUX1_schnell_image_0044355.jpg,diffusion_sfhq,raw,0.8009,0.0239
FLUX1_schnell_image_0044355.jpg,diffusion_sfhq,topographic,0.5627,0.0731
FLUX1_schnell_image_0044355.jpg,diffusion_sfhq,edge,0.8678,0.0328
SDXL_image_0039261.jpg,diffusion_sfhq,raw,0.8624,0.0451
SDXL_image_0039261.jpg,diffusion_sfhq,topographic,0.5639,0.0976
SDXL_image_0039261.jpg,diffusion_sfhq,edge,0.8895,0.0067
SDXL_image_0049267.jpg,diffusion_sfhq,raw,0.8025,0.0165
SDXL_image_0049267.jpg,diffusion_sfhq,topographic,0.538,0.0608
SDXL_image_0049267.jpg,diffusion_sfhq,edge,0.8615,0.1003
SDXL_image_0002173.jpg,diffusion_sfhq,raw,0.739,0.1662
SDXL_image_0002173.jpg,diffusion_sfhq,topographic,0.5557,0.0328
SDXL_image_0002173.jpg,diffusion_sfhq,edge,0.868,0.0387
FLUX1_schnell_image_0046869.jpg,diffusion_sfhq,raw,0.8273,0.0988
FLUX1_schnell_image_0046869.jpg,diffusion_sfhq,topographic,0.5252,0.0389
FLUX1_schnell_image_0046869.jpg,diffusion_sfhq,edge,0.8608,0.0332
SDXL_image_0048001.jpg,diffusion_sfhq,raw,0.8045,0.0109
SDXL_image_0048001.jpg,diffusion_sfhq,topographic,0.5555,0.0079
SDXL_image_0048001.jpg,diffusion_sfhq,edge,0.8936,0.0167
FLUX1_schnell_image_0009260.jpg,diffusion_sfhq,raw,0.859,0.0222
FLUX1_schnell_image_0009260.jpg,diffusion_sfhq,topographic,0.7325,0.0164
FLUX1_schnell_image_0009260.jpg,diffusion_sfhq,edge,0.9424,0.012
SDXL_image_0027859.jpg,diffusion_sfhq,raw,0.7525,0.0103
SDXL_image_0027859.jpg,diffusion_sfhq,topographic,0.5919,0.0131
SDXL_image_0027859.jpg,diffusion_sfhq,edge,0.9433,0.0246
SDXL_image_0043315.jpg,diffusion_sfhq,raw,0.8251,0.099
SDXL_image_0043315.jpg,diffusion_sfhq,topographic,0.6062,0.0095
SDXL_image_0043315.jpg,diffusion_sfhq,edge,0.8918,0.0088
FLUX1_schnell_image_0050641.jpg,diffusion_sfhq,raw,0.8577,0.0657
FLUX1_schnell_image_0050641.jpg,diffusion_sfhq,topographic,0.5841,0.0271
FLUX1_schnell_image_0050641.jpg,diffusion_sfhq,edge,0.8978,0.048
FLUX1_schnell_image_0047415.jpg,diffusion_sfhq,raw,0.8051,0.0237
FLUX1_schnell_image_0047415.jpg,diffusion_sfhq,topographic,0.5695,0.0333
FLUX1_schnell_image_0047415.jpg,diffusion_sfhq,edge,0.7745,0.0348
FLUX1_schnell_image_0022376.jpg,diffusion_sfhq,raw,0.6423,0.2826
FLUX1_schnell_image_0022376.jpg,diffusion_sfhq,topographic,0.5421,0.1924
FLUX1_schnell_image_0022376.jpg,diffusion_sfhq,edge,0.8261,0.1091
SDXL_image_0028923.jpg,diffusion_sfhq,raw,0.8388,0.0427
SDXL_image_0028923.jpg,diffusion_sfhq,topographic,0.6032,0.0779
SDXL_image_0028923.jpg,diffusion_sfhq,edge,0.8847,0.0253
FLUX1_schnell_image_0020810.jpg,diffusion_sfhq,raw,0.8721,0.0134
FLUX1_schnell_image_0020810.jpg,diffusion_sfhq,topographic,0.5952,0.1374
FLUX1_schnell_image_0020810.jpg,diffusion_sfhq,edge,0.8732,0.0622
SDXL_image_0040479.jpg,diffusion_sfhq,raw,0.7598,0.091
SDXL_image_0040479.jpg,diffusion_sfhq,topographic,0.5441,0.0901
SDXL_image_0040479.jpg,diffusion_sfhq,edge,0.8095,0.0444
SDXL_image_0013954.jpg,diffusion_sfhq,raw,0.8931,0.0215
SDXL_image_0013954.jpg,diffusion_sfhq,topographic,0.5875,0.0081
SDXL_image_0013954.jpg,diffusion_sfhq,edge,0.8714,0.0268
FLUX1_schnell_image_0024753.jpg,diffusion_sfhq,raw,0.7807,0.1362
FLUX1_schnell_image_0024753.jpg,diffusion_sfhq,topographic,0.5648,0.0546
FLUX1_schnell_image_0024753.jpg,diffusion_sfhq,edge,0.839,0.0113
SDXL_image_0030764.jpg,diffusion_sfhq,raw,0.8613,0.0685
SDXL_image_0030764.jpg,diffusion_sfhq,topographic,0.6049,0.0453
SDXL_image_0030764.jpg,diffusion_sfhq,edge,0.9025,0.0361
SDXL_image_0032322.jpg,diffusion_sfhq,raw,0.8101,0.0343
SDXL_image_0032322.jpg,diffusion_sfhq,topographic,0.5364,0.057
SDXL_image_0032322.jpg,diffusion_sfhq,edge,0.8245,0.0604
FLUX1_schnell_image_0056754.jpg,diffusion_sfhq,raw,0.8002,0.0929
FLUX1_schnell_image_0056754.jpg,diffusion_sfhq,topographic,0.5305,0.0827
FLUX1_schnell_image_0056754.jpg,diffusion_sfhq,edge,0.8404,0.0305
FLUX1_schnell_image_0051943.jpg,diffusion_sfhq,raw,0.8516,0.1103
FLUX1_schnell_image_0051943.jpg,diffusion_sfhq,topographic,0.6806,0.0278
FLUX1_schnell_image_0051943.jpg,diffusion_sfhq,edge,0.8623,0.0352
SDXL_image_0012524.jpg,diffusion_sfhq,raw,0.6068,0.1986
SDXL_image_0012524.jpg,diffusion_sfhq,topographic,0.5896,0.0747
SDXL_image_0012524.jpg,diffusion_sfhq,edge,0.861,0.0702
FLUX1_schnell_image_0019762.jpg,diffusion_sfhq,raw,0.7931,0.1429
FLUX1_schnell_image_0019762.jpg,diffusion_sfhq,topographic,0.5759,0.0377
FLUX1_schnell_image_0019762.jpg,diffusion_sfhq,edge,0.8958,0.0535
FLUX1_schnell_image_0024397.jpg,diffusion_sfhq,raw,0.7978,0.0407
FLUX1_schnell_image_0024397.jpg,diffusion_sfhq,topographic,0.517,0.0071
FLUX1_schnell_image_0024397.jpg,diffusion_sfhq,edge,0.7897,0.0414
FLUX1_schnell_image_0046076.jpg,diffusion_sfhq,raw,0.6441,0.2547
FLUX1_schnell_image_0046076.jpg,diffusion_sfhq,topographic,0.5889,0.0199
FLUX1_schnell_image_0046076.jpg,diffusion_sfhq,edge,0.8897,0.0308
FLUX1_pro_image_0001760.jpg,diffusion_sfhq,raw,0.7376,0.1305
FLUX1_pro_image_0001760.jpg,diffusion_sfhq,topographic,0.5932,0.0971
FLUX1_pro_image_0001760.jpg,diffusion_sfhq,edge,0.8885,0.0673
SDXL_image_0023909.jpg,diffusion_sfhq,raw,0.7179,0.0679
SDXL_image_0023909.jpg,diffusion_sfhq,topographic,0.5406,0.0046
SDXL_image_0023909.jpg,diffusion_sfhq,edge,0.8376,0.0337
FLUX1_schnell_image_0025860.jpg,diffusion_sfhq,raw,0.8833,0.0515
FLUX1_schnell_image_0025860.jpg,diffusion_sfhq,topographic,0.6368,0.0308
FLUX1_schnell_image_0025860.jpg,diffusion_sfhq,edge,0.9059,0.0259
FLUX1_schnell_image_0019139.jpg,diffusion_sfhq,raw,0.8256,0.0687
FLUX1_schnell_image_0019139.jpg,diffusion_sfhq,topographic,0.6202,0.0499
FLUX1_schnell_image_0019139.jpg,diffusion_sfhq,edge,0.8429,0.0136
FLUX1_schnell_image_0024019.jpg,diffusion_sfhq,raw,0.8582,0.0581
FLUX1_schnell_image_0024019.jpg,diffusion_sfhq,topographic,0.5682,0.0554
FLUX1_schnell_image_0024019.jpg,diffusion_sfhq,edge,0.8842,0.0554
FLUX1_schnell_image_0032432.jpg,diffusion_sfhq,raw,0.8113,0.028
FLUX1_schnell_image_0032432.jpg,diffusion_sfhq,topographic,0.5339,0.0204
FLUX1_schnell_image_0032432.jpg,diffusion_sfhq,edge,0.8298,0.0312
FLUX1_schnell_image_0030315.jpg,diffusion_sfhq,raw,0.7617,0.0523
FLUX1_schnell_image_0030315.jpg,diffusion_sfhq,topographic,0.6038,0.0287
FLUX1_schnell_image_0030315.jpg,diffusion_sfhq,edge,0.8694,0.0147
SDXL_image_0047452.jpg,diffusion_sfhq,raw,0.816,0.0128
SDXL_image_0047452.jpg,diffusion_sfhq,topographic,0.5991,0.0235
SDXL_image_0047452.jpg,diffusion_sfhq,edge,0.8603,0.0
SDXL_image_0001161.jpg,diffusion_sfhq,raw,0.8016,0.0136
SDXL_image_0001161.jpg,diffusion_sfhq,topographic,0.5819,0.0126
SDXL_image_0001161.jpg,diffusion_sfhq,edge,0.9365,0.0028
FLUX1_pro_image_0002166.jpg,diffusion_sfhq,raw,0.833,0.0479
FLUX1_pro_image_0002166.jpg,diffusion_sfhq,topographic,0.5854,0.0353
FLUX1_pro_image_0002166.jpg,diffusion_sfhq,edge,0.8882,0.0241
FLUX1_schnell_image_0006534.jpg,diffusion_sfhq,raw,0.804,0.0024
FLUX1_schnell_image_0006534.jpg,diffusion_sfhq,topographic,0.5754,0.0039
FLUX1_schnell_image_0006534.jpg,diffusion_sfhq,edge,0.8789,0.0294
FLUX1_schnell_image_0008168.jpg,diffusion_sfhq,raw,0.7923,0.1863
FLUX1_schnell_image_0008168.jpg,diffusion_sfhq,topographic,0.6133,0.0448
FLUX1_schnell_image_0008168.jpg,diffusion_sfhq,edge,0.8983,0.0132
FLUX1_schnell_image_0018715.jpg,diffusion_sfhq,raw,0.8761,0.0931
FLUX1_schnell_image_0018715.jpg,diffusion_sfhq,topographic,0.673,0.0183
FLUX1_schnell_image_0018715.jpg,diffusion_sfhq,edge,0.9294,0.0109
FLUX1_schnell_image_0038625.jpg,diffusion_sfhq,raw,0.7628,0.1648
FLUX1_schnell_image_0038625.jpg,diffusion_sfhq,topographic,0.5419,0.0362
FLUX1_schnell_image_0038625.jpg,diffusion_sfhq,edge,0.866,0.0032
SDXL_image_0021340.jpg,diffusion_sfhq,raw,0.8391,0.0583
SDXL_image_0021340.jpg,diffusion_sfhq,topographic,0.6317,0.0685
SDXL_image_0021340.jpg,diffusion_sfhq,edge,0.93,0.0244
FLUX1_schnell_image_0008427.jpg,diffusion_sfhq,raw,0.8542,0.0888
FLUX1_schnell_image_0008427.jpg,diffusion_sfhq,topographic,0.5949,0.0218
FLUX1_schnell_image_0008427.jpg,diffusion_sfhq,edge,0.8285,0.0553
SDXL_image_0022975.jpg,diffusion_sfhq,raw,0.7187,0.191
SDXL_image_0022975.jpg,diffusion_sfhq,topographic,0.6073,0.065
SDXL_image_0022975.jpg,diffusion_sfhq,edge,0.9076,0.025
FLUX1_schnell_image_0016446.jpg,diffusion_sfhq,raw,0.824,0.1423
FLUX1_schnell_image_0016446.jpg,diffusion_sfhq,topographic,0.6199,0.059
FLUX1_schnell_image_0016446.jpg,diffusion_sfhq,edge,0.8513,0.0647
FLUX1_pro_image_0000023.jpg,diffusion_sfhq,raw,0.8337,0.02
FLUX1_pro_image_0000023.jpg,diffusion_sfhq,topographic,0.6291,0.0176
FLUX1_pro_image_0000023.jpg,diffusion_sfhq,edge,0.9195,0.0165
FLUX1_schnell_image_0042799.jpg,diffusion_sfhq,raw,0.6409,0.2988
FLUX1_schnell_image_0042799.jpg,diffusion_sfhq,topographic,0.565,0.119
FLUX1_schnell_image_0042799.jpg,diffusion_sfhq,edge,0.8907,0.042
FLUX1_schnell_image_0041845.jpg,diffusion_sfhq,raw,0.6889,0.217
FLUX1_schnell_image_0041845.jpg,diffusion_sfhq,topographic,0.5663,0.0106
FLUX1_schnell_image_0041845.jpg,diffusion_sfhq,edge,0.846,0.0129
FLUX1_schnell_image_0031780.jpg,diffusion_sfhq,raw,0.6712,0.3043
FLUX1_schnell_image_0031780.jpg,diffusion_sfhq,topographic,0.6707,0.1247
FLUX1_schnell_image_0031780.jpg,diffusion_sfhq,edge,0.9069,0.0346
SDXL_image_0001484.jpg,diffusion_sfhq,raw,0.8092,0.0447
SDXL_image_0001484.jpg,diffusion_sfhq,topographic,0.5592,0.0472
SDXL_image_0001484.jpg,diffusion_sfhq,edge,0.9197,0.0075
FLUX1_schnell_image_0049494.jpg,diffusion_sfhq,raw,0.8404,0.0533
FLUX1_schnell_image_0049494.jpg,diffusion_sfhq,topographic,0.5666,0.0102
FLUX1_schnell_image_0049494.jpg,diffusion_sfhq,edge,0.87,0.0275
FLUX1_schnell_image_0042918.jpg,diffusion_sfhq,raw,0.7942,0.1419
FLUX1_schnell_image_0042918.jpg,diffusion_sfhq,topographic,0.6462,0.0664
FLUX1_schnell_image_0042918.jpg,diffusion_sfhq,edge,0.9151,0.0504
FLUX1_dev_image_0007039.jpg,diffusion_sfhq,raw,0.9025,0.0395
FLUX1_dev_image_0007039.jpg,diffusion_sfhq,topographic,0.6251,0.0122
FLUX1_dev_image_0007039.jpg,diffusion_sfhq,edge,0.8513,0.0012
FLUX1_schnell_image_0015513.jpg,diffusion_sfhq,raw,0.8352,0.0054
FLUX1_schnell_image_0015513.jpg,diffusion_sfhq,topographic,0.5507,0.0206
FLUX1_schnell_image_0015513.jpg,diffusion_sfhq,edge,0.8333,0.0121
SDXL_image_0039565.jpg,diffusion_sfhq,raw,0.8166,0.1245
SDXL_image_0039565.jpg,diffusion_sfhq,topographic,0.601,0.0174
SDXL_image_0039565.jpg,diffusion_sfhq,edge,0.9428,0.0048
FLUX1_schnell_image_0043491.jpg,diffusion_sfhq,raw,0.8182,0.001
FLUX1_schnell_image_0043491.jpg,diffusion_sfhq,topographic,0.5376,0.0261
FLUX1_schnell_image_0043491.jpg,diffusion_sfhq,edge,0.727,0.0137
FLUX1_schnell_image_0039469.jpg,diffusion_sfhq,raw,0.7189,0.1056
FLUX1_schnell_image_0039469.jpg,diffusion_sfhq,topographic,0.5774,0.0643
FLUX1_schnell_image_0039469.jpg,diffusion_sfhq,edge,0.8645,0.0181
SDXL_image_0049002.jpg,diffusion_sfhq,raw,0.7909,0.0621
SDXL_image_0049002.jpg,diffusion_sfhq,topographic,0.5434,0.0006
SDXL_image_0049002.jpg,diffusion_sfhq,edge,0.9142,0.0042
SDXL_image_0031286.jpg,diffusion_sfhq,raw,0.8303,0.0934
SDXL_image_0031286.jpg,diffusion_sfhq,topographic,0.5717,0.0237
SDXL_image_0031286.jpg,diffusion_sfhq,edge,0.9255,0.0077
SDXL_image_0006923.jpg,diffusion_sfhq,raw,0.7457,0.0571
SDXL_image_0006923.jpg,diffusion_sfhq,topographic,0.549,0.0152
SDXL_image_0006923.jpg,diffusion_sfhq,edge,0.9075,0.0377
SDXL_image_0021546.jpg,diffusion_sfhq,raw,0.802,0.0914
SDXL_image_0021546.jpg,diffusion_sfhq,topographic,0.5272,0.0915
SDXL_image_0021546.jpg,diffusion_sfhq,edge,0.8262,0.0641
FLUX1_dev_image_0001438.jpg,diffusion_sfhq,raw,0.8936,0.0051
FLUX1_dev_image_0001438.jpg,diffusion_sfhq,topographic,0.6353,0.0571
FLUX1_dev_image_0001438.jpg,diffusion_sfhq,edge,0.9146,0.0196
SDXL_image_0042691.jpg,diffusion_sfhq,raw,0.8231,0.1044
SDXL_image_0042691.jpg,diffusion_sfhq,topographic,0.596,0.0052
SDXL_image_0042691.jpg,diffusion_sfhq,edge,0.8859,0.007
SDXL_image_0045827.jpg,diffusion_sfhq,raw,0.8357,0.0263
SDXL_image_0045827.jpg,diffusion_sfhq,topographic,0.6082,0.0694
SDXL_image_0045827.jpg,diffusion_sfhq,edge,0.8937,0.0537
SDXL_image_0030735.jpg,diffusion_sfhq,raw,0.7926,0.0265
SDXL_image_0030735.jpg,diffusion_sfhq,topographic,0.6032,0.0285
SDXL_image_0030735.jpg,diffusion_sfhq,edge,0.9152,0.0212
SDXL_image_0005823.jpg,diffusion_sfhq,raw,0.7807,0.0037
SDXL_image_0005823.jpg,diffusion_sfhq,topographic,0.4993,0.1228
SDXL_image_0005823.jpg,diffusion_sfhq,edge,0.7363,0.0842
FLUX1_schnell_image_0038277.jpg,diffusion_sfhq,raw,0.8534,0.074
FLUX1_schnell_image_0038277.jpg,diffusion_sfhq,topographic,0.6524,0.0175
FLUX1_schnell_image_0038277.jpg,diffusion_sfhq,edge,0.9135,0.0107
FLUX1_schnell_image_0050943.jpg,diffusion_sfhq,raw,0.6423,0.2016
FLUX1_schnell_image_0050943.jpg,diffusion_sfhq,topographic,0.5718,0.2112
FLUX1_schnell_image_0050943.jpg,diffusion_sfhq,edge,0.8804,0.0807
DALLE3_image_0000773.jpg,diffusion_sfhq,raw,0.7785,0.0405
DALLE3_image_0000773.jpg,diffusion_sfhq,topographic,0.6121,0.0172
DALLE3_image_0000773.jpg,diffusion_sfhq,edge,0.924,0.0086
FLUX1_schnell_image_0034521.jpg,diffusion_sfhq,raw,0.6905,0.1114
FLUX1_schnell_image_0034521.jpg,diffusion_sfhq,topographic,0.5245,0.0467
FLUX1_schnell_image_0034521.jpg,diffusion_sfhq,edge,0.7506,0.0457
FLUX1_schnell_image_0027550.jpg,diffusion_sfhq,raw,0.8243,0.0471
FLUX1_schnell_image_0027550.jpg,diffusion_sfhq,topographic,0.5882,0.0577
FLUX1_schnell_image_0027550.jpg,diffusion_sfhq,edge,0.8543,0.0664
SDXL_image_0029146.jpg,diffusion_sfhq,raw,0.8001,0.1445
SDXL_image_0029146.jpg,diffusion_sfhq,topographic,0.5645,0.0181
SDXL_image_0029146.jpg,diffusion_sfhq,edge,0.8529,0.0146
FLUX1_schnell_image_0039536.jpg,diffusion_sfhq,raw,0.8537,0.0661
FLUX1_schnell_image_0039536.jpg,diffusion_sfhq,topographic,0.6679,0.1056
FLUX1_schnell_image_0039536.jpg,diffusion_sfhq,edge,0.9276,0.0336
SDXL_image_0042261.jpg,diffusion_sfhq,raw,0.8024,0.0083
SDXL_image_0042261.jpg,diffusion_sfhq,topographic,0.5765,0.0462
SDXL_image_0042261.jpg,diffusion_sfhq,edge,0.95,0.0123
SDXL_image_0047270.jpg,diffusion_sfhq,raw,0.8059,0.0392
SDXL_image_0047270.jpg,diffusion_sfhq,topographic,0.5414,0.034
SDXL_image_0047270.jpg,diffusion_sfhq,edge,0.8885,0.0198
SDXL_image_0039937.jpg,diffusion_sfhq,raw,0.8651,0.0119
SDXL_image_0039937.jpg,diffusion_sfhq,topographic,0.6124,0.0634
SDXL_image_0039937.jpg,diffusion_sfhq,edge,0.9515,0.0154
FLUX1_schnell_image_0043343.jpg,diffusion_sfhq,raw,0.8104,0.1266
FLUX1_schnell_image_0043343.jpg,diffusion_sfhq,topographic,0.5388,0.0362
FLUX1_schnell_image_0043343.jpg,diffusion_sfhq,edge,0.8332,0.0288
SDXL_image_0000908.jpg,diffusion_sfhq,raw,0.8345,0.0257
SDXL_image_0000908.jpg,diffusion_sfhq,topographic,0.6002,0.0459
SDXL_image_0000908.jpg,diffusion_sfhq,edge,0.8775,0.0292
SDXL_image_0028365.jpg,diffusion_sfhq,raw,0.7982,0.0404
SDXL_image_0028365.jpg,diffusion_sfhq,topographic,0.5096,0.0595
SDXL_image_0028365.jpg,diffusion_sfhq,edge,0.8287,0.023
SDXL_image_0026676.jpg,diffusion_sfhq,raw,0.7244,0.0056
SDXL_image_0026676.jpg,diffusion_sfhq,topographic,0.5615,0.0414
SDXL_image_0026676.jpg,diffusion_sfhq,edge,0.8615,0.0431
SDXL_image_0001945.jpg,diffusion_sfhq,raw,0.7946,0.1388
SDXL_image_0001945.jpg,diffusion_sfhq,topographic,0.6159,0.0374
SDXL_image_0001945.jpg,diffusion_sfhq,edge,0.8994,0.047
SDXL_image_0035231.jpg,diffusion_sfhq,raw,0.7607,0.1463
SDXL_image_0035231.jpg,diffusion_sfhq,topographic,0.5723,0.0242
SDXL_image_0035231.jpg,diffusion_sfhq,edge,0.8793,0.0055
SDXL_image_0009439.jpg,diffusion_sfhq,raw,0.8781,0.079
SDXL_image_0009439.jpg,diffusion_sfhq,topographic,0.6436,0.0296
SDXL_image_0009439.jpg,diffusion_sfhq,edge,0.8423,0.0103
SDXL_image_0048080.jpg,diffusion_sfhq,raw,0.9002,0.0051
SDXL_image_0048080.jpg,diffusion_sfhq,topographic,0.6071,0.0131
SDXL_image_0048080.jpg,diffusion_sfhq,edge,0.9159,0.0198
FLUX1_schnell_image_0017309.jpg,diffusion_sfhq,raw,0.8596,0.0198
FLUX1_schnell_image_0017309.jpg,diffusion_sfhq,topographic,0.5698,0.0456
FLUX1_schnell_image_0017309.jpg,diffusion_sfhq,edge,0.8415,0.0246
FLUX1_schnell_image_0052419.jpg,diffusion_sfhq,raw,0.8687,0.0807
FLUX1_schnell_image_0052419.jpg,diffusion_sfhq,topographic,0.5639,0.0095
FLUX1_schnell_image_0052419.jpg,diffusion_sfhq,edge,0.8277,0.0501
FLUX1_schnell_image_0017163.jpg,diffusion_sfhq,raw,0.9128,0.0727
FLUX1_schnell_image_0017163.jpg,diffusion_sfhq,topographic,0.7055,0.0937
FLUX1_schnell_image_0017163.jpg,diffusion_sfhq,edge,0.9607,0.0124
FLUX1_schnell_image_0024179.jpg,diffusion_sfhq,raw,0.748,0.1705
FLUX1_schnell_image_0024179.jpg,diffusion_sfhq,topographic,0.552,0.0222
FLUX1_schnell_image_0024179.jpg,diffusion_sfhq,edge,0.8928,0.0132
FLUX1_schnell_image_0045547.jpg,diffusion_sfhq,raw,0.9226,0.0161
FLUX1_schnell_image_0045547.jpg,diffusion_sfhq,topographic,0.7143,0.0208
FLUX1_schnell_image_0045547.jpg,diffusion_sfhq,edge,0.9036,0.0184
FLUX1_schnell_image_0052080.jpg,diffusion_sfhq,raw,0.7654,0.0155
FLUX1_schnell_image_0052080.jpg,diffusion_sfhq,topographic,0.5098,0.0612
FLUX1_schnell_image_0052080.jpg,diffusion_sfhq,edge,0.836,0.0191
FLUX1_dev_image_0002682.jpg,diffusion_sfhq,raw,0.7141,0.2341
FLUX1_dev_image_0002682.jpg,diffusion_sfhq,topographic,0.5668,0.0061
FLUX1_dev_image_0002682.jpg,diffusion_sfhq,edge,0.8742,0.023
FLUX1_schnell_image_0039388.jpg,diffusion_sfhq,raw,0.6073,0.2731
FLUX1_schnell_image_0039388.jpg,diffusion_sfhq,topographic,0.538,0.0985
FLUX1_schnell_image_0039388.jpg,diffusion_sfhq,edge,0.8318,0.0372
FLUX1_schnell_image_0032469.jpg,diffusion_sfhq,raw,0.8266,0.0194
FLUX1_schnell_image_0032469.jpg,diffusion_sfhq,topographic,0.526,0.0099
FLUX1_schnell_image_0032469.jpg,diffusion_sfhq,edge,0.8429,0.0254
SDXL_image_0018050.jpg,diffusion_sfhq,raw,0.9009,0.0777
SDXL_image_0018050.jpg,diffusion_sfhq,topographic,0.717,0.0178
SDXL_image_0018050.jpg,diffusion_sfhq,edge,0.9363,0.0053
SDXL_image_0019396.jpg,diffusion_sfhq,raw,0.8473,0.0455
SDXL_image_0019396.jpg,diffusion_sfhq,topographic,0.5993,0.0273
SDXL_image_0019396.jpg,diffusion_sfhq,edge,0.923,0.0249
SDXL_image_0035005.jpg,diffusion_sfhq,raw,0.7316,0.1541
SDXL_image_0035005.jpg,diffusion_sfhq,topographic,0.5677,0.031
SDXL_image_0035005.jpg,diffusion_sfhq,edge,0.8688,0.0309
FLUX1_schnell_image_0041414.jpg,diffusion_sfhq,raw,0.7607,0.0284
FLUX1_schnell_image_0041414.jpg,diffusion_sfhq,topographic,0.6058,0.015
FLUX1_schnell_image_0041414.jpg,diffusion_sfhq,edge,0.905,0.0133
SDXL_image_0025305.jpg,diffusion_sfhq,raw,0.8257,0.0477
SDXL_image_0025305.jpg,diffusion_sfhq,topographic,0.6034,0.0546
SDXL_image_0025305.jpg,diffusion_sfhq,edge,0.939,0.0115
FLUX1_schnell_image_0010031.jpg,diffusion_sfhq,raw,0.7491,0.0841
FLUX1_schnell_image_0010031.jpg,diffusion_sfhq,topographic,0.531,0.048
FLUX1_schnell_image_0010031.jpg,diffusion_sfhq,edge,0.8784,0.0349
SDXL_image_0040563.jpg,diffusion_sfhq,raw,0.7467,0.0948
SDXL_image_0040563.jpg,diffusion_sfhq,topographic,0.554,0.0581
SDXL_image_0040563.jpg,diffusion_sfhq,edge,0.8823,0.024
FLUX1_schnell_image_0049686.jpg,diffusion_sfhq,raw,0.5994,0.3774
FLUX1_schnell_image_0049686.jpg,diffusion_sfhq,topographic,0.5602,0.204
FLUX1_schnell_image_0049686.jpg,diffusion_sfhq,edge,0.8465,0.0752
SDXL_image_0050931.jpg,diffusion_sfhq,raw,0.8017,0.0412
SDXL_image_0050931.jpg,diffusion_sfhq,topographic,0.6022,0.0162
SDXL_image_0050931.jpg,diffusion_sfhq,edge,0.8412,0.0803
FLUX1_schnell_image_0005126.jpg,diffusion_sfhq,raw,0.8161,0.0629
FLUX1_schnell_image_0005126.jpg,diffusion_sfhq,topographic,0.5854,0.0536
FLUX1_schnell_image_0005126.jpg,diffusion_sfhq,edge,0.8242,0.0046
SDXL_image_0011935.jpg,diffusion_sfhq,raw,0.8868,0.0371
SDXL_image_0011935.jpg,diffusion_sfhq,topographic,0.6913,0.0143
SDXL_image_0011935.jpg,diffusion_sfhq,edge,0.9126,0.0067
SDXL_image_0000371.jpg,diffusion_sfhq,raw,0.7442,0.2189
SDXL_image_0000371.jpg,diffusion_sfhq,topographic,0.6026,0.0133
SDXL_image_0000371.jpg,diffusion_sfhq,edge,0.9026,0.0131
FLUX1_dev_image_0002412.jpg,diffusion_sfhq,raw,0.8264,0.1572
FLUX1_dev_image_0002412.jpg,diffusion_sfhq,topographic,0.715,0.0451
FLUX1_dev_image_0002412.jpg,diffusion_sfhq,edge,0.9319,0.0196
SDXL_image_0049276.jpg,diffusion_sfhq,raw,0.7245,0.091
SDXL_image_0049276.jpg,diffusion_sfhq,topographic,0.5492,0.0437
SDXL_image_0049276.jpg,diffusion_sfhq,edge,0.8362,0.0103
FLUX1_schnell_image_0040065.jpg,diffusion_sfhq,raw,0.8587,0.038
FLUX1_schnell_image_0040065.jpg,diffusion_sfhq,topographic,0.5562,0.0184
FLUX1_schnell_image_0040065.jpg,diffusion_sfhq,edge,0.8725,0.0023
SDXL_image_0007949.jpg,diffusion_sfhq,raw,0.7528,0.025
SDXL_image_0007949.jpg,diffusion_sfhq,topographic,0.5449,0.0791
SDXL_image_0007949.jpg,diffusion_sfhq,edge,0.8528,0.0749
SDXL_image_0004340.jpg,diffusion_sfhq,raw,0.7679,0.0874
SDXL_image_0004340.jpg,diffusion_sfhq,topographic,0.5655,0.0007
SDXL_image_0004340.jpg,diffusion_sfhq,edge,0.9139,0.0021
SDXL_image_0017280.jpg,diffusion_sfhq,raw,0.8147,0.1543
SDXL_image_0017280.jpg,diffusion_sfhq,topographic,0.5164,0.0853
SDXL_image_0017280.jpg,diffusion_sfhq,edge,0.8046,0.0199
FLUX1_dev_image_0002430.jpg,diffusion_sfhq,raw,0.8428,0.0136
FLUX1_dev_image_0002430.jpg,diffusion_sfhq,topographic,0.5863,0.0356
FLUX1_dev_image_0002430.jpg,diffusion_sfhq,edge,0.8685,0.0477
FLUX1_pro_image_0002608.jpg,diffusion_sfhq,raw,0.8262,0.0002
FLUX1_pro_image_0002608.jpg,diffusion_sfhq,topographic,0.5696,0.0065
FLUX1_pro_image_0002608.jpg,diffusion_sfhq,edge,0.9445,0.0011
SDXL_image_0014623.jpg,diffusion_sfhq,raw,0.8207,0.1255
SDXL_image_0014623.jpg,diffusion_sfhq,topographic,0.5832,0.0371
SDXL_image_0014623.jpg,diffusion_sfhq,edge,0.8689,0.0265
FLUX1_schnell_image_0044601.jpg,diffusion_sfhq,raw,0.7594,0.0901
FLUX1_schnell_image_0044601.jpg,diffusion_sfhq,topographic,0.5436,0.0177
FLUX1_schnell_image_0044601.jpg,diffusion_sfhq,edge,0.8555,0.038
FLUX1_schnell_image_0006184.jpg,diffusion_sfhq,raw,0.6606,0.222
FLUX1_schnell_image_0006184.jpg,diffusion_sfhq,topographic,0.5653,0.1574
FLUX1_schnell_image_0006184.jpg,diffusion_sfhq,edge,0.8139,0.0963
SDXL_image_0044017.jpg,diffusion_sfhq,raw,0.7729,0.0954
SDXL_image_0044017.jpg,diffusion_sfhq,topographic,0.5913,0.0067
SDXL_image_0044017.jpg,diffusion_sfhq,edge,0.889,0.0026
FLUX1_schnell_image_0048940.jpg,diffusion_sfhq,raw,0.8041,0.0273
FLUX1_schnell_image_0048940.jpg,diffusion_sfhq,topographic,0.5568,0.0438
FLUX1_schnell_image_0048940.jpg,diffusion_sfhq,edge,0.8478,0.0681
FLUX1_schnell_image_0012218.jpg,diffusion_sfhq,raw,0.7877,0.045
FLUX1_schnell_image_0012218.jpg,diffusion_sfhq,topographic,0.6393,0.0421
FLUX1_schnell_image_0012218.jpg,diffusion_sfhq,edge,0.901,0.0353
FLUX1_dev_image_0005468.jpg,diffusion_sfhq,raw,0.6803,0.3083
FLUX1_dev_image_0005468.jpg,diffusion_sfhq,topographic,0.6354,0.1782
FLUX1_dev_image_0005468.jpg,diffusion_sfhq,edge,0.9128,0.0375
FLUX1_schnell_image_0022504.jpg,diffusion_sfhq,raw,0.7641,0.1894
FLUX1_schnell_image_0022504.jpg,diffusion_sfhq,topographic,0.5591,0.0935
FLUX1_schnell_image_0022504.jpg,diffusion_sfhq,edge,0.8379,0.064
FLUX1_schnell_image_0038109.jpg,diffusion_sfhq,raw,0.7854,0.1605
FLUX1_schnell_image_0038109.jpg,diffusion_sfhq,topographic,0.5657,0.0059
FLUX1_schnell_image_0038109.jpg,diffusion_sfhq,edge,0.8412,0.0003
FLUX1_schnell_image_0031317.jpg,diffusion_sfhq,raw,0.8491,0.1055
FLUX1_schnell_image_0031317.jpg,diffusion_sfhq,topographic,0.5455,0.19
FLUX1_schnell_image_0031317.jpg,diffusion_sfhq,edge,0.8894,0.04
FLUX1_schnell_image_0016145.jpg,diffusion_sfhq,raw,0.753,0.2173
FLUX1_schnell_image_0016145.jpg,diffusion_sfhq,topographic,0.5602,0.087
FLUX1_schnell_image_0016145.jpg,diffusion_sfhq,edge,0.8789,0.083
FLUX1_schnell_image_0048023.jpg,diffusion_sfhq,raw,0.8403,0.0524
FLUX1_schnell_image_0048023.jpg,diffusion_sfhq,topographic,0.5672,0.0305
FLUX1_schnell_image_0048023.jpg,diffusion_sfhq,edge,0.8434,0.0062
FLUX1_schnell_image_0031251.jpg,diffusion_sfhq,raw,0.8821,0.0171
FLUX1_schnell_image_0031251.jpg,diffusion_sfhq,topographic,0.6165,0.0365
FLUX1_schnell_image_0031251.jpg,diffusion_sfhq,edge,0.8886,0.0104
FLUX1_schnell_image_0032649.jpg,diffusion_sfhq,raw,0.8638,0.087
FLUX1_schnell_image_0032649.jpg,diffusion_sfhq,topographic,0.583,0.057
FLUX1_schnell_image_0032649.jpg,diffusion_sfhq,edge,0.8903,0.0436
SDXL_image_0030162.jpg,diffusion_sfhq,raw,0.771,0.1606
SDXL_image_0030162.jpg,diffusion_sfhq,topographic,0.565,0.0133
SDXL_image_0030162.jpg,diffusion_sfhq,edge,0.8121,0.0111
SDXL_image_0045694.jpg,diffusion_sfhq,raw,0.7923,0.1077
SDXL_image_0045694.jpg,diffusion_sfhq,topographic,0.5456,0.0152
SDXL_image_0045694.jpg,diffusion_sfhq,edge,0.8556,0.021
FLUX1_schnell_image_0038112.jpg,diffusion_sfhq,raw,0.7713,0.0793
FLUX1_schnell_image_0038112.jpg,diffusion_sfhq,topographic,0.5289,0.0709
FLUX1_schnell_image_0038112.jpg,diffusion_sfhq,edge,0.8682,0.0277
FLUX1_schnell_image_0024877.jpg,diffusion_sfhq,raw,0.742,0.0063
FLUX1_schnell_image_0024877.jpg,diffusion_sfhq,topographic,0.5458,0.0112
FLUX1_schnell_image_0024877.jpg,diffusion_sfhq,edge,0.8189,0.0186
SDXL_image_0028954.jpg,diffusion_sfhq,raw,0.759,0.0854
SDXL_image_0028954.jpg,diffusion_sfhq,topographic,0.6456,0.0073
SDXL_image_0028954.jpg,diffusion_sfhq,edge,0.8759,0.023
SDXL_image_0039438.jpg,diffusion_sfhq,raw,0.7624,0.1588
SDXL_image_0039438.jpg,diffusion_sfhq,topographic,0.5373,0.1483
SDXL_image_0039438.jpg,diffusion_sfhq,edge,0.8679,0.1142
FLUX1_schnell_image_0043677.jpg,diffusion_sfhq,raw,0.8614,0.0657
FLUX1_schnell_image_0043677.jpg,diffusion_sfhq,topographic,0.5473,0.0059
FLUX1_schnell_image_0043677.jpg,diffusion_sfhq,edge,0.8909,0.0071
FLUX1_schnell_image_0021469.jpg,diffusion_sfhq,raw,0.8411,0.0187
FLUX1_schnell_image_0021469.jpg,diffusion_sfhq,topographic,0.5428,0.0332
FLUX1_schnell_image_0021469.jpg,diffusion_sfhq,edge,0.8461,0.0151
SDXL_image_0039830.jpg,diffusion_sfhq,raw,0.7198,0.0661
SDXL_image_0039830.jpg,diffusion_sfhq,topographic,0.5102,0.0055
SDXL_image_0039830.jpg,diffusion_sfhq,edge,0.673,0.043
FLUX1_pro_image_0002340.jpg,diffusion_sfhq,raw,0.7849,0.1503
FLUX1_pro_image_0002340.jpg,diffusion_sfhq,topographic,0.6268,0.0492
FLUX1_pro_image_0002340.jpg,diffusion_sfhq,edge,0.9325,0.0115
FLUX1_schnell_image_0050069.jpg,diffusion_sfhq,raw,0.797,0.0358
FLUX1_schnell_image_0050069.jpg,diffusion_sfhq,topographic,0.6211,0.0212
FLUX1_schnell_image_0050069.jpg,diffusion_sfhq,edge,0.8881,0.0063
FLUX1_dev_image_0001418.jpg,diffusion_sfhq,raw,0.7818,0.0284
FLUX1_dev_image_0001418.jpg,diffusion_sfhq,topographic,0.5407,0.0028
FLUX1_dev_image_0001418.jpg,diffusion_sfhq,edge,0.8498,0.0372
SDXL_image_0028563.jpg,diffusion_sfhq,raw,0.7566,0.0331
SDXL_image_0028563.jpg,diffusion_sfhq,topographic,0.5777,0.0052
SDXL_image_0028563.jpg,diffusion_sfhq,edge,0.8193,0.0042
SDXL_image_0001065.jpg,diffusion_sfhq,raw,0.8277,0.0698
SDXL_image_0001065.jpg,diffusion_sfhq,topographic,0.6027,0.0375
SDXL_image_0001065.jpg,diffusion_sfhq,edge,0.8707,0.0369
FLUX1_dev_image_0005704.jpg,diffusion_sfhq,raw,0.8664,0.0621
FLUX1_dev_image_0005704.jpg,diffusion_sfhq,topographic,0.6191,0.0335
FLUX1_dev_image_0005704.jpg,diffusion_sfhq,edge,0.8265,0.0471
FLUX1_schnell_image_0034285.jpg,diffusion_sfhq,raw,0.8353,0.0585
FLUX1_schnell_image_0034285.jpg,diffusion_sfhq,topographic,0.7267,0.0382
FLUX1_schnell_image_0034285.jpg,diffusion_sfhq,edge,0.93,0.0011
FLUX1_schnell_image_0017792.jpg,diffusion_sfhq,raw,0.8319,0.1332
FLUX1_schnell_image_0017792.jpg,diffusion_sfhq,topographic,0.6435,0.0473
FLUX1_schnell_image_0017792.jpg,diffusion_sfhq,edge,0.9156,0.0212
SDXL_image_0015594.jpg,diffusion_sfhq,raw,0.8044,0.0628
SDXL_image_0015594.jpg,diffusion_sfhq,topographic,0.5901,0.0059
SDXL_image_0015594.jpg,diffusion_sfhq,edge,0.932,0.0276
FLUX1_pro_image_0000598.jpg,diffusion_sfhq,raw,0.7137,0.2254
FLUX1_pro_image_0000598.jpg,diffusion_sfhq,topographic,0.5426,0.0881
FLUX1_pro_image_0000598.jpg,diffusion_sfhq,edge,0.8554,0.0661
SDXL_image_0032788.jpg,diffusion_sfhq,raw,0.746,0.0203
SDXL_image_0032788.jpg,diffusion_sfhq,topographic,0.5402,0.0099
SDXL_image_0032788.jpg,diffusion_sfhq,edge,0.818,0.0272
SDXL_image_0015805.jpg,diffusion_sfhq,raw,0.7506,0.13
SDXL_image_0015805.jpg,diffusion_sfhq,topographic,0.5853,0.0127
SDXL_image_0015805.jpg,diffusion_sfhq,edge,0.8483,0.0548
FLUX1_dev_image_0004154.jpg,diffusion_sfhq,raw,0.6166,0.287
FLUX1_dev_image_0004154.jpg,diffusion_sfhq,topographic,0.6125,0.0558
FLUX1_dev_image_0004154.jpg,diffusion_sfhq,edge,0.8373,0.024
SDXL_image_0029245.jpg,diffusion_sfhq,raw,0.8082,0.0901
SDXL_image_0029245.jpg,diffusion_sfhq,topographic,0.6884,0.0432
SDXL_image_0029245.jpg,diffusion_sfhq,edge,0.932,0.0395
FLUX1_dev_image_0002945.jpg,diffusion_sfhq,raw,0.8939,0.0025
FLUX1_dev_image_0002945.jpg,diffusion_sfhq,topographic,0.6037,0.0317
FLUX1_dev_image_0002945.jpg,diffusion_sfhq,edge,0.9261,0.0046
FLUX1_schnell_image_0020815.jpg,diffusion_sfhq,raw,0.8475,0.0473
FLUX1_schnell_image_0020815.jpg,diffusion_sfhq,topographic,0.5442,0.0087
FLUX1_schnell_image_0020815.jpg,diffusion_sfhq,edge,0.8633,0.0242
FLUX1_schnell_image_0014532.jpg,diffusion_sfhq,raw,0.8627,0.0272
FLUX1_schnell_image_0014532.jpg,diffusion_sfhq,topographic,0.584,0.0035
FLUX1_schnell_image_0014532.jpg,diffusion_sfhq,edge,0.8759,0.0154
SDXL_image_0040396.jpg,diffusion_sfhq,raw,0.7452,0.1043
SDXL_image_0040396.jpg,diffusion_sfhq,topographic,0.6016,0.0457
SDXL_image_0040396.jpg,diffusion_sfhq,edge,0.8734,0.0726
FLUX1_dev_image_0001549.jpg,diffusion_sfhq,raw,0.8933,0.0339
FLUX1_dev_image_0001549.jpg,diffusion_sfhq,topographic,0.604,0.0121
FLUX1_dev_image_0001549.jpg,diffusion_sfhq,edge,0.9422,0.0179
SDXL_image_0011814.jpg,diffusion_sfhq,raw,0.8055,0.1357
SDXL_image_0011814.jpg,diffusion_sfhq,topographic,0.5284,0.0573
SDXL_image_0011814.jpg,diffusion_sfhq,edge,0.899,0.0162
FLUX1_schnell_image_0008372.jpg,diffusion_sfhq,raw,0.8496,0.0033
FLUX1_schnell_image_0008372.jpg,diffusion_sfhq,topographic,0.5232,0.0855
FLUX1_schnell_image_0008372.jpg,diffusion_sfhq,edge,0.8478,0.0156
FLUX1_schnell_image_0019670.jpg,diffusion_sfhq,raw,0.7472,0.0211
FLUX1_schnell_image_0019670.jpg,diffusion_sfhq,topographic,0.5339,0.0158
FLUX1_schnell_image_0019670.jpg,diffusion_sfhq,edge,0.8049,0.0245
FLUX1_schnell_image_0004942.jpg,diffusion_sfhq,raw,0.8358,0.087
FLUX1_schnell_image_0004942.jpg,diffusion_sfhq,topographic,0.6112,0.0536
FLUX1_schnell_image_0004942.jpg,diffusion_sfhq,edge,0.9125,0.0222
FLUX1_schnell_image_0050495.jpg,diffusion_sfhq,raw,0.8062,0.0494
FLUX1_schnell_image_0050495.jpg,diffusion_sfhq,topographic,0.5884,0.0412
FLUX1_schnell_image_0050495.jpg,diffusion_sfhq,edge,0.8707,0.0599
SDXL_image_0018127.jpg,diffusion_sfhq,raw,0.7774,0.1718
SDXL_image_0018127.jpg,diffusion_sfhq,topographic,0.5736,0.0049
SDXL_image_0018127.jpg,diffusion_sfhq,edge,0.8718,0.0177
FLUX1_schnell_image_0003391.jpg,diffusion_sfhq,raw,0.8139,0.1614
FLUX1_schnell_image_0003391.jpg,diffusion_sfhq,topographic,0.5726,0.1
FLUX1_schnell_image_0003391.jpg,diffusion_sfhq,edge,0.839,0.1038
SDXL_image_0004285.jpg,diffusion_sfhq,raw,0.8322,0.0935
SDXL_image_0004285.jpg,diffusion_sfhq,topographic,0.6936,0.0142
SDXL_image_0004285.jpg,diffusion_sfhq,edge,0.925,0.0005
FLUX1_schnell_image_0016972.jpg,diffusion_sfhq,raw,0.8716,0.0508
FLUX1_schnell_image_0016972.jpg,diffusion_sfhq,topographic,0.587,0.0106
FLUX1_schnell_image_0016972.jpg,diffusion_sfhq,edge,0.9131,0.0103
FLUX1_schnell_image_0049377.jpg,diffusion_sfhq,raw,0.8005,0.0054
FLUX1_schnell_image_0049377.jpg,diffusion_sfhq,topographic,0.5662,0.032
FLUX1_schnell_image_0049377.jpg,diffusion_sfhq,edge,0.8614,0.0062
SDXL_image_0022064.jpg,diffusion_sfhq,raw,0.8796,0.0141
SDXL_image_0022064.jpg,diffusion_sfhq,topographic,0.6918,0.0502
SDXL_image_0022064.jpg,diffusion_sfhq,edge,0.9263,0.0325
