category,state,image_name,image_hash,metric,orig_val,surro_mean,surro_std,z_score,verdict,n_surrogates
ai_faces_1k,,XNJ4NC25TR.jpg,a23d7c8a261a45c25f7dc53524d4b05f,betti_0,599.0,599.0,0.0,0.0,no sep,20
ai_faces_1k,,XNJ4NC25TR.jpg,a23d7c8a261a45c25f7dc53524d4b05f,betti_1,48.0,81.35,10.522714,-3.1693,SEPARATED,20
ai_faces_1k,,XNJ4NC25TR.jpg,a23d7c8a261a45c25f7dc53524d4b05f,persistence_entropy_h1,4.0029,4.544835,0.073988,-7.3247,SEPARATED,20
ai_faces_1k,,XNJ4NC25TR.jpg,a23d7c8a261a45c25f7dc53524d4b05f,total_persistence_h1,97.0575,145.126895,5.756757,-8.3501,SEPARATED,20
ai_faces_1k,,XNJ4NC25TR.jpg,a23d7c8a261a45c25f7dc53524d4b05f,euler_mean,-8.125,3.07188,1.743987,-6.4203,SEPARATED,20
ai_faces_1k,,XNJ4NC25TR.jpg,a23d7c8a261a45c25f7dc53524d4b05f,euler_std,25.3793,35.40198,2.850502,-3.5161,SEPARATED,20
ai_faces_1k,,XNJ4NC25TR.jpg,a23d7c8a261a45c25f7dc53524d4b05f,euler_range,111.0,146.95,13.883353,-2.5894,MARGINAL,20
ai_faces_1k,,XNJ4NC25TR.jpg,a23d7c8a261a45c25f7dc53524d4b05f,bilateral_symmetry,0.8742,0.79075,0.025605,3.2591,SEPARATED,20
ai_faces_1k,,XNJ4NC25TR.jpg,a23d7c8a261a45c25f7dc53524d4b05f,f_dim,1.6549,1.88078,0.012882,-17.5351,SEPARATED,20
ai_faces_1k,,XNJ4NC25TR.jpg,a23d7c8a261a45c25f7dc53524d4b05f,lacunarity_mean,4.7148,1.90743,0.106276,26.4158,SEPARATED,20
ai_faces_1k,,XNJ4NC25TR.jpg,a23d7c8a261a45c25f7dc53524d4b05f,multifractal_width,0.0963,0.13356,0.016036,-2.3236,MARGINAL,20
ai_faces_1k,,XNJ4NC25TR.jpg,a23d7c8a261a45c25f7dc53524d4b05f,orientation_coherence,0.534,0.43856,0.004057,23.5268,SEPARATED,20
ai_faces_1k,,XNJ4NC25TR.jpg,a23d7c8a261a45c25f7dc53524d4b05f,multiscale_entropy_slope,-0.05,-0.02562,0.004288,-5.6858,SEPARATED,20
ai_faces_1k,,XNJ4NC25TR.jpg,a23d7c8a261a45c25f7dc53524d4b05f,junctions,834.0,3033.75,133.28161,-16.5045,SEPARATED,20
ai_faces_1k,,XNJ4NC25TR.jpg,a23d7c8a261a45c25f7dc53524d4b05f,clustering,0.292966,0.277076,0.002844,5.5869,SEPARATED,20
ai_faces_1k,,XNJ4NC25TR.jpg,a23d7c8a261a45c25f7dc53524d4b05f,plateau,0.826139,0.796901,0.00812,3.6008,SEPARATED,20
ai_faces_1k,,XNJ4NC25TR.jpg,a23d7c8a261a45c25f7dc53524d4b05f,entropy,7.4675,7.4675,0.0,0.0,no sep,20
ai_faces_1k,,XNJ4NC25TR.jpg,a23d7c8a261a45c25f7dc53524d4b05f,forbidden_coverage,0.0267,0.00022,0.000959,27.6133,SEPARATED,20
ai_faces_1k,,XNJ4NC25TR.jpg,a23d7c8a261a45c25f7dc53524d4b05f,tau_ratio_score,0.0,0.0,0.0,0.0,no sep,20
ai_faces_1k,,WVYKWFMVNE.jpg,1e20392d2265cb3c6d1dcb9a174b74f7,betti_0,599.0,599.0,0.0,0.0,no sep,20
ai_faces_1k,,WVYKWFMVNE.jpg,1e20392d2265cb3c6d1dcb9a174b74f7,betti_1,38.0,93.25,10.034316,-5.5061,SEPARATED,20
ai_faces_1k,,WVYKWFMVNE.jpg,1e20392d2265cb3c6d1dcb9a174b74f7,persistence_entropy_h1,4.0281,4.63049,0.052307,-11.5164,SEPARATED,20
ai_faces_1k,,WVYKWFMVNE.jpg,1e20392d2265cb3c6d1dcb9a174b74f7,total_persistence_h1,95.9797,151.25222,4.546891,-12.1561,SEPARATED,20
ai_faces_1k,,WVYKWFMVNE.jpg,1e20392d2265cb3c6d1dcb9a174b74f7,euler_mean,-2.0312,-0.46876,1.808148,-0.8641,no sep,20
ai_faces_1k,,WVYKWFMVNE.jpg,1e20392d2265cb3c6d1dcb9a174b74f7,euler_std,19.8785,28.48836,2.410064,-3.5725,SEPARATED,20
ai_faces_1k,,WVYKWFMVNE.jpg,1e20392d2265cb3c6d1dcb9a174b74f7,euler_range,93.0,100.05,12.026949,-0.5862,no sep,20
ai_faces_1k,,WVYKWFMVNE.jpg,1e20392d2265cb3c6d1dcb9a174b74f7,bilateral_symmetry,0.6973,0.727045,0.037798,-0.7869,no sep,20
ai_faces_1k,,WVYKWFMVNE.jpg,1e20392d2265cb3c6d1dcb9a174b74f7,f_dim,1.6917,1.88499,0.006186,-31.2475,SEPARATED,20
ai_faces_1k,,WVYKWFMVNE.jpg,1e20392d2265cb3c6d1dcb9a174b74f7,lacunarity_mean,4.4163,1.912295,0.04341,57.6825,SEPARATED,20
ai_faces_1k,,WVYKWFMVNE.jpg,1e20392d2265cb3c6d1dcb9a174b74f7,multifractal_width,0.2815,0.395145,0.077461,-1.4671,no sep,20
ai_faces_1k,,WVYKWFMVNE.jpg,1e20392d2265cb3c6d1dcb9a174b74f7,orientation_coherence,0.5645,0.473465,0.003223,28.2488,SEPARATED,20
ai_faces_1k,,WVYKWFMVNE.jpg,1e20392d2265cb3c6d1dcb9a174b74f7,multiscale_entropy_slope,-0.0458,-0.00877,0.004552,-8.1354,SEPARATED,20
ai_faces_1k,,WVYKWFMVNE.jpg,1e20392d2265cb3c6d1dcb9a174b74f7,junctions,1212.0,3268.0,109.527622,-18.7715,SEPARATED,20
ai_faces_1k,,WVYKWFMVNE.jpg,1e20392d2265cb3c6d1dcb9a174b74f7,clustering,0.274752,0.272672,0.00251,0.829,no sep,20
ai_faces_1k,,WVYKWFMVNE.jpg,1e20392d2265cb3c6d1dcb9a174b74f7,plateau,0.79703,0.786211,0.009136,1.1842,no sep,20
ai_faces_1k,,WVYKWFMVNE.jpg,1e20392d2265cb3c6d1dcb9a174b74f7,entropy,7.6125,7.6125,0.0,0.0,no sep,20
ai_faces_1k,,WVYKWFMVNE.jpg,1e20392d2265cb3c6d1dcb9a174b74f7,forbidden_coverage,0.0667,0.0,0.0,nan,zero-var,20
ai_faces_1k,,WVYKWFMVNE.jpg,1e20392d2265cb3c6d1dcb9a174b74f7,tau_ratio_score,0.0,0.0,0.0,0.0,no sep,20
ai_faces_1k,,ZEORWL19XI.jpg,088ad9a246de8590bd4df8944e410849,betti_0,501.0,599.0,0.0,nan,zero-var,20
ai_faces_1k,,ZEORWL19XI.jpg,088ad9a246de8590bd4df8944e410849,betti_1,11.0,58.15,14.499224,-3.2519,SEPARATED,20
ai_faces_1k,,ZEORWL19XI.jpg,088ad9a246de8590bd4df8944e410849,persistence_entropy_h1,3.8892,4.371125,0.098912,-4.8723,SEPARATED,20
ai_faces_1k,,ZEORWL19XI.jpg,088ad9a246de8590bd4df8944e410849,total_persistence_h1,58.5792,105.304365,8.785706,-5.3183,SEPARATED,20
ai_faces_1k,,ZEORWL19XI.jpg,088ad9a246de8590bd4df8944e410849,euler_mean,-6.875,-27.946875,1.491115,14.1316,SEPARATED,20
ai_faces_1k,,ZEORWL19XI.jpg,088ad9a246de8590bd4df8944e410849,euler_std,24.1062,53.269835,6.164518,-4.7309,SEPARATED,20
ai_faces_1k,,ZEORWL19XI.jpg,088ad9a246de8590bd4df8944e410849,euler_range,147.0,307.3,39.874929,-4.0201,SEPARATED,20
ai_faces_1k,,ZEORWL19XI.jpg,088ad9a246de8590bd4df8944e410849,bilateral_symmetry,0.8851,0.88066,0.008956,0.4958,no sep,20
ai_faces_1k,,ZEORWL19XI.jpg,088ad9a246de8590bd4df8944e410849,f_dim,1.4697,1.750695,0.01834,-15.3218,SEPARATED,20
ai_faces_1k,,ZEORWL19XI.jpg,088ad9a246de8590bd4df8944e410849,lacunarity_mean,10.0239,3.270105,0.238375,28.3326,SEPARATED,20
ai_faces_1k,,ZEORWL19XI.jpg,088ad9a246de8590bd4df8944e410849,multifractal_width,0.6196,1.59087,0.33344,-2.9129,MARGINAL,20
ai_faces_1k,,ZEORWL19XI.jpg,088ad9a246de8590bd4df8944e410849,orientation_coherence,0.5522,0.452855,0.004672,21.2625,SEPARATED,20
ai_faces_1k,,ZEORWL19XI.jpg,088ad9a246de8590bd4df8944e410849,multiscale_entropy_slope,-0.0609,-0.018885,0.004564,-9.205,SEPARATED,20
ai_faces_1k,,ZEORWL19XI.jpg,088ad9a246de8590bd4df8944e410849,junctions,248.0,1370.0,106.690674,-10.5164,SEPARATED,20
ai_faces_1k,,ZEORWL19XI.jpg,088ad9a246de8590bd4df8944e410849,clustering,0.303315,0.288698,0.003338,4.3787,SEPARATED,20
ai_faces_1k,,ZEORWL19XI.jpg,088ad9a246de8590bd4df8944e410849,plateau,0.826613,0.817118,0.011139,0.8524,no sep,20
ai_faces_1k,,ZEORWL19XI.jpg,088ad9a246de8590bd4df8944e410849,entropy,6.1202,6.1202,0.0,0.0,no sep,20
ai_faces_1k,,ZEORWL19XI.jpg,088ad9a246de8590bd4df8944e410849,forbidden_coverage,0.1422,0.006435,0.005356,25.3466,SEPARATED,20
ai_faces_1k,,ZEORWL19XI.jpg,088ad9a246de8590bd4df8944e410849,tau_ratio_score,0.0,0.0,0.0,0.0,no sep,20
ai_faces_1k,,WY9QMV51J8.jpg,c311b3fd5d131ea56dc48be47558b129,betti_0,599.0,599.0,0.0,0.0,no sep,20
ai_faces_1k,,WY9QMV51J8.jpg,c311b3fd5d131ea56dc48be47558b129,betti_1,26.0,83.15,13.199527,-4.3297,SEPARATED,20
ai_faces_1k,,WY9QMV51J8.jpg,c311b3fd5d131ea56dc48be47558b129,persistence_entropy_h1,3.6467,4.51601,0.091758,-9.4739,SEPARATED,20
ai_faces_1k,,WY9QMV51J8.jpg,c311b3fd5d131ea56dc48be47558b129,total_persistence_h1,78.1799,141.53036,7.735653,-8.1894,SEPARATED,20
ai_faces_1k,,WY9QMV51J8.jpg,c311b3fd5d131ea56dc48be47558b129,euler_mean,-0.5312,2.057815,1.668536,-1.5517,no sep,20
ai_faces_1k,,WY9QMV51J8.jpg,c311b3fd5d131ea56dc48be47558b129,euler_std,18.7533,24.677565,1.412486,-4.1942,SEPARATED,20
ai_faces_1k,,WY9QMV51J8.jpg,c311b3fd5d131ea56dc48be47558b129,euler_range,114.0,105.45,14.681536,0.5824,no sep,20
ai_faces_1k,,WY9QMV51J8.jpg,c311b3fd5d131ea56dc48be47558b129,bilateral_symmetry,0.7752,0.70149,0.056192,1.3118,no sep,20
ai_faces_1k,,WY9QMV51J8.jpg,c311b3fd5d131ea56dc48be47558b129,f_dim,1.4986,1.850645,0.008653,-40.6855,SEPARATED,20
ai_faces_1k,,WY9QMV51J8.jpg,c311b3fd5d131ea56dc48be47558b129,lacunarity_mean,8.6074,2.17531,0.079128,81.2874,SEPARATED,20
ai_faces_1k,,WY9QMV51J8.jpg,c311b3fd5d131ea56dc48be47558b129,multifractal_width,0.1916,0.2871,0.054369,-1.7565,no sep,20
ai_faces_1k,,WY9QMV51J8.jpg,c311b3fd5d131ea56dc48be47558b129,orientation_coherence,0.5484,0.51037,0.003519,10.8059,SEPARATED,20
ai_faces_1k,,WY9QMV51J8.jpg,c311b3fd5d131ea56dc48be47558b129,multiscale_entropy_slope,-0.0504,0.01238,0.005083,-12.3498,SEPARATED,20
ai_faces_1k,,WY9QMV51J8.jpg,c311b3fd5d131ea56dc48be47558b129,junctions,991.0,2839.85,108.799023,-16.9933,SEPARATED,20
ai_faces_1k,,WY9QMV51J8.jpg,c311b3fd5d131ea56dc48be47558b129,clustering,0.271331,0.273509,0.002624,-0.8299,no sep,20
ai_faces_1k,,WY9QMV51J8.jpg,c311b3fd5d131ea56dc48be47558b129,plateau,0.803229,0.791474,0.006809,1.7263,no sep,20
ai_faces_1k,,WY9QMV51J8.jpg,c311b3fd5d131ea56dc48be47558b129,entropy,7.5384,7.5384,0.0,0.0,no sep,20
ai_faces_1k,,WY9QMV51J8.jpg,c311b3fd5d131ea56dc48be47558b129,forbidden_coverage,0.0844,0.00044,0.00132,63.6061,SEPARATED,20
ai_faces_1k,,WY9QMV51J8.jpg,c311b3fd5d131ea56dc48be47558b129,tau_ratio_score,0.0,0.0,0.0,0.0,no sep,20
ai_faces_1k,,YZWH35V9DQ.jpg,48dfda4f5298ae77a92a7fecb4b4b1c8,betti_0,599.0,599.0,0.0,0.0,no sep,20
ai_faces_1k,,YZWH35V9DQ.jpg,48dfda4f5298ae77a92a7fecb4b4b1c8,betti_1,47.0,94.85,13.119737,-3.6472,SEPARATED,20
ai_faces_1k,,YZWH35V9DQ.jpg,48dfda4f5298ae77a92a7fecb4b4b1c8,persistence_entropy_h1,4.3528,4.6574,0.08264,-3.6859,SEPARATED,20
ai_faces_1k,,YZWH35V9DQ.jpg,48dfda4f5298ae77a92a7fecb4b4b1c8,total_persistence_h1,119.2412,142.818385,6.400462,-3.6837,SEPARATED,20
ai_faces_1k,,YZWH35V9DQ.jpg,48dfda4f5298ae77a92a7fecb4b4b1c8,euler_mean,5.7188,-27.367205,1.75629,18.8386,SEPARATED,20
ai_faces_1k,,YZWH35V9DQ.jpg,48dfda4f5298ae77a92a7fecb4b4b1c8,euler_std,45.8464,77.40033,6.370787,-4.9529,SEPARATED,20
ai_faces_1k,,YZWH35V9DQ.jpg,48dfda4f5298ae77a92a7fecb4b4b1c8,euler_range,189.0,301.5,37.264594,-3.019,SEPARATED,20
ai_faces_1k,,YZWH35V9DQ.jpg,48dfda4f5298ae77a92a7fecb4b4b1c8,bilateral_symmetry,0.7713,0.81491,0.016208,-2.6907,MARGINAL,20
ai_faces_1k,,YZWH35V9DQ.jpg,48dfda4f5298ae77a92a7fecb4b4b1c8,f_dim,1.7962,1.93896,0.007361,-19.3943,SEPARATED,20
ai_faces_1k,,YZWH35V9DQ.jpg,48dfda4f5298ae77a92a7fecb4b4b1c8,lacunarity_mean,2.7237,1.485185,0.041089,30.142,SEPARATED,20
ai_faces_1k,,YZWH35V9DQ.jpg,48dfda4f5298ae77a92a7fecb4b4b1c8,multifractal_width,0.3759,0.523265,0.122562,-1.2024,no sep,20
ai_faces_1k,,YZWH35V9DQ.jpg,48dfda4f5298ae77a92a7fecb4b4b1c8,orientation_coherence,0.6542,0.427405,0.003979,56.9925,SEPARATED,20
ai_faces_1k,,YZWH35V9DQ.jpg,48dfda4f5298ae77a92a7fecb4b4b1c8,multiscale_entropy_slope,-0.051,-0.05028,0.003984,-0.1807,no sep,20
ai_faces_1k,,YZWH35V9DQ.jpg,48dfda4f5298ae77a92a7fecb4b4b1c8,junctions,2070.0,3991.8,118.637515,-16.1989,SEPARATED,20
ai_faces_1k,,YZWH35V9DQ.jpg,48dfda4f5298ae77a92a7fecb4b4b1c8,clustering,0.26774,0.271401,0.003007,-1.2173,no sep,20
ai_faces_1k,,YZWH35V9DQ.jpg,48dfda4f5298ae77a92a7fecb4b4b1c8,plateau,0.786957,0.794263,0.007514,-0.9724,no sep,20
ai_faces_1k,,YZWH35V9DQ.jpg,48dfda4f5298ae77a92a7fecb4b4b1c8,entropy,7.3101,7.3101,0.0,0.0,no sep,20
ai_faces_1k,,YZWH35V9DQ.jpg,48dfda4f5298ae77a92a7fecb4b4b1c8,forbidden_coverage,0.1289,0.00022,0.000959,134.1873,SEPARATED,20
ai_faces_1k,,YZWH35V9DQ.jpg,48dfda4f5298ae77a92a7fecb4b4b1c8,tau_ratio_score,0.0,0.0,0.0,0.0,no sep,20
ai_faces_1k,,YLLGI54KIN.jpg,407594f42f4e0e0bb6e2dda33059e061,betti_0,599.0,599.0,0.0,0.0,no sep,20
ai_faces_1k,,YLLGI54KIN.jpg,407594f42f4e0e0bb6e2dda33059e061,betti_1,54.0,132.1,9.267686,-8.4271,SEPARATED,20
ai_faces_1k,,YLLGI54KIN.jpg,407594f42f4e0e0bb6e2dda33059e061,persistence_entropy_h1,4.1993,4.829745,0.043419,-14.5201,SEPARATED,20
ai_faces_1k,,YLLGI54KIN.jpg,407594f42f4e0e0bb6e2dda33059e061,total_persistence_h1,114.9289,157.532045,3.602614,-11.8256,SEPARATED,20
ai_faces_1k,,YLLGI54KIN.jpg,407594f42f4e0e0bb6e2dda33059e061,euler_mean,-0.9688,-4.1125,3.378632,0.9305,no sep,20
ai_faces_1k,,YLLGI54KIN.jpg,407594f42f4e0e0bb6e2dda33059e061,euler_std,28.9099,72.40227,2.175219,-19.9945,SEPARATED,20
ai_faces_1k,,YLLGI54KIN.jpg,407594f42f4e0e0bb6e2dda33059e061,euler_range,131.0,255.25,12.376894,-10.0389,SEPARATED,20
ai_faces_1k,,YLLGI54KIN.jpg,407594f42f4e0e0bb6e2dda33059e061,bilateral_symmetry,0.8704,0.858385,0.005586,2.151,MARGINAL,20
ai_faces_1k,,YLLGI54KIN.jpg,407594f42f4e0e0bb6e2dda33059e061,f_dim,1.7268,1.950085,0.007911,-28.2257,SEPARATED,20
ai_faces_1k,,YLLGI54KIN.jpg,407594f42f4e0e0bb6e2dda33059e061,lacunarity_mean,3.5619,1.476055,0.049112,42.4712,SEPARATED,20
ai_faces_1k,,YLLGI54KIN.jpg,407594f42f4e0e0bb6e2dda33059e061,multifractal_width,0.3944,0.55626,0.086329,-1.8749,no sep,20
ai_faces_1k,,YLLGI54KIN.jpg,407594f42f4e0e0bb6e2dda33059e061,orientation_coherence,0.6417,0.41396,0.00234,97.3443,SEPARATED,20
ai_faces_1k,,YLLGI54KIN.jpg,407594f42f4e0e0bb6e2dda33059e061,multiscale_entropy_slope,-0.0666,-0.06597,0.002012,-0.3131,no sep,20
ai_faces_1k,,YLLGI54KIN.jpg,407594f42f4e0e0bb6e2dda33059e061,junctions,1246.0,3295.7,147.827636,-13.8655,SEPARATED,20
ai_faces_1k,,YLLGI54KIN.jpg,407594f42f4e0e0bb6e2dda33059e061,clustering,0.277956,0.281101,0.003321,-0.947,no sep,20
ai_faces_1k,,YLLGI54KIN.jpg,407594f42f4e0e0bb6e2dda33059e061,plateau,0.810594,0.808606,0.008748,0.2272,no sep,20
ai_faces_1k,,YLLGI54KIN.jpg,407594f42f4e0e0bb6e2dda33059e061,entropy,7.3374,7.3374,0.0,0.0,no sep,20
ai_faces_1k,,YLLGI54KIN.jpg,407594f42f4e0e0bb6e2dda33059e061,forbidden_coverage,0.0711,0.0,0.0,nan,zero-var,20
ai_faces_1k,,YLLGI54KIN.jpg,407594f42f4e0e0bb6e2dda33059e061,tau_ratio_score,0.0,0.0,0.0,0.0,no sep,20
ai_faces_1k,,Y7QFH0MS1V.jpg,3a280e2ad0e8a7b93a0472a52f1a154e,betti_0,599.0,599.0,0.0,0.0,no sep,20
ai_faces_1k,,Y7QFH0MS1V.jpg,3a280e2ad0e8a7b93a0472a52f1a154e,betti_1,69.0,110.25,13.341196,-3.0919,SEPARATED,20
ai_faces_1k,,Y7QFH0MS1V.jpg,3a280e2ad0e8a7b93a0472a52f1a154e,persistence_entropy_h1,4.3272,4.7178,0.06695,-5.8342,SEPARATED,20
ai_faces_1k,,Y7QFH0MS1V.jpg,3a280e2ad0e8a7b93a0472a52f1a154e,total_persistence_h1,136.7927,153.61864,5.391456,-3.1209,SEPARATED,20
ai_faces_1k,,Y7QFH0MS1V.jpg,3a280e2ad0e8a7b93a0472a52f1a154e,euler_mean,1.2188,9.12031,1.665603,-4.7439,SEPARATED,20
ai_faces_1k,,Y7QFH0MS1V.jpg,3a280e2ad0e8a7b93a0472a52f1a154e,euler_std,41.1998,37.43679,2.635676,1.4277,no sep,20
ai_faces_1k,,Y7QFH0MS1V.jpg,3a280e2ad0e8a7b93a0472a52f1a154e,euler_range,166.0,142.55,16.054516,1.4606,no sep,20
ai_faces_1k,,Y7QFH0MS1V.jpg,3a280e2ad0e8a7b93a0472a52f1a154e,bilateral_symmetry,0.8726,0.757005,0.049473,2.3365,MARGINAL,20
ai_faces_1k,,Y7QFH0MS1V.jpg,3a280e2ad0e8a7b93a0472a52f1a154e,f_dim,1.8013,1.86791,0.020274,-3.2854,SEPARATED,20
ai_faces_1k,,Y7QFH0MS1V.jpg,3a280e2ad0e8a7b93a0472a52f1a154e,lacunarity_mean,2.6706,2.03615,0.154265,4.1127,SEPARATED,20
ai_faces_1k,,Y7QFH0MS1V.jpg,3a280e2ad0e8a7b93a0472a52f1a154e,multifractal_width,0.6845,1.316965,0.346308,-1.8263,no sep,20
ai_faces_1k,,Y7QFH0MS1V.jpg,3a280e2ad0e8a7b93a0472a52f1a154e,orientation_coherence,0.6282,0.421395,0.002654,77.9233,SEPARATED,20
ai_faces_1k,,Y7QFH0MS1V.jpg,3a280e2ad0e8a7b93a0472a52f1a154e,multiscale_entropy_slope,-0.0543,-0.04617,0.003937,-2.0651,MARGINAL,20
ai_faces_1k,,Y7QFH0MS1V.jpg,3a280e2ad0e8a7b93a0472a52f1a154e,junctions,1772.0,3295.55,117.850955,-12.9278,SEPARATED,20
ai_faces_1k,,Y7QFH0MS1V.jpg,3a280e2ad0e8a7b93a0472a52f1a154e,clustering,0.282042,0.278056,0.002888,1.3799,no sep,20
ai_faces_1k,,Y7QFH0MS1V.jpg,3a280e2ad0e8a7b93a0472a52f1a154e,plateau,0.816591,0.805078,0.006355,1.8116,no sep,20
ai_faces_1k,,Y7QFH0MS1V.jpg,3a280e2ad0e8a7b93a0472a52f1a154e,entropy,7.7175,7.7175,0.0,0.0,no sep,20
ai_faces_1k,,Y7QFH0MS1V.jpg,3a280e2ad0e8a7b93a0472a52f1a154e,forbidden_coverage,0.0356,0.00022,0.000959,36.8942,SEPARATED,20
ai_faces_1k,,Y7QFH0MS1V.jpg,3a280e2ad0e8a7b93a0472a52f1a154e,tau_ratio_score,0.0,0.0,0.0,0.0,no sep,20
ai_faces_1k,,XU7G3QC41Q.jpg,22db4df2f796a6ffb8cdc5609bee906f,betti_0,599.0,599.0,0.0,0.0,no sep,20
ai_faces_1k,,XU7G3QC41Q.jpg,22db4df2f796a6ffb8cdc5609bee906f,betti_1,58.0,132.8,8.576713,-8.7213,SEPARATED,20
ai_faces_1k,,XU7G3QC41Q.jpg,22db4df2f796a6ffb8cdc5609bee906f,persistence_entropy_h1,4.4551,4.829005,0.043524,-8.5908,SEPARATED,20
ai_faces_1k,,XU7G3QC41Q.jpg,22db4df2f796a6ffb8cdc5609bee906f,total_persistence_h1,138.9516,156.521735,5.040205,-3.486,SEPARATED,20
ai_faces_1k,,XU7G3QC41Q.jpg,22db4df2f796a6ffb8cdc5609bee906f,euler_mean,58.5312,30.728125,3.229408,8.6093,SEPARATED,20
ai_faces_1k,,XU7G3QC41Q.jpg,22db4df2f796a6ffb8cdc5609bee906f,euler_std,106.7509,145.002965,3.157856,-12.1133,SEPARATED,20
ai_faces_1k,,XU7G3QC41Q.jpg,22db4df2f796a6ffb8cdc5609bee906f,euler_range,364.0,508.55,19.61753,-7.3684,SEPARATED,20
ai_faces_1k,,XU7G3QC41Q.jpg,22db4df2f796a6ffb8cdc5609bee906f,bilateral_symmetry,0.8218,0.795625,0.010874,2.4071,MARGINAL,20
ai_faces_1k,,XU7G3QC41Q.jpg,22db4df2f796a6ffb8cdc5609bee906f,f_dim,1.817,1.974395,0.002056,-76.5509,SEPARATED,20
ai_faces_1k,,XU7G3QC41Q.jpg,22db4df2f796a6ffb8cdc5609bee906f,lacunarity_mean,2.5078,1.305525,0.011031,108.987,SEPARATED,20
ai_faces_1k,,XU7G3QC41Q.jpg,22db4df2f796a6ffb8cdc5609bee906f,multifractal_width,0.3737,0.41017,0.031088,-1.1731,no sep,20
ai_faces_1k,,XU7G3QC41Q.jpg,22db4df2f796a6ffb8cdc5609bee906f,orientation_coherence,0.5939,0.408605,0.003359,55.1672,SEPARATED,20
ai_faces_1k,,XU7G3QC41Q.jpg,22db4df2f796a6ffb8cdc5609bee906f,multiscale_entropy_slope,-0.0871,-0.087625,0.002546,0.2062,no sep,20
ai_faces_1k,,XU7G3QC41Q.jpg,22db4df2f796a6ffb8cdc5609bee906f,junctions,3333.0,5043.25,104.724818,-16.3309,SEPARATED,20
ai_faces_1k,,XU7G3QC41Q.jpg,22db4df2f796a6ffb8cdc5609bee906f,clustering,0.277294,0.281042,0.001942,-1.9301,no sep,20
ai_faces_1k,,XU7G3QC41Q.jpg,22db4df2f796a6ffb8cdc5609bee906f,plateau,0.80468,0.807502,0.004408,-0.6401,no sep,20
ai_faces_1k,,XU7G3QC41Q.jpg,22db4df2f796a6ffb8cdc5609bee906f,entropy,7.5632,7.5632,0.0,0.0,no sep,20
ai_faces_1k,,XU7G3QC41Q.jpg,22db4df2f796a6ffb8cdc5609bee906f,forbidden_coverage,0.0667,0.0,0.0,nan,zero-var,20
ai_faces_1k,,XU7G3QC41Q.jpg,22db4df2f796a6ffb8cdc5609bee906f,tau_ratio_score,0.0,0.0,0.0,0.0,no sep,20
ai_faces_1k,,Z4Y9PS3TLQ.jpg,c18c1294309f0bdc428110e30ae44939,betti_0,599.0,599.0,0.0,0.0,no sep,20
ai_faces_1k,,Z4Y9PS3TLQ.jpg,c18c1294309f0bdc428110e30ae44939,betti_1,111.0,78.85,8.917819,3.6051,SEPARATED,20
ai_faces_1k,,Z4Y9PS3TLQ.jpg,c18c1294309f0bdc428110e30ae44939,persistence_entropy_h1,4.6848,4.584325,0.067083,1.4978,no sep,20
ai_faces_1k,,Z4Y9PS3TLQ.jpg,c18c1294309f0bdc428110e30ae44939,total_persistence_h1,128.2657,138.444715,7.110111,-1.4316,no sep,20
ai_faces_1k,,Z4Y9PS3TLQ.jpg,c18c1294309f0bdc428110e30ae44939,euler_mean,2.75,21.69844,2.712988,-6.9843,SEPARATED,20
ai_faces_1k,,Z4Y9PS3TLQ.jpg,c18c1294309f0bdc428110e30ae44939,euler_std,44.1567,42.21171,4.858015,0.4004,no sep,20
ai_faces_1k,,Z4Y9PS3TLQ.jpg,c18c1294309f0bdc428110e30ae44939,euler_range,156.0,149.35,20.165007,0.3298,no sep,20
ai_faces_1k,,Z4Y9PS3TLQ.jpg,c18c1294309f0bdc428110e30ae44939,bilateral_symmetry,0.8492,0.700905,0.049758,2.9803,MARGINAL,20
ai_faces_1k,,Z4Y9PS3TLQ.jpg,c18c1294309f0bdc428110e30ae44939,f_dim,1.8176,1.917475,0.003605,-27.7047,SEPARATED,20
ai_faces_1k,,Z4Y9PS3TLQ.jpg,c18c1294309f0bdc428110e30ae44939,lacunarity_mean,2.5206,1.641765,0.026275,33.4478,SEPARATED,20
ai_faces_1k,,Z4Y9PS3TLQ.jpg,c18c1294309f0bdc428110e30ae44939,multifractal_width,0.1984,1.19376,0.303932,-3.2749,SEPARATED,20
ai_faces_1k,,Z4Y9PS3TLQ.jpg,c18c1294309f0bdc428110e30ae44939,orientation_coherence,0.6157,0.45176,0.003742,43.8111,SEPARATED,20
ai_faces_1k,,Z4Y9PS3TLQ.jpg,c18c1294309f0bdc428110e30ae44939,multiscale_entropy_slope,-0.0688,0.080255,0.011201,-13.3073,SEPARATED,20
ai_faces_1k,,Z4Y9PS3TLQ.jpg,c18c1294309f0bdc428110e30ae44939,junctions,2023.0,2990.35,102.467202,-9.4406,SEPARATED,20
ai_faces_1k,,Z4Y9PS3TLQ.jpg,c18c1294309f0bdc428110e30ae44939,clustering,0.283188,0.282973,0.002405,0.0893,no sep,20
ai_faces_1k,,Z4Y9PS3TLQ.jpg,c18c1294309f0bdc428110e30ae44939,plateau,0.805734,0.805979,0.006051,-0.0405,no sep,20
ai_faces_1k,,Z4Y9PS3TLQ.jpg,c18c1294309f0bdc428110e30ae44939,entropy,6.9045,6.9045,0.0,0.0,no sep,20
ai_faces_1k,,Z4Y9PS3TLQ.jpg,c18c1294309f0bdc428110e30ae44939,forbidden_coverage,0.0933,0.008215,0.007867,10.8156,SEPARATED,20
ai_faces_1k,,Z4Y9PS3TLQ.jpg,c18c1294309f0bdc428110e30ae44939,tau_ratio_score,0.0,0.0,0.0,0.0,no sep,20
ai_faces_1k,,ZXHM0HF7V0.jpg,1b899dc9a61fb7410d1240ba4ee194e6,betti_0,599.0,599.0,0.0,0.0,no sep,20
ai_faces_1k,,ZXHM0HF7V0.jpg,1b899dc9a61fb7410d1240ba4ee194e6,betti_1,38.0,96.4,12.273549,-4.7582,SEPARATED,20
ai_faces_1k,,ZXHM0HF7V0.jpg,1b899dc9a61fb7410d1240ba4ee194e6,persistence_entropy_h1,3.9911,4.62903,0.07163,-8.9059,SEPARATED,20
ai_faces_1k,,ZXHM0HF7V0.jpg,1b899dc9a61fb7410d1240ba4ee194e6,total_persistence_h1,100.446,150.0422,6.987424,-7.0979,SEPARATED,20
ai_faces_1k,,ZXHM0HF7V0.jpg,1b899dc9a61fb7410d1240ba4ee194e6,euler_mean,0.8125,6.7,1.258116,-4.6796,SEPARATED,20
ai_faces_1k,,ZXHM0HF7V0.jpg,1b899dc9a61fb7410d1240ba4ee194e6,euler_std,18.9084,26.93415,3.560341,-2.2542,MARGINAL,20
ai_faces_1k,,ZXHM0HF7V0.jpg,1b899dc9a61fb7410d1240ba4ee194e6,euler_range,85.0,99.45,14.037361,-1.0294,no sep,20
ai_faces_1k,,ZXHM0HF7V0.jpg,1b899dc9a61fb7410d1240ba4ee194e6,bilateral_symmetry,0.8391,0.804305,0.027017,1.2879,no sep,20
ai_faces_1k,,ZXHM0HF7V0.jpg,1b899dc9a61fb7410d1240ba4ee194e6,f_dim,1.6233,1.793655,0.019024,-8.9549,SEPARATED,20
ai_faces_1k,,ZXHM0HF7V0.jpg,1b899dc9a61fb7410d1240ba4ee194e6,lacunarity_mean,5.4834,2.791885,0.208167,12.9296,SEPARATED,20
ai_faces_1k,,ZXHM0HF7V0.jpg,1b899dc9a61fb7410d1240ba4ee194e6,multifractal_width,1.3022,1.74032,0.292857,-1.496,no sep,20
ai_faces_1k,,ZXHM0HF7V0.jpg,1b899dc9a61fb7410d1240ba4ee194e6,orientation_coherence,0.6021,0.477665,0.004371,28.4708,SEPARATED,20
ai_faces_1k,,ZXHM0HF7V0.jpg,1b899dc9a61fb7410d1240ba4ee194e6,multiscale_entropy_slope,-0.05,-0.012515,0.004218,-8.8875,SEPARATED,20
ai_faces_1k,,ZXHM0HF7V0.jpg,1b899dc9a61fb7410d1240ba4ee194e6,junctions,844.0,2490.45,142.176114,-11.5804,SEPARATED,20
ai_faces_1k,,ZXHM0HF7V0.jpg,1b899dc9a61fb7410d1240ba4ee194e6,clustering,0.288705,0.275934,0.004168,3.0638,SEPARATED,20
ai_faces_1k,,ZXHM0HF7V0.jpg,1b899dc9a61fb7410d1240ba4ee194e6,plateau,0.800948,0.796442,0.011436,0.394,no sep,20
ai_faces_1k,,ZXHM0HF7V0.jpg,1b899dc9a61fb7410d1240ba4ee194e6,entropy,7.5776,7.5776,0.0,0.0,no sep,20
ai_faces_1k,,ZXHM0HF7V0.jpg,1b899dc9a61fb7410d1240ba4ee194e6,forbidden_coverage,0.1022,0.000445,0.00194,52.4589,SEPARATED,20
ai_faces_1k,,ZXHM0HF7V0.jpg,1b899dc9a61fb7410d1240ba4ee194e6,tau_ratio_score,0.0,0.0,0.0,0.0,no sep,20
ai_faces_1k,,Y1C948P8QE.jpg,afb3675c2a76315d39aa556b12bb8a79,betti_0,599.0,599.0,0.0,0.0,no sep,20
ai_faces_1k,,Y1C948P8QE.jpg,afb3675c2a76315d39aa556b12bb8a79,betti_1,59.0,85.85,12.394656,-2.1663,MARGINAL,20
ai_faces_1k,,Y1C948P8QE.jpg,afb3675c2a76315d39aa556b12bb8a79,persistence_entropy_h1,4.3697,4.54398,0.058475,-2.9804,MARGINAL,20
ai_faces_1k,,Y1C948P8QE.jpg,afb3675c2a76315d39aa556b12bb8a79,total_persistence_h1,110.9645,144.148125,7.064738,-4.6971,SEPARATED,20
ai_faces_1k,,Y1C948P8QE.jpg,afb3675c2a76315d39aa556b12bb8a79,euler_mean,13.4062,10.53907,3.070292,0.9338,no sep,20
ai_faces_1k,,Y1C948P8QE.jpg,afb3675c2a76315d39aa556b12bb8a79,euler_std,43.7456,43.00849,2.981874,0.2472,no sep,20
ai_faces_1k,,Y1C948P8QE.jpg,afb3675c2a76315d39aa556b12bb8a79,euler_range,201.0,178.85,21.07196,1.0512,no sep,20
ai_faces_1k,,Y1C948P8QE.jpg,afb3675c2a76315d39aa556b12bb8a79,bilateral_symmetry,0.8642,0.762115,0.033901,3.0112,SEPARATED,20
ai_faces_1k,,Y1C948P8QE.jpg,afb3675c2a76315d39aa556b12bb8a79,f_dim,1.8171,1.872175,0.008883,-6.2,SEPARATED,20
ai_faces_1k,,Y1C948P8QE.jpg,afb3675c2a76315d39aa556b12bb8a79,lacunarity_mean,2.5422,2.00402,0.07446,7.2277,SEPARATED,20
ai_faces_1k,,Y1C948P8QE.jpg,afb3675c2a76315d39aa556b12bb8a79,multifractal_width,0.5878,1.57141,0.325048,-3.026,SEPARATED,20
ai_faces_1k,,Y1C948P8QE.jpg,afb3675c2a76315d39aa556b12bb8a79,orientation_coherence,0.6548,0.421885,0.002914,79.9161,SEPARATED,20
ai_faces_1k,,Y1C948P8QE.jpg,afb3675c2a76315d39aa556b12bb8a79,multiscale_entropy_slope,-0.0599,-0.015165,0.004602,-9.7213,SEPARATED,20
ai_faces_1k,,Y1C948P8QE.jpg,afb3675c2a76315d39aa556b12bb8a79,junctions,2141.0,3787.3,165.398337,-9.9535,SEPARATED,20
ai_faces_1k,,Y1C948P8QE.jpg,afb3675c2a76315d39aa556b12bb8a79,clustering,0.274794,0.271341,0.002357,1.4651,no sep,20
ai_faces_1k,,Y1C948P8QE.jpg,afb3675c2a76315d39aa556b12bb8a79,plateau,0.808501,0.789014,0.007775,2.5064,MARGINAL,20
ai_faces_1k,,Y1C948P8QE.jpg,afb3675c2a76315d39aa556b12bb8a79,entropy,7.6002,7.6002,0.0,0.0,no sep,20
ai_faces_1k,,Y1C948P8QE.jpg,afb3675c2a76315d39aa556b12bb8a79,forbidden_coverage,0.1067,0.00022,0.000959,111.0372,SEPARATED,20
ai_faces_1k,,Y1C948P8QE.jpg,afb3675c2a76315d39aa556b12bb8a79,tau_ratio_score,0.0,0.0,0.0,0.0,no sep,20
ai_faces_1k,,XKHWRIM64I.jpg,c2ef72a2616c12c4896bb7562bb904cf,betti_0,599.0,599.0,0.0,0.0,no sep,20
ai_faces_1k,,XKHWRIM64I.jpg,c2ef72a2616c12c4896bb7562bb904cf,betti_1,63.0,86.25,10.449282,-2.225,MARGINAL,20
ai_faces_1k,,XKHWRIM64I.jpg,c2ef72a2616c12c4896bb7562bb904cf,persistence_entropy_h1,4.2559,4.643625,0.075098,-5.1629,SEPARATED,20
ai_faces_1k,,XKHWRIM64I.jpg,c2ef72a2616c12c4896bb7562bb904cf,total_persistence_h1,131.5332,146.80337,5.55096,-2.7509,MARGINAL,20
ai_faces_1k,,XKHWRIM64I.jpg,c2ef72a2616c12c4896bb7562bb904cf,euler_mean,12.8125,25.295305,1.745354,-7.152,SEPARATED,20
ai_faces_1k,,XKHWRIM64I.jpg,c2ef72a2616c12c4896bb7562bb904cf,euler_std,26.021,51.30838,2.960679,-8.5411,SEPARATED,20
ai_faces_1k,,XKHWRIM64I.jpg,c2ef72a2616c12c4896bb7562bb904cf,euler_range,113.0,186.75,17.57804,-4.1956,SEPARATED,20
ai_faces_1k,,XKHWRIM64I.jpg,c2ef72a2616c12c4896bb7562bb904cf,bilateral_symmetry,0.8625,0.77704,0.01662,5.1421,SEPARATED,20
ai_faces_1k,,XKHWRIM64I.jpg,c2ef72a2616c12c4896bb7562bb904cf,f_dim,1.723,1.943885,0.00514,-42.9724,SEPARATED,20
ai_faces_1k,,XKHWRIM64I.jpg,c2ef72a2616c12c4896bb7562bb904cf,lacunarity_mean,3.7071,1.45159,0.030669,73.5441,SEPARATED,20
ai_faces_1k,,XKHWRIM64I.jpg,c2ef72a2616c12c4896bb7562bb904cf,multifractal_width,0.3349,1.216845,0.470854,-1.8731,no sep,20
ai_faces_1k,,XKHWRIM64I.jpg,c2ef72a2616c12c4896bb7562bb904cf,orientation_coherence,0.5949,0.44228,0.003675,41.5247,SEPARATED,20
ai_faces_1k,,XKHWRIM64I.jpg,c2ef72a2616c12c4896bb7562bb904cf,multiscale_entropy_slope,-0.0571,-0.02194,0.002806,-12.5281,SEPARATED,20
ai_faces_1k,,XKHWRIM64I.jpg,c2ef72a2616c12c4896bb7562bb904cf,junctions,1672.0,4816.2,105.253789,-29.8726,SEPARATED,20
ai_faces_1k,,XKHWRIM64I.jpg,c2ef72a2616c12c4896bb7562bb904cf,clustering,0.276914,0.270532,0.002024,3.1531,SEPARATED,20
ai_faces_1k,,XKHWRIM64I.jpg,c2ef72a2616c12c4896bb7562bb904cf,plateau,0.791268,0.785777,0.005954,0.9221,no sep,20
ai_faces_1k,,XKHWRIM64I.jpg,c2ef72a2616c12c4896bb7562bb904cf,entropy,7.6117,7.6117,0.0,0.0,no sep,20
ai_faces_1k,,XKHWRIM64I.jpg,c2ef72a2616c12c4896bb7562bb904cf,forbidden_coverage,0.0489,0.00088,0.00176,27.2841,SEPARATED,20
ai_faces_1k,,XKHWRIM64I.jpg,c2ef72a2616c12c4896bb7562bb904cf,tau_ratio_score,0.0,0.0,0.0,0.0,no sep,20
ai_faces_1k,,Z4SAB0060T.jpg,eb3d27c7f7077d8439a2fecae11c027e,betti_0,599.0,578.0,63.155364,0.3325,no sep,20
ai_faces_1k,,Z4SAB0060T.jpg,eb3d27c7f7077d8439a2fecae11c027e,betti_1,30.0,53.1,12.057778,-1.9158,no sep,20
ai_faces_1k,,Z4SAB0060T.jpg,eb3d27c7f7077d8439a2fecae11c027e,persistence_entropy_h1,4.1422,4.332035,0.129637,-1.4644,no sep,20
ai_faces_1k,,Z4SAB0060T.jpg,eb3d27c7f7077d8439a2fecae11c027e,total_persistence_h1,100.5694,111.92238,6.169623,-1.8401,no sep,20
ai_faces_1k,,Z4SAB0060T.jpg,eb3d27c7f7077d8439a2fecae11c027e,euler_mean,5.8438,30.845315,4.236598,-5.9013,SEPARATED,20
ai_faces_1k,,Z4SAB0060T.jpg,eb3d27c7f7077d8439a2fecae11c027e,euler_std,29.4991,32.839185,5.015148,-0.666,no sep,20
ai_faces_1k,,Z4SAB0060T.jpg,eb3d27c7f7077d8439a2fecae11c027e,euler_range,181.0,186.3,43.334859,-0.1223,no sep,20
ai_faces_1k,,Z4SAB0060T.jpg,eb3d27c7f7077d8439a2fecae11c027e,bilateral_symmetry,0.8064,0.7579,0.039188,1.2376,no sep,20
ai_faces_1k,,Z4SAB0060T.jpg,eb3d27c7f7077d8439a2fecae11c027e,f_dim,1.6686,1.854215,0.009066,-20.4735,SEPARATED,20
ai_faces_1k,,Z4SAB0060T.jpg,eb3d27c7f7077d8439a2fecae11c027e,lacunarity_mean,4.5154,2.08858,0.071224,34.0729,SEPARATED,20
ai_faces_1k,,Z4SAB0060T.jpg,eb3d27c7f7077d8439a2fecae11c027e,multifractal_width,0.1584,0.35123,0.155085,-1.2434,no sep,20
ai_faces_1k,,Z4SAB0060T.jpg,eb3d27c7f7077d8439a2fecae11c027e,orientation_coherence,0.6219,0.43914,0.00424,43.1088,SEPARATED,20
ai_faces_1k,,Z4SAB0060T.jpg,eb3d27c7f7077d8439a2fecae11c027e,multiscale_entropy_slope,-0.0388,0.0038,0.008935,-4.7679,SEPARATED,20
ai_faces_1k,,Z4SAB0060T.jpg,eb3d27c7f7077d8439a2fecae11c027e,junctions,1085.0,3148.15,122.306286,-16.8687,SEPARATED,20
ai_faces_1k,,Z4SAB0060T.jpg,eb3d27c7f7077d8439a2fecae11c027e,clustering,0.263594,0.273296,0.002823,-3.4366,SEPARATED,20
ai_faces_1k,,Z4SAB0060T.jpg,eb3d27c7f7077d8439a2fecae11c027e,plateau,0.776037,0.785275,0.006985,-1.3226,no sep,20
ai_faces_1k,,Z4SAB0060T.jpg,eb3d27c7f7077d8439a2fecae11c027e,entropy,7.0554,7.0554,0.0,0.0,no sep,20
ai_faces_1k,,Z4SAB0060T.jpg,eb3d27c7f7077d8439a2fecae11c027e,forbidden_coverage,0.0978,0.0042,0.005695,16.435,SEPARATED,20
ai_faces_1k,,Z4SAB0060T.jpg,eb3d27c7f7077d8439a2fecae11c027e,tau_ratio_score,0.0,0.0,0.0,0.0,no sep,20
ai_faces_1k,,ZF48J1BBPN.jpg,872ad46b04d2444ef4805f9a0f0d2562,betti_0,599.0,599.0,0.0,0.0,no sep,20
ai_faces_1k,,ZF48J1BBPN.jpg,872ad46b04d2444ef4805f9a0f0d2562,betti_1,68.0,98.05,14.048043,-2.1391,MARGINAL,20
ai_faces_1k,,ZF48J1BBPN.jpg,872ad46b04d2444ef4805f9a0f0d2562,persistence_entropy_h1,4.3847,4.694765,0.060219,-5.149,SEPARATED,20
ai_faces_1k,,ZF48J1BBPN.jpg,872ad46b04d2444ef4805f9a0f0d2562,total_persistence_h1,123.9334,149.47327,5.959483,-4.2856,SEPARATED,20
ai_faces_1k,,ZF48J1BBPN.jpg,872ad46b04d2444ef4805f9a0f0d2562,euler_mean,17.875,-6.22501,4.405314,5.4707,SEPARATED,20
ai_faces_1k,,ZF48J1BBPN.jpg,872ad46b04d2444ef4805f9a0f0d2562,euler_std,52.2098,75.234275,6.66062,-3.4568,SEPARATED,20
ai_faces_1k,,ZF48J1BBPN.jpg,872ad46b04d2444ef4805f9a0f0d2562,euler_range,274.0,264.8,24.156987,0.3808,no sep,20
ai_faces_1k,,ZF48J1BBPN.jpg,872ad46b04d2444ef4805f9a0f0d2562,bilateral_symmetry,0.8131,0.776295,0.022224,1.6561,no sep,20
ai_faces_1k,,ZF48J1BBPN.jpg,872ad46b04d2444ef4805f9a0f0d2562,f_dim,1.6466,1.95427,0.00952,-32.3171,SEPARATED,20
ai_faces_1k,,ZF48J1BBPN.jpg,872ad46b04d2444ef4805f9a0f0d2562,lacunarity_mean,4.9171,1.424915,0.065012,53.7158,SEPARATED,20
ai_faces_1k,,ZF48J1BBPN.jpg,872ad46b04d2444ef4805f9a0f0d2562,multifractal_width,1.3505,2.031235,0.359458,-1.8938,no sep,20
ai_faces_1k,,ZF48J1BBPN.jpg,872ad46b04d2444ef4805f9a0f0d2562,orientation_coherence,0.6512,0.391335,0.00249,104.3536,SEPARATED,20
ai_faces_1k,,ZF48J1BBPN.jpg,872ad46b04d2444ef4805f9a0f0d2562,multiscale_entropy_slope,-0.0069,0.04446,0.009338,-5.5002,SEPARATED,20
ai_faces_1k,,ZF48J1BBPN.jpg,872ad46b04d2444ef4805f9a0f0d2562,junctions,1287.0,3771.3,214.978162,-11.5561,SEPARATED,20
ai_faces_1k,,ZF48J1BBPN.jpg,872ad46b04d2444ef4805f9a0f0d2562,clustering,0.276008,0.281478,0.002431,-2.2504,MARGINAL,20
ai_faces_1k,,ZF48J1BBPN.jpg,872ad46b04d2444ef4805f9a0f0d2562,plateau,0.802642,0.808455,0.006621,-0.878,no sep,20
ai_faces_1k,,ZF48J1BBPN.jpg,872ad46b04d2444ef4805f9a0f0d2562,entropy,7.1528,7.1528,0.0,0.0,no sep,20
ai_faces_1k,,ZF48J1BBPN.jpg,872ad46b04d2444ef4805f9a0f0d2562,forbidden_coverage,0.1022,0.00266,0.004069,24.4648,SEPARATED,20
ai_faces_1k,,ZF48J1BBPN.jpg,872ad46b04d2444ef4805f9a0f0d2562,tau_ratio_score,0.0,0.0,0.0,0.0,no sep,20
ai_faces_1k,,ZCU7OR4KL8.jpg,15e77b2828461a3d3809f9ee3e1de7c2,betti_0,599.0,599.0,0.0,0.0,no sep,20
ai_faces_1k,,ZCU7OR4KL8.jpg,15e77b2828461a3d3809f9ee3e1de7c2,betti_1,69.0,98.9,11.82751,-2.528,MARGINAL,20
ai_faces_1k,,ZCU7OR4KL8.jpg,15e77b2828461a3d3809f9ee3e1de7c2,persistence_entropy_h1,4.3247,4.64413,0.068237,-4.6812,SEPARATED,20
ai_faces_1k,,ZCU7OR4KL8.jpg,15e77b2828461a3d3809f9ee3e1de7c2,total_persistence_h1,129.4421,150.85128,7.75183,-2.7618,MARGINAL,20
ai_faces_1k,,ZCU7OR4KL8.jpg,15e77b2828461a3d3809f9ee3e1de7c2,euler_mean,9.0625,10.324995,2.393191,-0.5275,no sep,20
ai_faces_1k,,ZCU7OR4KL8.jpg,15e77b2828461a3d3809f9ee3e1de7c2,euler_std,34.2308,35.813675,4.065198,-0.3894,no sep,20
ai_faces_1k,,ZCU7OR4KL8.jpg,15e77b2828461a3d3809f9ee3e1de7c2,euler_range,163.0,117.75,11.869604,3.8123,SEPARATED,20
ai_faces_1k,,ZCU7OR4KL8.jpg,15e77b2828461a3d3809f9ee3e1de7c2,bilateral_symmetry,0.6929,0.735045,0.025583,-1.6474,no sep,20
ai_faces_1k,,ZCU7OR4KL8.jpg,15e77b2828461a3d3809f9ee3e1de7c2,f_dim,1.6776,1.83898,0.020684,-7.802,SEPARATED,20
ai_faces_1k,,ZCU7OR4KL8.jpg,15e77b2828461a3d3809f9ee3e1de7c2,lacunarity_mean,4.4882,2.3333,0.211061,10.2099,SEPARATED,20
ai_faces_1k,,ZCU7OR4KL8.jpg,15e77b2828461a3d3809f9ee3e1de7c2,multifractal_width,2.1444,2.14952,0.205697,-0.0249,no sep,20
ai_faces_1k,,ZCU7OR4KL8.jpg,15e77b2828461a3d3809f9ee3e1de7c2,orientation_coherence,0.6108,0.48416,0.004313,29.3613,SEPARATED,20
ai_faces_1k,,ZCU7OR4KL8.jpg,15e77b2828461a3d3809f9ee3e1de7c2,multiscale_entropy_slope,-0.0535,-0.00883,0.002905,-15.3787,SEPARATED,20
ai_faces_1k,,ZCU7OR4KL8.jpg,15e77b2828461a3d3809f9ee3e1de7c2,junctions,1232.0,3257.2,99.516129,-20.3505,SEPARATED,20
ai_faces_1k,,ZCU7OR4KL8.jpg,15e77b2828461a3d3809f9ee3e1de7c2,clustering,0.291757,0.273131,0.002926,6.3661,SEPARATED,20
ai_faces_1k,,ZCU7OR4KL8.jpg,15e77b2828461a3d3809f9ee3e1de7c2,plateau,0.827922,0.791105,0.004954,7.432,SEPARATED,20
ai_faces_1k,,ZCU7OR4KL8.jpg,15e77b2828461a3d3809f9ee3e1de7c2,entropy,7.676,7.676,0.0,0.0,no sep,20
ai_faces_1k,,ZCU7OR4KL8.jpg,15e77b2828461a3d3809f9ee3e1de7c2,forbidden_coverage,0.0578,0.0,0.0,nan,zero-var,20
ai_faces_1k,,ZCU7OR4KL8.jpg,15e77b2828461a3d3809f9ee3e1de7c2,tau_ratio_score,0.0,0.0,0.0,0.0,no sep,20
ai_faces_1k,,YOVXP0WMEL.jpg,931ed237bf3999c1da8540f13196aeba,betti_0,599.0,599.0,0.0,0.0,no sep,20
ai_faces_1k,,YOVXP0WMEL.jpg,931ed237bf3999c1da8540f13196aeba,betti_1,31.0,71.35,15.261963,-2.6438,MARGINAL,20
ai_faces_1k,,YOVXP0WMEL.jpg,931ed237bf3999c1da8540f13196aeba,persistence_entropy_h1,3.9886,4.440595,0.108295,-4.1738,SEPARATED,20
ai_faces_1k,,YOVXP0WMEL.jpg,931ed237bf3999c1da8540f13196aeba,total_persistence_h1,78.514,125.560055,7.785556,-6.0427,SEPARATED,20
ai_faces_1k,,YOVXP0WMEL.jpg,931ed237bf3999c1da8540f13196aeba,euler_mean,-0.25,4.92343,3.696786,-1.3994,no sep,20
ai_faces_1k,,YOVXP0WMEL.jpg,931ed237bf3999c1da8540f13196aeba,euler_std,25.9483,28.192265,2.216636,-1.0123,no sep,20
ai_faces_1k,,YOVXP0WMEL.jpg,931ed237bf3999c1da8540f13196aeba,euler_range,145.0,116.2,13.923362,2.0685,MARGINAL,20
ai_faces_1k,,YOVXP0WMEL.jpg,931ed237bf3999c1da8540f13196aeba,bilateral_symmetry,0.5585,0.68198,0.054315,-2.2734,MARGINAL,20
ai_faces_1k,,YOVXP0WMEL.jpg,931ed237bf3999c1da8540f13196aeba,f_dim,1.5502,1.83155,0.010695,-26.3056,SEPARATED,20
ai_faces_1k,,YOVXP0WMEL.jpg,931ed237bf3999c1da8540f13196aeba,lacunarity_mean,7.5066,2.26456,0.090038,58.2202,SEPARATED,20
ai_faces_1k,,YOVXP0WMEL.jpg,931ed237bf3999c1da8540f13196aeba,multifractal_width,0.7038,1.611985,0.37302,-2.4347,MARGINAL,20
ai_faces_1k,,YOVXP0WMEL.jpg,931ed237bf3999c1da8540f13196aeba,orientation_coherence,0.7302,0.545055,0.006606,28.0274,SEPARATED,20
ai_faces_1k,,YOVXP0WMEL.jpg,931ed237bf3999c1da8540f13196aeba,multiscale_entropy_slope,-0.0491,-0.01567,0.003743,-8.9307,SEPARATED,20
ai_faces_1k,,YOVXP0WMEL.jpg,931ed237bf3999c1da8540f13196aeba,junctions,699.0,2796.9,187.07723,-11.2141,SEPARATED,20
ai_faces_1k,,YOVXP0WMEL.jpg,931ed237bf3999c1da8540f13196aeba,clustering,0.27897,0.268348,0.002363,4.4943,SEPARATED,20
ai_faces_1k,,YOVXP0WMEL.jpg,931ed237bf3999c1da8540f13196aeba,plateau,0.802575,0.763567,0.00755,5.1666,SEPARATED,20
ai_faces_1k,,YOVXP0WMEL.jpg,931ed237bf3999c1da8540f13196aeba,entropy,7.6315,7.6315,0.0,0.0,no sep,20
ai_faces_1k,,YOVXP0WMEL.jpg,931ed237bf3999c1da8540f13196aeba,forbidden_coverage,0.2489,0.0,0.0,nan,zero-var,20
ai_faces_1k,,YOVXP0WMEL.jpg,931ed237bf3999c1da8540f13196aeba,tau_ratio_score,0.0,0.0,0.0,0.0,no sep,20
ai_faces_1k,,UZ8VZZDHMA.jpg,698b35157a38ba37db76a17303006947,betti_0,599.0,599.0,0.0,0.0,no sep,20
ai_faces_1k,,UZ8VZZDHMA.jpg,698b35157a38ba37db76a17303006947,betti_1,36.0,85.05,9.162287,-5.3535,SEPARATED,20
ai_faces_1k,,UZ8VZZDHMA.jpg,698b35157a38ba37db76a17303006947,persistence_entropy_h1,3.8706,4.569725,0.072311,-9.6683,SEPARATED,20
ai_faces_1k,,UZ8VZZDHMA.jpg,698b35157a38ba37db76a17303006947,total_persistence_h1,99.518,136.53966,5.053015,-7.3266,SEPARATED,20
ai_faces_1k,,UZ8VZZDHMA.jpg,698b35157a38ba37db76a17303006947,euler_mean,6.5,-10.345305,3.147617,5.3518,SEPARATED,20
ai_faces_1k,,UZ8VZZDHMA.jpg,698b35157a38ba37db76a17303006947,euler_std,40.5802,47.543655,4.271707,-1.6301,no sep,20
ai_faces_1k,,UZ8VZZDHMA.jpg,698b35157a38ba37db76a17303006947,euler_range,176.0,176.95,19.090508,-0.0498,no sep,20
ai_faces_1k,,UZ8VZZDHMA.jpg,698b35157a38ba37db76a17303006947,bilateral_symmetry,0.7507,0.72714,0.031171,0.7558,no sep,20
ai_faces_1k,,UZ8VZZDHMA.jpg,698b35157a38ba37db76a17303006947,f_dim,1.782,1.948885,0.006168,-27.0569,SEPARATED,20
ai_faces_1k,,UZ8VZZDHMA.jpg,698b35157a38ba37db76a17303006947,lacunarity_mean,2.7491,1.397095,0.034987,38.6427,SEPARATED,20
ai_faces_1k,,UZ8VZZDHMA.jpg,698b35157a38ba37db76a17303006947,multifractal_width,0.4191,0.73425,0.259601,-1.214,no sep,20
ai_faces_1k,,UZ8VZZDHMA.jpg,698b35157a38ba37db76a17303006947,orientation_coherence,0.5747,0.352915,0.00365,60.7612,SEPARATED,20
ai_faces_1k,,UZ8VZZDHMA.jpg,698b35157a38ba37db76a17303006947,multiscale_entropy_slope,-0.0423,-0.03235,0.003274,-3.039,SEPARATED,20
ai_faces_1k,,UZ8VZZDHMA.jpg,698b35157a38ba37db76a17303006947,junctions,2614.0,5281.0,240.119554,-11.107,SEPARATED,20
ai_faces_1k,,UZ8VZZDHMA.jpg,698b35157a38ba37db76a17303006947,clustering,0.270509,0.265062,0.002342,2.3259,MARGINAL,20
ai_faces_1k,,UZ8VZZDHMA.jpg,698b35157a38ba37db76a17303006947,plateau,0.789977,0.790173,0.004537,-0.0432,no sep,20
ai_faces_1k,,UZ8VZZDHMA.jpg,698b35157a38ba37db76a17303006947,entropy,7.7327,7.7327,0.0,0.0,no sep,20
ai_faces_1k,,UZ8VZZDHMA.jpg,698b35157a38ba37db76a17303006947,forbidden_coverage,0.0489,0.00132,0.002016,23.5973,SEPARATED,20
ai_faces_1k,,UZ8VZZDHMA.jpg,698b35157a38ba37db76a17303006947,tau_ratio_score,0.0,0.0,0.0,0.0,no sep,20
ai_faces_1k,,ZVW4MUOJPT.jpg,09866d8eaa469a8d77d169be55b0ac0d,betti_0,599.0,599.0,0.0,0.0,no sep,20
ai_faces_1k,,ZVW4MUOJPT.jpg,09866d8eaa469a8d77d169be55b0ac0d,betti_1,58.0,109.55,10.165997,-5.0708,SEPARATED,20
ai_faces_1k,,ZVW4MUOJPT.jpg,09866d8eaa469a8d77d169be55b0ac0d,persistence_entropy_h1,4.2591,4.66635,0.051283,-7.9412,SEPARATED,20
ai_faces_1k,,ZVW4MUOJPT.jpg,09866d8eaa469a8d77d169be55b0ac0d,total_persistence_h1,130.6043,151.67207,5.812266,-3.6247,SEPARATED,20
ai_faces_1k,,ZVW4MUOJPT.jpg,09866d8eaa469a8d77d169be55b0ac0d,euler_mean,-4.8125,-0.12188,1.089799,-4.3041,SEPARATED,20
ai_faces_1k,,ZVW4MUOJPT.jpg,09866d8eaa469a8d77d169be55b0ac0d,euler_std,26.5088,36.89069,1.265969,-8.2007,SEPARATED,20
ai_faces_1k,,ZVW4MUOJPT.jpg,09866d8eaa469a8d77d169be55b0ac0d,euler_range,107.0,126.65,10.150246,-1.9359,no sep,20
ai_faces_1k,,ZVW4MUOJPT.jpg,09866d8eaa469a8d77d169be55b0ac0d,bilateral_symmetry,0.8554,0.781925,0.015891,4.6236,SEPARATED,20
ai_faces_1k,,ZVW4MUOJPT.jpg,09866d8eaa469a8d77d169be55b0ac0d,f_dim,1.7069,1.874115,0.007578,-22.0645,SEPARATED,20
ai_faces_1k,,ZVW4MUOJPT.jpg,09866d8eaa469a8d77d169be55b0ac0d,lacunarity_mean,3.8986,2.026675,0.060752,30.8128,SEPARATED,20
ai_faces_1k,,ZVW4MUOJPT.jpg,09866d8eaa469a8d77d169be55b0ac0d,multifractal_width,0.5344,0.73064,0.090292,-2.1734,MARGINAL,20
ai_faces_1k,,ZVW4MUOJPT.jpg,09866d8eaa469a8d77d169be55b0ac0d,orientation_coherence,0.6692,0.498715,0.003569,47.7729,SEPARATED,20
ai_faces_1k,,ZVW4MUOJPT.jpg,09866d8eaa469a8d77d169be55b0ac0d,multiscale_entropy_slope,-0.0508,-0.049415,0.003335,-0.4153,no sep,20
ai_faces_1k,,ZVW4MUOJPT.jpg,09866d8eaa469a8d77d169be55b0ac0d,junctions,1405.0,2972.5,82.882145,-18.9124,SEPARATED,20
ai_faces_1k,,ZVW4MUOJPT.jpg,09866d8eaa469a8d77d169be55b0ac0d,clustering,0.27584,0.272166,0.002493,1.4739,no sep,20
ai_faces_1k,,ZVW4MUOJPT.jpg,09866d8eaa469a8d77d169be55b0ac0d,plateau,0.790747,0.789713,0.010697,0.0967,no sep,20
ai_faces_1k,,ZVW4MUOJPT.jpg,09866d8eaa469a8d77d169be55b0ac0d,entropy,7.6711,7.6711,0.0,0.0,no sep,20
ai_faces_1k,,ZVW4MUOJPT.jpg,09866d8eaa469a8d77d169be55b0ac0d,forbidden_coverage,0.0889,0.0,0.0,nan,zero-var,20
ai_faces_1k,,ZVW4MUOJPT.jpg,09866d8eaa469a8d77d169be55b0ac0d,tau_ratio_score,0.0,0.0,0.0,0.0,no sep,20
ai_faces_1k,,WY0NSAMPZP.jpg,08ff0be5fe5d0b12882d2f8ef1b0b71c,betti_0,599.0,599.0,0.0,0.0,no sep,20
ai_faces_1k,,WY0NSAMPZP.jpg,08ff0be5fe5d0b12882d2f8ef1b0b71c,betti_1,94.0,119.55,13.324695,-1.9175,no sep,20
ai_faces_1k,,WY0NSAMPZP.jpg,08ff0be5fe5d0b12882d2f8ef1b0b71c,persistence_entropy_h1,4.6362,4.770655,0.061453,-2.1879,MARGINAL,20
ai_faces_1k,,WY0NSAMPZP.jpg,08ff0be5fe5d0b12882d2f8ef1b0b71c,total_persistence_h1,137.846,154.801795,5.467063,-3.1014,SEPARATED,20
ai_faces_1k,,WY0NSAMPZP.jpg,08ff0be5fe5d0b12882d2f8ef1b0b71c,euler_mean,11.9062,20.32658,2.561575,-3.2872,SEPARATED,20
ai_faces_1k,,WY0NSAMPZP.jpg,08ff0be5fe5d0b12882d2f8ef1b0b71c,euler_std,26.6755,58.23321,3.139743,-10.051,SEPARATED,20
ai_faces_1k,,WY0NSAMPZP.jpg,08ff0be5fe5d0b12882d2f8ef1b0b71c,euler_range,96.0,198.45,16.307897,-6.2822,SEPARATED,20
ai_faces_1k,,WY0NSAMPZP.jpg,08ff0be5fe5d0b12882d2f8ef1b0b71c,bilateral_symmetry,0.8022,0.740065,0.036011,1.7255,no sep,20
ai_faces_1k,,WY0NSAMPZP.jpg,08ff0be5fe5d0b12882d2f8ef1b0b71c,f_dim,1.689,1.94231,0.005813,-43.5739,SEPARATED,20
ai_faces_1k,,WY0NSAMPZP.jpg,08ff0be5fe5d0b12882d2f8ef1b0b71c,lacunarity_mean,4.2011,1.492405,0.034988,77.4179,SEPARATED,20
ai_faces_1k,,WY0NSAMPZP.jpg,08ff0be5fe5d0b12882d2f8ef1b0b71c,multifractal_width,0.5304,0.66317,0.224832,-0.5905,no sep,20
ai_faces_1k,,WY0NSAMPZP.jpg,08ff0be5fe5d0b12882d2f8ef1b0b71c,orientation_coherence,0.6846,0.437885,0.003062,80.5627,SEPARATED,20
ai_faces_1k,,WY0NSAMPZP.jpg,08ff0be5fe5d0b12882d2f8ef1b0b71c,multiscale_entropy_slope,-0.0607,-0.04295,0.003643,-4.8725,SEPARATED,20
ai_faces_1k,,WY0NSAMPZP.jpg,08ff0be5fe5d0b12882d2f8ef1b0b71c,junctions,1438.0,4927.25,121.740657,-28.6613,SEPARATED,20
ai_faces_1k,,WY0NSAMPZP.jpg,08ff0be5fe5d0b12882d2f8ef1b0b71c,clustering,0.284114,0.269875,0.001952,7.2931,SEPARATED,20
ai_faces_1k,,WY0NSAMPZP.jpg,08ff0be5fe5d0b12882d2f8ef1b0b71c,plateau,0.805981,0.78242,0.007689,3.0642,SEPARATED,20
ai_faces_1k,,WY0NSAMPZP.jpg,08ff0be5fe5d0b12882d2f8ef1b0b71c,entropy,7.7763,7.7763,0.0,0.0,no sep,20
ai_faces_1k,,WY0NSAMPZP.jpg,08ff0be5fe5d0b12882d2f8ef1b0b71c,forbidden_coverage,0.0978,0.0,0.0,nan,zero-var,20
ai_faces_1k,,WY0NSAMPZP.jpg,08ff0be5fe5d0b12882d2f8ef1b0b71c,tau_ratio_score,0.0,0.0,0.0,0.0,no sep,20
ai_faces_1k,,YZYGX6MR5S.jpg,181278e564cbb4cf88877dd109c1f27d,betti_0,599.0,599.0,0.0,0.0,no sep,20
ai_faces_1k,,YZYGX6MR5S.jpg,181278e564cbb4cf88877dd109c1f27d,betti_1,45.0,79.2,11.775398,-2.9044,MARGINAL,20
ai_faces_1k,,YZYGX6MR5S.jpg,181278e564cbb4cf88877dd109c1f27d,persistence_entropy_h1,4.124,4.4842,0.096587,-3.7293,SEPARATED,20
ai_faces_1k,,YZYGX6MR5S.jpg,181278e564cbb4cf88877dd109c1f27d,total_persistence_h1,103.6137,135.97795,7.811484,-4.1432,SEPARATED,20
ai_faces_1k,,YZYGX6MR5S.jpg,181278e564cbb4cf88877dd109c1f27d,euler_mean,5.8125,15.95938,1.821248,-5.5714,SEPARATED,20
ai_faces_1k,,YZYGX6MR5S.jpg,181278e564cbb4cf88877dd109c1f27d,euler_std,19.1873,34.393635,2.226917,-6.8284,SEPARATED,20
ai_faces_1k,,YZYGX6MR5S.jpg,181278e564cbb4cf88877dd109c1f27d,euler_range,79.0,139.75,15.600881,-3.894,SEPARATED,20
ai_faces_1k,,YZYGX6MR5S.jpg,181278e564cbb4cf88877dd109c1f27d,bilateral_symmetry,0.8582,0.823385,0.022169,1.5704,no sep,20
ai_faces_1k,,YZYGX6MR5S.jpg,181278e564cbb4cf88877dd109c1f27d,f_dim,1.5663,1.807815,0.009409,-25.6679,SEPARATED,20
ai_faces_1k,,YZYGX6MR5S.jpg,181278e564cbb4cf88877dd109c1f27d,lacunarity_mean,6.9319,2.53666,0.087343,50.3214,SEPARATED,20
ai_faces_1k,,YZYGX6MR5S.jpg,181278e564cbb4cf88877dd109c1f27d,multifractal_width,0.1912,0.37121,0.120105,-1.4988,no sep,20
ai_faces_1k,,YZYGX6MR5S.jpg,181278e564cbb4cf88877dd109c1f27d,orientation_coherence,0.5869,0.46055,0.002893,43.6795,SEPARATED,20
ai_faces_1k,,YZYGX6MR5S.jpg,181278e564cbb4cf88877dd109c1f27d,multiscale_entropy_slope,-0.0505,-0.034345,0.003068,-5.2648,SEPARATED,20
ai_faces_1k,,YZYGX6MR5S.jpg,181278e564cbb4cf88877dd109c1f27d,junctions,794.0,2290.75,74.378004,-20.1236,SEPARATED,20
ai_faces_1k,,YZYGX6MR5S.jpg,181278e564cbb4cf88877dd109c1f27d,clustering,0.278897,0.278344,0.002687,0.2058,no sep,20
ai_faces_1k,,YZYGX6MR5S.jpg,181278e564cbb4cf88877dd109c1f27d,plateau,0.819899,0.797604,0.008059,2.7667,MARGINAL,20
ai_faces_1k,,YZYGX6MR5S.jpg,181278e564cbb4cf88877dd109c1f27d,entropy,7.2553,7.2553,0.0,0.0,no sep,20
ai_faces_1k,,YZYGX6MR5S.jpg,181278e564cbb4cf88877dd109c1f27d,forbidden_coverage,0.0933,0.00044,0.00132,70.3485,SEPARATED,20
ai_faces_1k,,YZYGX6MR5S.jpg,181278e564cbb4cf88877dd109c1f27d,tau_ratio_score,0.0,0.0,0.0,0.0,no sep,20
ai_faces_1k,,YQU8CQWGQ1.jpg,39681096f10da319db9fc6cd19d94970,betti_0,599.0,587.35,50.781173,0.2294,no sep,20
ai_faces_1k,,YQU8CQWGQ1.jpg,39681096f10da319db9fc6cd19d94970,betti_1,55.0,60.7,13.587126,-0.4195,no sep,20
ai_faces_1k,,YQU8CQWGQ1.jpg,39681096f10da319db9fc6cd19d94970,persistence_entropy_h1,4.2304,4.3098,0.123079,-0.6451,no sep,20
ai_faces_1k,,YQU8CQWGQ1.jpg,39681096f10da319db9fc6cd19d94970,total_persistence_h1,102.2485,118.50768,8.000039,-2.0324,MARGINAL,20
ai_faces_1k,,YQU8CQWGQ1.jpg,39681096f10da319db9fc6cd19d94970,euler_mean,-0.0938,-3.36875,1.25754,2.6043,MARGINAL,20
ai_faces_1k,,YQU8CQWGQ1.jpg,39681096f10da319db9fc6cd19d94970,euler_std,17.3878,24.426675,2.383788,-2.9528,MARGINAL,20
ai_faces_1k,,YQU8CQWGQ1.jpg,39681096f10da319db9fc6cd19d94970,euler_range,68.0,114.25,15.400893,-3.0031,SEPARATED,20
ai_faces_1k,,YQU8CQWGQ1.jpg,39681096f10da319db9fc6cd19d94970,bilateral_symmetry,0.8678,0.83536,0.017513,1.8523,no sep,20
ai_faces_1k,,YQU8CQWGQ1.jpg,39681096f10da319db9fc6cd19d94970,f_dim,1.5406,1.717395,0.008404,-21.0371,SEPARATED,20
ai_faces_1k,,YQU8CQWGQ1.jpg,39681096f10da319db9fc6cd19d94970,lacunarity_mean,7.76,3.629375,0.108793,37.9679,SEPARATED,20
ai_faces_1k,,YQU8CQWGQ1.jpg,39681096f10da319db9fc6cd19d94970,multifractal_width,0.2935,0.30739,0.047896,-0.29,no sep,20
ai_faces_1k,,YQU8CQWGQ1.jpg,39681096f10da319db9fc6cd19d94970,orientation_coherence,0.679,0.47759,0.005414,37.2033,SEPARATED,20
ai_faces_1k,,YQU8CQWGQ1.jpg,39681096f10da319db9fc6cd19d94970,multiscale_entropy_slope,-0.0341,-0.02708,0.003961,-1.7722,no sep,20
ai_faces_1k,,YQU8CQWGQ1.jpg,39681096f10da319db9fc6cd19d94970,junctions,674.0,1631.9,83.348005,-11.4928,SEPARATED,20
ai_faces_1k,,YQU8CQWGQ1.jpg,39681096f10da319db9fc6cd19d94970,clustering,0.286185,0.280763,0.00367,1.4775,no sep,20
ai_faces_1k,,YQU8CQWGQ1.jpg,39681096f10da319db9fc6cd19d94970,plateau,0.793769,0.809108,0.010554,-1.4534,no sep,20
ai_faces_1k,,YQU8CQWGQ1.jpg,39681096f10da319db9fc6cd19d94970,entropy,7.1206,7.1206,0.0,0.0,no sep,20
ai_faces_1k,,YQU8CQWGQ1.jpg,39681096f10da319db9fc6cd19d94970,forbidden_coverage,0.1689,0.001765,0.002579,64.7962,SEPARATED,20
ai_faces_1k,,YQU8CQWGQ1.jpg,39681096f10da319db9fc6cd19d94970,tau_ratio_score,0.0,0.0,0.0,0.0,no sep,20
ai_faces_1k,,YUSY3UPBA6.jpg,3df6a4bf202fcd940f8fb07f4cee798b,betti_0,599.0,531.3,103.4742,0.6543,no sep,20
ai_faces_1k,,YUSY3UPBA6.jpg,3df6a4bf202fcd940f8fb07f4cee798b,betti_1,41.0,48.1,13.475533,-0.5269,no sep,20
ai_faces_1k,,YUSY3UPBA6.jpg,3df6a4bf202fcd940f8fb07f4cee798b,persistence_entropy_h1,4.0715,4.380985,0.066541,-4.651,SEPARATED,20
ai_faces_1k,,YUSY3UPBA6.jpg,3df6a4bf202fcd940f8fb07f4cee798b,total_persistence_h1,89.86,113.8479,7.176015,-3.3428,SEPARATED,20
ai_faces_1k,,YUSY3UPBA6.jpg,3df6a4bf202fcd940f8fb07f4cee798b,euler_mean,6.875,14.94531,1.404445,-5.7463,SEPARATED,20
ai_faces_1k,,YUSY3UPBA6.jpg,3df6a4bf202fcd940f8fb07f4cee798b,euler_std,19.6131,25.483475,1.729276,-3.3947,SEPARATED,20
ai_faces_1k,,YUSY3UPBA6.jpg,3df6a4bf202fcd940f8fb07f4cee798b,euler_range,89.0,124.65,13.817652,-2.58,MARGINAL,20
ai_faces_1k,,YUSY3UPBA6.jpg,3df6a4bf202fcd940f8fb07f4cee798b,bilateral_symmetry,0.9164,0.813985,0.031747,3.226,SEPARATED,20
ai_faces_1k,,YUSY3UPBA6.jpg,3df6a4bf202fcd940f8fb07f4cee798b,f_dim,1.5017,1.818895,0.009501,-33.3839,SEPARATED,20
ai_faces_1k,,YUSY3UPBA6.jpg,3df6a4bf202fcd940f8fb07f4cee798b,lacunarity_mean,8.6872,2.40402,0.082244,76.3967,SEPARATED,20
ai_faces_1k,,YUSY3UPBA6.jpg,3df6a4bf202fcd940f8fb07f4cee798b,multifractal_width,0.4391,0.7611,0.165115,-1.9502,no sep,20
ai_faces_1k,,YUSY3UPBA6.jpg,3df6a4bf202fcd940f8fb07f4cee798b,orientation_coherence,0.6291,0.44129,0.003663,51.2773,SEPARATED,20
ai_faces_1k,,YUSY3UPBA6.jpg,3df6a4bf202fcd940f8fb07f4cee798b,multiscale_entropy_slope,-0.0398,-0.029125,0.00433,-2.4655,MARGINAL,20
ai_faces_1k,,YUSY3UPBA6.jpg,3df6a4bf202fcd940f8fb07f4cee798b,junctions,506.0,2163.9,83.61214,-19.8285,SEPARATED,20
ai_faces_1k,,YUSY3UPBA6.jpg,3df6a4bf202fcd940f8fb07f4cee798b,clustering,0.276241,0.274112,0.003228,0.6595,no sep,20
ai_faces_1k,,YUSY3UPBA6.jpg,3df6a4bf202fcd940f8fb07f4cee798b,plateau,0.828063,0.784065,0.01013,4.3433,SEPARATED,20
ai_faces_1k,,YUSY3UPBA6.jpg,3df6a4bf202fcd940f8fb07f4cee798b,entropy,7.1494,7.1494,0.0,0.0,no sep,20
ai_faces_1k,,YUSY3UPBA6.jpg,3df6a4bf202fcd940f8fb07f4cee798b,forbidden_coverage,0.1333,0.00022,0.000959,138.7757,SEPARATED,20
ai_faces_1k,,YUSY3UPBA6.jpg,3df6a4bf202fcd940f8fb07f4cee798b,tau_ratio_score,0.0,0.0,0.0,0.0,no sep,20
ai_faces_1k,,ZIRTQC0HAX.jpg,7e9e66acfe0d5f2c00dc1d93b27815a3,betti_0,599.0,599.0,0.0,0.0,no sep,20
ai_faces_1k,,ZIRTQC0HAX.jpg,7e9e66acfe0d5f2c00dc1d93b27815a3,betti_1,63.0,85.3,7.849204,-2.8411,MARGINAL,20
ai_faces_1k,,ZIRTQC0HAX.jpg,7e9e66acfe0d5f2c00dc1d93b27815a3,persistence_entropy_h1,4.3357,4.632405,0.064412,-4.6063,SEPARATED,20
ai_faces_1k,,ZIRTQC0HAX.jpg,7e9e66acfe0d5f2c00dc1d93b27815a3,total_persistence_h1,124.6624,142.198895,5.690407,-3.0818,SEPARATED,20
ai_faces_1k,,ZIRTQC0HAX.jpg,7e9e66acfe0d5f2c00dc1d93b27815a3,euler_mean,13.9062,19.43438,2.611822,-2.1166,MARGINAL,20
ai_faces_1k,,ZIRTQC0HAX.jpg,7e9e66acfe0d5f2c00dc1d93b27815a3,euler_std,31.7877,49.558115,2.616969,-6.7905,SEPARATED,20
ai_faces_1k,,ZIRTQC0HAX.jpg,7e9e66acfe0d5f2c00dc1d93b27815a3,euler_range,133.0,221.95,20.123307,-4.4202,SEPARATED,20
ai_faces_1k,,ZIRTQC0HAX.jpg,7e9e66acfe0d5f2c00dc1d93b27815a3,bilateral_symmetry,0.7074,0.66837,0.05102,0.765,no sep,20
ai_faces_1k,,ZIRTQC0HAX.jpg,7e9e66acfe0d5f2c00dc1d93b27815a3,f_dim,1.7725,1.919885,0.006489,-22.7117,SEPARATED,20
ai_faces_1k,,ZIRTQC0HAX.jpg,7e9e66acfe0d5f2c00dc1d93b27815a3,lacunarity_mean,3.0593,1.63565,0.042257,33.6904,SEPARATED,20
ai_faces_1k,,ZIRTQC0HAX.jpg,7e9e66acfe0d5f2c00dc1d93b27815a3,multifractal_width,2.0898,2.212635,0.161101,-0.7625,no sep,20
ai_faces_1k,,ZIRTQC0HAX.jpg,7e9e66acfe0d5f2c00dc1d93b27815a3,orientation_coherence,0.6896,0.46954,0.003138,70.1333,SEPARATED,20
ai_faces_1k,,ZIRTQC0HAX.jpg,7e9e66acfe0d5f2c00dc1d93b27815a3,multiscale_entropy_slope,-0.0173,-0.020985,0.004351,0.8469,no sep,20
ai_faces_1k,,ZIRTQC0HAX.jpg,7e9e66acfe0d5f2c00dc1d93b27815a3,junctions,1727.0,4240.45,107.006764,-23.4887,SEPARATED,20
ai_faces_1k,,ZIRTQC0HAX.jpg,7e9e66acfe0d5f2c00dc1d93b27815a3,clustering,0.274464,0.275823,0.001791,-0.7587,no sep,20
ai_faces_1k,,ZIRTQC0HAX.jpg,7e9e66acfe0d5f2c00dc1d93b27815a3,plateau,0.791546,0.79752,0.007264,-0.8225,no sep,20
ai_faces_1k,,ZIRTQC0HAX.jpg,7e9e66acfe0d5f2c00dc1d93b27815a3,entropy,7.6817,7.6817,0.0,0.0,no sep,20
ai_faces_1k,,ZIRTQC0HAX.jpg,7e9e66acfe0d5f2c00dc1d93b27815a3,forbidden_coverage,0.08,0.0011,0.001905,41.4118,SEPARATED,20
ai_faces_1k,,ZIRTQC0HAX.jpg,7e9e66acfe0d5f2c00dc1d93b27815a3,tau_ratio_score,0.0,0.0,0.0,0.0,no sep,20
ai_faces_1k,,X5ZP7VZJRX.jpg,984e996cbfb8ba46026c2757848555f6,betti_0,599.0,599.0,0.0,0.0,no sep,20
ai_faces_1k,,X5ZP7VZJRX.jpg,984e996cbfb8ba46026c2757848555f6,betti_1,34.0,75.0,11.674759,-3.5118,SEPARATED,20
ai_faces_1k,,X5ZP7VZJRX.jpg,984e996cbfb8ba46026c2757848555f6,persistence_entropy_h1,3.8181,4.47993,0.098822,-6.6972,SEPARATED,20
ai_faces_1k,,X5ZP7VZJRX.jpg,984e996cbfb8ba46026c2757848555f6,total_persistence_h1,89.8068,133.822825,9.062661,-4.8569,SEPARATED,20
ai_faces_1k,,X5ZP7VZJRX.jpg,984e996cbfb8ba46026c2757848555f6,euler_mean,3.8438,9.551565,1.610744,-3.5436,SEPARATED,20
ai_faces_1k,,X5ZP7VZJRX.jpg,984e996cbfb8ba46026c2757848555f6,euler_std,19.6502,22.4173,1.482847,-1.8661,no sep,20
ai_faces_1k,,X5ZP7VZJRX.jpg,984e996cbfb8ba46026c2757848555f6,euler_range,96.0,93.4,11.006362,0.2362,no sep,20
ai_faces_1k,,X5ZP7VZJRX.jpg,984e996cbfb8ba46026c2757848555f6,bilateral_symmetry,0.8495,0.74812,0.036897,2.7477,MARGINAL,20
ai_faces_1k,,X5ZP7VZJRX.jpg,984e996cbfb8ba46026c2757848555f6,f_dim,1.5145,1.81479,0.009401,-31.9407,SEPARATED,20
ai_faces_1k,,X5ZP7VZJRX.jpg,984e996cbfb8ba46026c2757848555f6,lacunarity_mean,8.2184,2.53544,0.099002,57.4024,SEPARATED,20
ai_faces_1k,,X5ZP7VZJRX.jpg,984e996cbfb8ba46026c2757848555f6,multifractal_width,0.7385,1.71272,0.174897,-5.5702,SEPARATED,20
ai_faces_1k,,X5ZP7VZJRX.jpg,984e996cbfb8ba46026c2757848555f6,orientation_coherence,0.6888,0.47377,0.003914,54.9356,SEPARATED,20
ai_faces_1k,,X5ZP7VZJRX.jpg,984e996cbfb8ba46026c2757848555f6,multiscale_entropy_slope,-0.0445,-0.02969,0.003194,-4.637,SEPARATED,20
ai_faces_1k,,X5ZP7VZJRX.jpg,984e996cbfb8ba46026c2757848555f6,junctions,552.0,2185.1,87.844692,-18.5908,SEPARATED,20
ai_faces_1k,,X5ZP7VZJRX.jpg,984e996cbfb8ba46026c2757848555f6,clustering,0.285024,0.282789,0.003704,0.6033,no sep,20
ai_faces_1k,,X5ZP7VZJRX.jpg,984e996cbfb8ba46026c2757848555f6,plateau,0.818841,0.806009,0.008097,1.5847,no sep,20
ai_faces_1k,,X5ZP7VZJRX.jpg,984e996cbfb8ba46026c2757848555f6,entropy,7.6227,7.6227,0.0,0.0,no sep,20
ai_faces_1k,,X5ZP7VZJRX.jpg,984e996cbfb8ba46026c2757848555f6,forbidden_coverage,0.1067,0.00331,0.003395,30.4498,SEPARATED,20
ai_faces_1k,,X5ZP7VZJRX.jpg,984e996cbfb8ba46026c2757848555f6,tau_ratio_score,0.0,0.0,0.0,0.0,no sep,20
ai_faces_1k,,Y28FPK8LW9.jpg,08af47b2c7ef8d59b6d13936352ebc90,betti_0,599.0,599.0,0.0,0.0,no sep,20
ai_faces_1k,,Y28FPK8LW9.jpg,08af47b2c7ef8d59b6d13936352ebc90,betti_1,43.0,53.75,9.060215,-1.1865,no sep,20
ai_faces_1k,,Y28FPK8LW9.jpg,08af47b2c7ef8d59b6d13936352ebc90,persistence_entropy_h1,3.9694,4.139245,0.081395,-2.0867,MARGINAL,20
ai_faces_1k,,Y28FPK8LW9.jpg,08af47b2c7ef8d59b6d13936352ebc90,total_persistence_h1,100.3802,113.962505,8.478886,-1.6019,no sep,20
ai_faces_1k,,Y28FPK8LW9.jpg,08af47b2c7ef8d59b6d13936352ebc90,euler_mean,6.4688,-3.418745,2.192108,4.5105,SEPARATED,20
ai_faces_1k,,Y28FPK8LW9.jpg,08af47b2c7ef8d59b6d13936352ebc90,euler_std,25.6576,27.183735,3.159545,-0.483,no sep,20
ai_faces_1k,,Y28FPK8LW9.jpg,08af47b2c7ef8d59b6d13936352ebc90,euler_range,143.0,145.95,20.441318,-0.1443,no sep,20
ai_faces_1k,,Y28FPK8LW9.jpg,08af47b2c7ef8d59b6d13936352ebc90,bilateral_symmetry,0.9183,0.77823,0.028164,4.9734,SEPARATED,20
ai_faces_1k,,Y28FPK8LW9.jpg,08af47b2c7ef8d59b6d13936352ebc90,f_dim,1.7154,1.811825,0.008003,-12.0488,SEPARATED,20
ai_faces_1k,,Y28FPK8LW9.jpg,08af47b2c7ef8d59b6d13936352ebc90,lacunarity_mean,3.6871,2.44542,0.071759,17.3035,SEPARATED,20
ai_faces_1k,,Y28FPK8LW9.jpg,08af47b2c7ef8d59b6d13936352ebc90,multifractal_width,0.3505,0.326965,0.047642,0.494,no sep,20
ai_faces_1k,,Y28FPK8LW9.jpg,08af47b2c7ef8d59b6d13936352ebc90,orientation_coherence,0.5365,0.4503,0.002925,29.4694,SEPARATED,20
ai_faces_1k,,Y28FPK8LW9.jpg,08af47b2c7ef8d59b6d13936352ebc90,multiscale_entropy_slope,-0.0416,-0.003505,0.003758,-10.1378,SEPARATED,20
ai_faces_1k,,Y28FPK8LW9.jpg,08af47b2c7ef8d59b6d13936352ebc90,junctions,1656.0,2776.1,99.582579,-11.248,SEPARATED,20
ai_faces_1k,,Y28FPK8LW9.jpg,08af47b2c7ef8d59b6d13936352ebc90,clustering,0.275094,0.270283,0.002367,2.0325,MARGINAL,20
ai_faces_1k,,Y28FPK8LW9.jpg,08af47b2c7ef8d59b6d13936352ebc90,plateau,0.803744,0.78604,0.007082,2.4999,MARGINAL,20
ai_faces_1k,,Y28FPK8LW9.jpg,08af47b2c7ef8d59b6d13936352ebc90,entropy,7.0496,7.0496,0.0,0.0,no sep,20
ai_faces_1k,,Y28FPK8LW9.jpg,08af47b2c7ef8d59b6d13936352ebc90,forbidden_coverage,0.0444,0.007975,0.005732,6.3548,SEPARATED,20
ai_faces_1k,,Y28FPK8LW9.jpg,08af47b2c7ef8d59b6d13936352ebc90,tau_ratio_score,0.0,0.0,0.0,0.0,no sep,20
ai_faces_1k,,YNFI65IGLY.jpg,8cd1ce308c763f615d7ddc7005d0905c,betti_0,599.0,599.0,0.0,0.0,no sep,20
ai_faces_1k,,YNFI65IGLY.jpg,8cd1ce308c763f615d7ddc7005d0905c,betti_1,33.0,82.1,6.934695,-7.0803,SEPARATED,20
ai_faces_1k,,YNFI65IGLY.jpg,8cd1ce308c763f615d7ddc7005d0905c,persistence_entropy_h1,3.812,4.437405,0.086346,-7.243,SEPARATED,20
ai_faces_1k,,YNFI65IGLY.jpg,8cd1ce308c763f615d7ddc7005d0905c,total_persistence_h1,105.307,146.442825,6.995758,-5.8801,SEPARATED,20
ai_faces_1k,,YNFI65IGLY.jpg,8cd1ce308c763f615d7ddc7005d0905c,euler_mean,20.7812,11.08749,1.820854,5.3237,SEPARATED,20
ai_faces_1k,,YNFI65IGLY.jpg,8cd1ce308c763f615d7ddc7005d0905c,euler_std,62.5454,43.60698,2.542738,7.448,SEPARATED,20
ai_faces_1k,,YNFI65IGLY.jpg,8cd1ce308c763f615d7ddc7005d0905c,euler_range,346.0,177.95,18.191963,9.2376,SEPARATED,20
ai_faces_1k,,YNFI65IGLY.jpg,8cd1ce308c763f615d7ddc7005d0905c,bilateral_symmetry,0.8281,0.780585,0.024662,1.9266,no sep,20
ai_faces_1k,,YNFI65IGLY.jpg,8cd1ce308c763f615d7ddc7005d0905c,f_dim,1.8064,1.92358,0.00894,-13.1071,SEPARATED,20
ai_faces_1k,,YNFI65IGLY.jpg,8cd1ce308c763f615d7ddc7005d0905c,lacunarity_mean,2.5675,1.56379,0.053629,18.7157,SEPARATED,20
ai_faces_1k,,YNFI65IGLY.jpg,8cd1ce308c763f615d7ddc7005d0905c,multifractal_width,0.429,1.16331,0.3811,-1.9268,no sep,20
ai_faces_1k,,YNFI65IGLY.jpg,8cd1ce308c763f615d7ddc7005d0905c,orientation_coherence,0.5041,0.3904,0.002867,39.6647,SEPARATED,20
ai_faces_1k,,YNFI65IGLY.jpg,8cd1ce308c763f615d7ddc7005d0905c,multiscale_entropy_slope,-0.0587,-0.03152,0.003259,-8.3398,SEPARATED,20
ai_faces_1k,,YNFI65IGLY.jpg,8cd1ce308c763f615d7ddc7005d0905c,junctions,2566.0,4897.6,117.76519,-19.7987,SEPARATED,20
ai_faces_1k,,YNFI65IGLY.jpg,8cd1ce308c763f615d7ddc7005d0905c,clustering,0.277475,0.263489,0.002433,5.748,SEPARATED,20
ai_faces_1k,,YNFI65IGLY.jpg,8cd1ce308c763f615d7ddc7005d0905c,plateau,0.82424,0.775512,0.006622,7.3581,SEPARATED,20
ai_faces_1k,,YNFI65IGLY.jpg,8cd1ce308c763f615d7ddc7005d0905c,entropy,7.4902,7.4902,0.0,0.0,no sep,20
ai_faces_1k,,YNFI65IGLY.jpg,8cd1ce308c763f615d7ddc7005d0905c,forbidden_coverage,0.04,0.0,0.0,nan,zero-var,20
ai_faces_1k,,YNFI65IGLY.jpg,8cd1ce308c763f615d7ddc7005d0905c,tau_ratio_score,0.0,0.0,0.0,0.0,no sep,20
ai_faces_1k,,ZQ7QI7D6WE.jpg,334eae4d90e71feee3bdb9d2a0984f8b,betti_0,599.0,599.0,0.0,0.0,no sep,20
ai_faces_1k,,ZQ7QI7D6WE.jpg,334eae4d90e71feee3bdb9d2a0984f8b,betti_1,67.0,97.65,13.119737,-2.3362,MARGINAL,20
ai_faces_1k,,ZQ7QI7D6WE.jpg,334eae4d90e71feee3bdb9d2a0984f8b,persistence_entropy_h1,4.2276,4.66043,0.063193,-6.8494,SEPARATED,20
ai_faces_1k,,ZQ7QI7D6WE.jpg,334eae4d90e71feee3bdb9d2a0984f8b,total_persistence_h1,125.1369,148.253815,5.930589,-3.8979,SEPARATED,20
ai_faces_1k,,ZQ7QI7D6WE.jpg,334eae4d90e71feee3bdb9d2a0984f8b,euler_mean,8.1875,15.360935,1.936754,-3.7038,SEPARATED,20
ai_faces_1k,,ZQ7QI7D6WE.jpg,334eae4d90e71feee3bdb9d2a0984f8b,euler_std,37.2747,43.59163,1.835387,-3.4417,SEPARATED,20
ai_faces_1k,,ZQ7QI7D6WE.jpg,334eae4d90e71feee3bdb9d2a0984f8b,euler_range,162.0,166.65,12.578851,-0.3697,no sep,20
ai_faces_1k,,ZQ7QI7D6WE.jpg,334eae4d90e71feee3bdb9d2a0984f8b,bilateral_symmetry,0.757,0.750405,0.02352,0.2804,no sep,20
ai_faces_1k,,ZQ7QI7D6WE.jpg,334eae4d90e71feee3bdb9d2a0984f8b,f_dim,1.727,1.89855,0.006703,-25.5941,SEPARATED,20
ai_faces_1k,,ZQ7QI7D6WE.jpg,334eae4d90e71feee3bdb9d2a0984f8b,lacunarity_mean,3.7073,1.792715,0.047854,40.0092,SEPARATED,20
ai_faces_1k,,ZQ7QI7D6WE.jpg,334eae4d90e71feee3bdb9d2a0984f8b,multifractal_width,0.9761,1.7925,0.297768,-2.7417,MARGINAL,20
ai_faces_1k,,ZQ7QI7D6WE.jpg,334eae4d90e71feee3bdb9d2a0984f8b,orientation_coherence,0.6872,0.47522,0.003041,69.6963,SEPARATED,20
ai_faces_1k,,ZQ7QI7D6WE.jpg,334eae4d90e71feee3bdb9d2a0984f8b,multiscale_entropy_slope,-0.0591,-0.040645,0.004058,-4.5475,SEPARATED,20
ai_faces_1k,,ZQ7QI7D6WE.jpg,334eae4d90e71feee3bdb9d2a0984f8b,junctions,1249.0,3871.15,95.527627,-27.4491,SEPARATED,20
ai_faces_1k,,ZQ7QI7D6WE.jpg,334eae4d90e71feee3bdb9d2a0984f8b,clustering,0.292234,0.27225,0.002306,8.6672,SEPARATED,20
ai_faces_1k,,ZQ7QI7D6WE.jpg,334eae4d90e71feee3bdb9d2a0984f8b,plateau,0.821457,0.784101,0.007725,4.8357,SEPARATED,20
ai_faces_1k,,ZQ7QI7D6WE.jpg,334eae4d90e71feee3bdb9d2a0984f8b,entropy,7.6981,7.6981,0.0,0.0,no sep,20
ai_faces_1k,,ZQ7QI7D6WE.jpg,334eae4d90e71feee3bdb9d2a0984f8b,forbidden_coverage,0.1333,0.0,0.0,nan,zero-var,20
ai_faces_1k,,ZQ7QI7D6WE.jpg,334eae4d90e71feee3bdb9d2a0984f8b,tau_ratio_score,0.0,0.0,0.0,0.0,no sep,20
ai_faces_1k,,XUJUBDTZBV.jpg,bc177960b33b3fa7f6afddea6af4e2df,betti_0,599.0,599.0,0.0,0.0,no sep,20
ai_faces_1k,,XUJUBDTZBV.jpg,bc177960b33b3fa7f6afddea6af4e2df,betti_1,63.0,123.95,13.503611,-4.5136,SEPARATED,20
ai_faces_1k,,XUJUBDTZBV.jpg,bc177960b33b3fa7f6afddea6af4e2df,persistence_entropy_h1,4.3833,4.784385,0.061385,-6.5339,SEPARATED,20
ai_faces_1k,,XUJUBDTZBV.jpg,bc177960b33b3fa7f6afddea6af4e2df,total_persistence_h1,122.0118,158.04982,5.974386,-6.0321,SEPARATED,20
ai_faces_1k,,XUJUBDTZBV.jpg,bc177960b33b3fa7f6afddea6af4e2df,euler_mean,9.0312,9.842185,3.247177,-0.2498,no sep,20
ai_faces_1k,,XUJUBDTZBV.jpg,bc177960b33b3fa7f6afddea6af4e2df,euler_std,49.064,57.32001,5.182209,-1.5931,no sep,20
ai_faces_1k,,XUJUBDTZBV.jpg,bc177960b33b3fa7f6afddea6af4e2df,euler_range,213.0,187.65,25.70851,0.9861,no sep,20
ai_faces_1k,,XUJUBDTZBV.jpg,bc177960b33b3fa7f6afddea6af4e2df,bilateral_symmetry,0.8339,0.829265,0.015818,0.293,no sep,20
ai_faces_1k,,XUJUBDTZBV.jpg,bc177960b33b3fa7f6afddea6af4e2df,f_dim,1.7884,1.931785,0.013817,-10.3774,SEPARATED,20
ai_faces_1k,,XUJUBDTZBV.jpg,bc177960b33b3fa7f6afddea6af4e2df,lacunarity_mean,2.83,1.590915,0.095692,12.9487,SEPARATED,20
ai_faces_1k,,XUJUBDTZBV.jpg,bc177960b33b3fa7f6afddea6af4e2df,multifractal_width,0.3941,0.713295,0.182513,-1.7489,no sep,20
ai_faces_1k,,XUJUBDTZBV.jpg,bc177960b33b3fa7f6afddea6af4e2df,orientation_coherence,0.5528,0.43537,0.005424,21.6481,SEPARATED,20
ai_faces_1k,,XUJUBDTZBV.jpg,bc177960b33b3fa7f6afddea6af4e2df,multiscale_entropy_slope,-0.0666,-0.004925,0.006057,-10.1822,SEPARATED,20
ai_faces_1k,,XUJUBDTZBV.jpg,bc177960b33b3fa7f6afddea6af4e2df,junctions,2163.0,3937.0,95.261745,-18.6224,SEPARATED,20
ai_faces_1k,,XUJUBDTZBV.jpg,bc177960b33b3fa7f6afddea6af4e2df,clustering,0.277393,0.276914,0.002355,0.2032,no sep,20
ai_faces_1k,,XUJUBDTZBV.jpg,bc177960b33b3fa7f6afddea6af4e2df,plateau,0.803514,0.795719,0.008229,0.9472,no sep,20
ai_faces_1k,,XUJUBDTZBV.jpg,bc177960b33b3fa7f6afddea6af4e2df,entropy,7.5015,7.5015,0.0,0.0,no sep,20
ai_faces_1k,,XUJUBDTZBV.jpg,bc177960b33b3fa7f6afddea6af4e2df,forbidden_coverage,0.0444,0.00022,0.000959,46.0709,SEPARATED,20
ai_faces_1k,,XUJUBDTZBV.jpg,bc177960b33b3fa7f6afddea6af4e2df,tau_ratio_score,0.0,0.0,0.0,0.0,no sep,20
ai_faces_1k,,Y4YYB6NSD9.jpg,a59324cfaf14532da042e22d8b58ba59,betti_0,599.0,599.0,0.0,0.0,no sep,20
ai_faces_1k,,Y4YYB6NSD9.jpg,a59324cfaf14532da042e22d8b58ba59,betti_1,47.0,114.55,11.213719,-6.0239,SEPARATED,20
ai_faces_1k,,Y4YYB6NSD9.jpg,a59324cfaf14532da042e22d8b58ba59,persistence_entropy_h1,4.2303,4.703225,0.07558,-6.2573,SEPARATED,20
ai_faces_1k,,Y4YYB6NSD9.jpg,a59324cfaf14532da042e22d8b58ba59,total_persistence_h1,113.7149,148.79542,5.420201,-6.4722,SEPARATED,20
ai_faces_1k,,Y4YYB6NSD9.jpg,a59324cfaf14532da042e22d8b58ba59,euler_mean,0.7188,3.260935,2.747614,-0.9252,no sep,20
ai_faces_1k,,Y4YYB6NSD9.jpg,a59324cfaf14532da042e22d8b58ba59,euler_std,30.4315,50.883595,2.590852,-7.894,SEPARATED,20
ai_faces_1k,,Y4YYB6NSD9.jpg,a59324cfaf14532da042e22d8b58ba59,euler_range,140.0,191.45,17.330537,-2.9687,MARGINAL,20
ai_faces_1k,,Y4YYB6NSD9.jpg,a59324cfaf14532da042e22d8b58ba59,bilateral_symmetry,0.8926,0.85648,0.015402,2.3452,MARGINAL,20
ai_faces_1k,,Y4YYB6NSD9.jpg,a59324cfaf14532da042e22d8b58ba59,f_dim,1.6152,1.809615,0.0135,-14.401,SEPARATED,20
ai_faces_1k,,Y4YYB6NSD9.jpg,a59324cfaf14532da042e22d8b58ba59,lacunarity_mean,5.7585,2.64553,0.134784,23.096,SEPARATED,20
ai_faces_1k,,Y4YYB6NSD9.jpg,a59324cfaf14532da042e22d8b58ba59,multifractal_width,0.1277,0.185385,0.016834,-3.4267,SEPARATED,20
ai_faces_1k,,Y4YYB6NSD9.jpg,a59324cfaf14532da042e22d8b58ba59,orientation_coherence,0.6328,0.41317,0.002775,79.1589,SEPARATED,20
ai_faces_1k,,Y4YYB6NSD9.jpg,a59324cfaf14532da042e22d8b58ba59,multiscale_entropy_slope,-0.0548,-0.045315,0.003742,-2.5349,MARGINAL,20
ai_faces_1k,,Y4YYB6NSD9.jpg,a59324cfaf14532da042e22d8b58ba59,junctions,906.0,2337.95,87.425668,-16.3791,SEPARATED,20
ai_faces_1k,,Y4YYB6NSD9.jpg,a59324cfaf14532da042e22d8b58ba59,clustering,0.287834,0.282464,0.003439,1.5614,no sep,20
ai_faces_1k,,Y4YYB6NSD9.jpg,a59324cfaf14532da042e22d8b58ba59,plateau,0.827815,0.809167,0.008801,2.1189,MARGINAL,20
ai_faces_1k,,Y4YYB6NSD9.jpg,a59324cfaf14532da042e22d8b58ba59,entropy,7.124,7.124,0.0,0.0,no sep,20
ai_faces_1k,,Y4YYB6NSD9.jpg,a59324cfaf14532da042e22d8b58ba59,forbidden_coverage,0.1333,0.0,0.0,nan,zero-var,20
ai_faces_1k,,Y4YYB6NSD9.jpg,a59324cfaf14532da042e22d8b58ba59,tau_ratio_score,0.0,0.0,0.0,0.0,no sep,20
ai_faces_1k,,ZYFHIO26Y9.jpg,b89c1298a33c9087e3f5ae0a30ef285e,betti_0,599.0,599.0,0.0,0.0,no sep,20
ai_faces_1k,,ZYFHIO26Y9.jpg,b89c1298a33c9087e3f5ae0a30ef285e,betti_1,34.0,93.3,9.381365,-6.321,SEPARATED,20
ai_faces_1k,,ZYFHIO26Y9.jpg,b89c1298a33c9087e3f5ae0a30ef285e,persistence_entropy_h1,4.2695,4.58743,0.058073,-5.4747,SEPARATED,20
ai_faces_1k,,ZYFHIO26Y9.jpg,b89c1298a33c9087e3f5ae0a30ef285e,total_persistence_h1,92.6937,142.035605,8.114801,-6.0805,SEPARATED,20
ai_faces_1k,,ZYFHIO26Y9.jpg,b89c1298a33c9087e3f5ae0a30ef285e,euler_mean,2.125,-1.1875,3.609065,0.9178,no sep,20
ai_faces_1k,,ZYFHIO26Y9.jpg,b89c1298a33c9087e3f5ae0a30ef285e,euler_std,32.4112,46.453455,3.290273,-4.2678,SEPARATED,20
ai_faces_1k,,ZYFHIO26Y9.jpg,b89c1298a33c9087e3f5ae0a30ef285e,euler_range,196.0,176.65,20.979216,0.9223,no sep,20
ai_faces_1k,,ZYFHIO26Y9.jpg,b89c1298a33c9087e3f5ae0a30ef285e,bilateral_symmetry,0.9022,0.87973,0.009533,2.3571,MARGINAL,20
ai_faces_1k,,ZYFHIO26Y9.jpg,b89c1298a33c9087e3f5ae0a30ef285e,f_dim,1.5764,1.78885,0.025507,-8.329,SEPARATED,20
ai_faces_1k,,ZYFHIO26Y9.jpg,b89c1298a33c9087e3f5ae0a30ef285e,lacunarity_mean,6.2859,2.83368,0.273705,12.6129,SEPARATED,20
ai_faces_1k,,ZYFHIO26Y9.jpg,b89c1298a33c9087e3f5ae0a30ef285e,multifractal_width,0.0766,0.09757,0.007448,-2.8157,MARGINAL,20
ai_faces_1k,,ZYFHIO26Y9.jpg,b89c1298a33c9087e3f5ae0a30ef285e,orientation_coherence,0.5858,0.41463,0.002862,59.8076,SEPARATED,20
ai_faces_1k,,ZYFHIO26Y9.jpg,b89c1298a33c9087e3f5ae0a30ef285e,multiscale_entropy_slope,-0.0573,-0.0266,0.004341,-7.0723,SEPARATED,20
ai_faces_1k,,ZYFHIO26Y9.jpg,b89c1298a33c9087e3f5ae0a30ef285e,junctions,723.0,1814.25,74.141672,-14.7184,SEPARATED,20
ai_faces_1k,,ZYFHIO26Y9.jpg,b89c1298a33c9087e3f5ae0a30ef285e,clustering,0.289073,0.280487,0.003589,2.3926,MARGINAL,20
ai_faces_1k,,ZYFHIO26Y9.jpg,b89c1298a33c9087e3f5ae0a30ef285e,plateau,0.814661,0.801772,0.007064,1.8246,no sep,20
ai_faces_1k,,ZYFHIO26Y9.jpg,b89c1298a33c9087e3f5ae0a30ef285e,entropy,6.9166,6.9166,0.0,0.0,no sep,20
ai_faces_1k,,ZYFHIO26Y9.jpg,b89c1298a33c9087e3f5ae0a30ef285e,forbidden_coverage,0.1333,0.0,0.0,nan,zero-var,20
ai_faces_1k,,ZYFHIO26Y9.jpg,b89c1298a33c9087e3f5ae0a30ef285e,tau_ratio_score,0.0,0.0,0.0,0.0,no sep,20
amorphous,,001A003.png,b8069270417770a22269f472d2fc95cc,betti_0,599.0,599.0,0.0,0.0,no sep,20
amorphous,,001A003.png,b8069270417770a22269f472d2fc95cc,betti_1,99.0,93.2,10.495713,0.5526,no sep,20
amorphous,,001A003.png,b8069270417770a22269f472d2fc95cc,persistence_entropy_h1,4.5845,4.614935,0.053044,-0.5738,no sep,20
amorphous,,001A003.png,b8069270417770a22269f472d2fc95cc,total_persistence_h1,137.6595,140.9604,6.426484,-0.5136,no sep,20
amorphous,,001A003.png,b8069270417770a22269f472d2fc95cc,euler_mean,16.8125,16.52813,1.507436,0.1886,no sep,20
amorphous,,001A003.png,b8069270417770a22269f472d2fc95cc,euler_std,454.6742,472.524995,2.979653,-5.9909,SEPARATED,20
amorphous,,001A003.png,b8069270417770a22269f472d2fc95cc,euler_range,2057.0,2155.0,27.048105,-3.6232,SEPARATED,20
amorphous,,001A003.png,b8069270417770a22269f472d2fc95cc,bilateral_symmetry,0.8987,0.898675,0.000599,0.0417,no sep,20
amorphous,,001A003.png,b8069270417770a22269f472d2fc95cc,f_dim,1.9888,1.9922,0.000319,-10.6458,SEPARATED,20
amorphous,,001A003.png,b8069270417770a22269f472d2fc95cc,lacunarity_mean,1.2208,1.193045,0.001903,14.5867,SEPARATED,20
amorphous,,001A003.png,b8069270417770a22269f472d2fc95cc,multifractal_width,0.0626,0.063175,0.000787,-0.7309,no sep,20
amorphous,,001A003.png,b8069270417770a22269f472d2fc95cc,orientation_coherence,0.4638,0.45334,0.001937,5.3991,SEPARATED,20
amorphous,,001A003.png,b8069270417770a22269f472d2fc95cc,multiscale_entropy_slope,-0.3363,-0.34447,0.002775,2.9441,MARGINAL,20
amorphous,,001A003.png,b8069270417770a22269f472d2fc95cc,junctions,3421.0,3494.0,95.961972,-0.7607,no sep,20
amorphous,,001A003.png,b8069270417770a22269f472d2fc95cc,clustering,0.301536,0.298802,0.002434,1.1233,no sep,20
amorphous,,001A003.png,b8069270417770a22269f472d2fc95cc,plateau,0.845075,0.8404,0.00429,1.0896,no sep,20
amorphous,,001A003.png,b8069270417770a22269f472d2fc95cc,entropy,6.606,6.606,0.0,0.0,no sep,20
amorphous,,001A003.png,b8069270417770a22269f472d2fc95cc,forbidden_coverage,0.4267,0.01955,0.011967,34.0226,SEPARATED,20
amorphous,,001A003.png,b8069270417770a22269f472d2fc95cc,tau_ratio_score,0.0,0.0,0.0,0.0,no sep,20
amorphous,,001A002.png,8325dae23d8079d0b91e5a88696557ea,betti_0,599.0,599.0,0.0,0.0,no sep,20
amorphous,,001A002.png,8325dae23d8079d0b91e5a88696557ea,betti_1,56.0,44.6,13.051437,0.8735,no sep,20
amorphous,,001A002.png,8325dae23d8079d0b91e5a88696557ea,persistence_entropy_h1,4.2676,4.16202,0.119958,0.8801,no sep,20
amorphous,,001A002.png,8325dae23d8079d0b91e5a88696557ea,total_persistence_h1,110.2029,96.270025,12.890866,1.0808,no sep,20
amorphous,,001A002.png,8325dae23d8079d0b91e5a88696557ea,euler_mean,37.0625,19.826575,3.303816,5.217,SEPARATED,20
amorphous,,001A002.png,8325dae23d8079d0b91e5a88696557ea,euler_std,1086.1879,1070.273205,3.447776,4.6159,SEPARATED,20
amorphous,,001A002.png,8325dae23d8079d0b91e5a88696557ea,euler_range,4689.0,4639.7,25.579484,1.9273,no sep,20
amorphous,,001A002.png,8325dae23d8079d0b91e5a88696557ea,bilateral_symmetry,0.8598,0.861085,0.000584,-2.1996,MARGINAL,20
amorphous,,001A002.png,8325dae23d8079d0b91e5a88696557ea,f_dim,1.9992,1.999535,7.9e-05,-4.229,SEPARATED,20
amorphous,,001A002.png,8325dae23d8079d0b91e5a88696557ea,lacunarity_mean,1.1085,1.10149,0.000585,11.9886,SEPARATED,20
amorphous,,001A002.png,8325dae23d8079d0b91e5a88696557ea,multifractal_width,0.0694,0.06922,0.000642,0.2802,no sep,20
amorphous,,001A002.png,8325dae23d8079d0b91e5a88696557ea,orientation_coherence,0.3382,0.33636,0.002218,0.8298,no sep,20
amorphous,,001A002.png,8325dae23d8079d0b91e5a88696557ea,multiscale_entropy_slope,-0.6003,-0.6016,0.00403,0.3226,no sep,20
amorphous,,001A002.png,8325dae23d8079d0b91e5a88696557ea,junctions,6592.0,6307.55,121.013005,2.3506,MARGINAL,20
amorphous,,001A002.png,8325dae23d8079d0b91e5a88696557ea,clustering,0.284132,0.284686,0.001913,-0.2897,no sep,20
amorphous,,001A002.png,8325dae23d8079d0b91e5a88696557ea,plateau,0.8304,0.828754,0.004149,0.3968,no sep,20
amorphous,,001A002.png,8325dae23d8079d0b91e5a88696557ea,entropy,7.036,7.036,0.0,0.0,no sep,20
amorphous,,001A002.png,8325dae23d8079d0b91e5a88696557ea,forbidden_coverage,0.1778,0.046455,0.011623,11.3002,SEPARATED,20
amorphous,,001A002.png,8325dae23d8079d0b91e5a88696557ea,tau_ratio_score,0.0,0.0,0.0,0.0,no sep,20
amorphous,,001A004.png,2ca9f667c6e923bbda0d43dec82ae22e,betti_0,599.0,599.0,0.0,0.0,no sep,20
amorphous,,001A004.png,2ca9f667c6e923bbda0d43dec82ae22e,betti_1,120.0,127.5,8.303614,-0.9032,no sep,20
amorphous,,001A004.png,2ca9f667c6e923bbda0d43dec82ae22e,persistence_entropy_h1,4.8035,4.80745,0.04589,-0.0861,no sep,20
amorphous,,001A004.png,2ca9f667c6e923bbda0d43dec82ae22e,total_persistence_h1,156.5724,154.16834,6.670818,0.3604,no sep,20
amorphous,,001A004.png,2ca9f667c6e923bbda0d43dec82ae22e,euler_mean,10.875,2.575005,1.807123,4.5929,SEPARATED,20
amorphous,,001A004.png,2ca9f667c6e923bbda0d43dec82ae22e,euler_std,64.5343,73.31201,2.020417,-4.3445,SEPARATED,20
amorphous,,001A004.png,2ca9f667c6e923bbda0d43dec82ae22e,euler_range,263.0,313.55,15.127706,-3.3416,SEPARATED,20
amorphous,,001A004.png,2ca9f667c6e923bbda0d43dec82ae22e,bilateral_symmetry,0.8993,0.90249,0.003305,-0.9651,no sep,20
amorphous,,001A004.png,2ca9f667c6e923bbda0d43dec82ae22e,f_dim,1.0,1.0,0.0,0.0,no sep,20
amorphous,,001A004.png,2ca9f667c6e923bbda0d43dec82ae22e,lacunarity_mean,125.907,175.370505,93.120662,-0.5312,no sep,20
amorphous,,001A004.png,2ca9f667c6e923bbda0d43dec82ae22e,multifractal_width,0.7509,0.631925,0.154657,0.7693,no sep,20
amorphous,,001A004.png,2ca9f667c6e923bbda0d43dec82ae22e,orientation_coherence,0.6369,0.610975,0.003516,7.3733,SEPARATED,20
amorphous,,001A004.png,2ca9f667c6e923bbda0d43dec82ae22e,multiscale_entropy_slope,-0.0957,-0.096405,0.002549,0.2766,no sep,20
amorphous,,001A004.png,2ca9f667c6e923bbda0d43dec82ae22e,junctions,808.0,964.8,73.962558,-2.12,MARGINAL,20
amorphous,,001A004.png,2ca9f667c6e923bbda0d43dec82ae22e,clustering,0.27104,0.278558,0.007033,-1.0691,no sep,20
amorphous,,001A004.png,2ca9f667c6e923bbda0d43dec82ae22e,plateau,0.764851,0.802052,0.012157,-3.0601,SEPARATED,20
amorphous,,001A004.png,2ca9f667c6e923bbda0d43dec82ae22e,entropy,6.6044,6.6044,0.0,0.0,no sep,20
amorphous,,001A004.png,2ca9f667c6e923bbda0d43dec82ae22e,forbidden_coverage,0.0178,0.0,0.0,nan,zero-var,20
amorphous,,001A004.png,2ca9f667c6e923bbda0d43dec82ae22e,tau_ratio_score,0.0,0.0,0.0,0.0,no sep,20
amorphous,,001A003.png,4f419d624c951a285879d4b4868332dc,betti_0,599.0,599.0,0.0,0.0,no sep,20
amorphous,,001A003.png,4f419d624c951a285879d4b4868332dc,betti_1,128.0,133.7,9.203804,-0.6193,no sep,20
amorphous,,001A003.png,4f419d624c951a285879d4b4868332dc,persistence_entropy_h1,4.7766,4.84609,0.052531,-1.3228,no sep,20
amorphous,,001A003.png,4f419d624c951a285879d4b4868332dc,total_persistence_h1,158.0779,160.08211,5.877984,-0.341,no sep,20
amorphous,,001A003.png,4f419d624c951a285879d4b4868332dc,euler_mean,55.1562,36.040625,4.288417,4.4575,SEPARATED,20
amorphous,,001A003.png,4f419d624c951a285879d4b4868332dc,euler_std,175.5157,201.571685,4.687712,-5.5584,SEPARATED,20
amorphous,,001A003.png,4f419d624c951a285879d4b4868332dc,euler_range,612.0,695.7,25.812981,-3.2426,SEPARATED,20
amorphous,,001A003.png,4f419d624c951a285879d4b4868332dc,bilateral_symmetry,0.837,0.852215,0.00603,-2.5232,MARGINAL,20
amorphous,,001A003.png,4f419d624c951a285879d4b4868332dc,f_dim,1.9341,1.96373,0.002382,-12.44,SEPARATED,20
amorphous,,001A003.png,4f419d624c951a285879d4b4868332dc,lacunarity_mean,1.6578,1.413635,0.015559,15.6926,SEPARATED,20
amorphous,,001A003.png,4f419d624c951a285879d4b4868332dc,multifractal_width,0.3279,0.433225,0.0739,-1.4252,no sep,20
amorphous,,001A003.png,4f419d624c951a285879d4b4868332dc,orientation_coherence,0.4898,0.479935,0.002862,3.4473,SEPARATED,20
amorphous,,001A003.png,4f419d624c951a285879d4b4868332dc,multiscale_entropy_slope,-0.1438,-0.147695,0.003628,1.0735,no sep,20
amorphous,,001A003.png,4f419d624c951a285879d4b4868332dc,junctions,2375.0,2561.9,59.213934,-3.1564,SEPARATED,20
amorphous,,001A003.png,4f419d624c951a285879d4b4868332dc,clustering,0.307556,0.299633,0.00274,2.891,MARGINAL,20
amorphous,,001A003.png,4f419d624c951a285879d4b4868332dc,plateau,0.848842,0.830302,0.008899,2.0834,MARGINAL,20
amorphous,,001A003.png,4f419d624c951a285879d4b4868332dc,entropy,7.3606,7.3606,0.0,0.0,no sep,20
amorphous,,001A003.png,4f419d624c951a285879d4b4868332dc,forbidden_coverage,0.0,0.0,0.0,0.0,no sep,20
amorphous,,001A003.png,4f419d624c951a285879d4b4868332dc,tau_ratio_score,0.0,0.0,0.0,0.0,no sep,20
amorphous,,001A001.png.png,7728dcaa1412ad71481de0787806312b,betti_0,599.0,599.0,0.0,0.0,no sep,20
amorphous,,001A001.png.png,7728dcaa1412ad71481de0787806312b,betti_1,76.0,97.05,11.880551,-1.7718,no sep,20
amorphous,,001A001.png.png,7728dcaa1412ad71481de0787806312b,persistence_entropy_h1,4.4867,4.63584,0.070654,-2.1109,MARGINAL,20
amorphous,,001A001.png.png,7728dcaa1412ad71481de0787806312b,total_persistence_h1,131.7821,145.106195,7.758255,-1.7174,no sep,20
amorphous,,001A001.png.png,7728dcaa1412ad71481de0787806312b,euler_mean,332.7812,282.37969,28.405479,1.7744,no sep,20
amorphous,,001A001.png.png,7728dcaa1412ad71481de0787806312b,euler_std,833.7798,898.662985,15.690509,-4.1352,SEPARATED,20
amorphous,,001A001.png.png,7728dcaa1412ad71481de0787806312b,euler_range,2999.0,3307.65,82.564687,-3.7383,SEPARATED,20
amorphous,,001A001.png.png,7728dcaa1412ad71481de0787806312b,bilateral_symmetry,0.7918,0.80765,0.005079,-3.1207,SEPARATED,20
amorphous,,001A001.png.png,7728dcaa1412ad71481de0787806312b,f_dim,1.997,1.99796,0.000296,-3.2472,SEPARATED,20
amorphous,,001A001.png.png,7728dcaa1412ad71481de0787806312b,lacunarity_mean,1.1464,1.132735,0.003048,4.484,SEPARATED,20
amorphous,,001A001.png.png,7728dcaa1412ad71481de0787806312b,multifractal_width,0.2642,0.275375,0.013195,-0.8469,no sep,20
amorphous,,001A001.png.png,7728dcaa1412ad71481de0787806312b,orientation_coherence,0.3502,0.334345,0.006801,2.3313,MARGINAL,20
amorphous,,001A001.png.png,7728dcaa1412ad71481de0787806312b,multiscale_entropy_slope,-0.3353,-0.34534,0.006988,1.4368,no sep,20
amorphous,,001A001.png.png,7728dcaa1412ad71481de0787806312b,junctions,10274.0,9681.0,503.687502,1.1773,no sep,20
amorphous,,001A001.png.png,7728dcaa1412ad71481de0787806312b,clustering,0.270359,0.274963,0.002743,-1.6789,no sep,20
amorphous,,001A001.png.png,7728dcaa1412ad71481de0787806312b,plateau,0.809227,0.811519,0.006306,-0.3634,no sep,20
amorphous,,001A001.png.png,7728dcaa1412ad71481de0787806312b,entropy,7.3946,7.3946,0.0,0.0,no sep,20
amorphous,,001A001.png.png,7728dcaa1412ad71481de0787806312b,forbidden_coverage,0.0089,0.013555,0.006365,-0.7314,no sep,20
amorphous,,001A001.png.png,7728dcaa1412ad71481de0787806312b,tau_ratio_score,0.0,0.0,0.0,0.0,no sep,20
coral (bleached),,001B316.jpg,dbd243a1de4a522aefc304253dde7b0a,betti_0,599.0,599.0,0.0,0.0,no sep,20
coral (bleached),,001B316.jpg,dbd243a1de4a522aefc304253dde7b0a,betti_1,67.0,78.4,16.647522,-0.6848,no sep,20
coral (bleached),,001B316.jpg,dbd243a1de4a522aefc304253dde7b0a,persistence_entropy_h1,4.2662,4.542645,0.099507,-2.7782,MARGINAL,20
coral (bleached),,001B316.jpg,dbd243a1de4a522aefc304253dde7b0a,total_persistence_h1,110.9074,138.638955,11.468688,-2.418,MARGINAL,20
coral (bleached),,001B316.jpg,dbd243a1de4a522aefc304253dde7b0a,euler_mean,11.4062,12.99063,3.463495,-0.4575,no sep,20
coral (bleached),,001B316.jpg,dbd243a1de4a522aefc304253dde7b0a,euler_std,25.5145,41.86013,4.060046,-4.026,SEPARATED,20
coral (bleached),,001B316.jpg,dbd243a1de4a522aefc304253dde7b0a,euler_range,84.0,152.0,23.332381,-2.9144,MARGINAL,20
coral (bleached),,001B316.jpg,dbd243a1de4a522aefc304253dde7b0a,bilateral_symmetry,0.8937,0.893345,0.005553,0.0639,no sep,20
coral (bleached),,001B316.jpg,dbd243a1de4a522aefc304253dde7b0a,f_dim,1.6845,1.72608,0.025323,-1.642,no sep,20
coral (bleached),,001B316.jpg,dbd243a1de4a522aefc304253dde7b0a,lacunarity_mean,4.5967,3.63354,0.370292,2.6011,MARGINAL,20
coral (bleached),,001B316.jpg,dbd243a1de4a522aefc304253dde7b0a,multifractal_width,0.6349,0.72504,0.092432,-0.9752,no sep,20
coral (bleached),,001B316.jpg,dbd243a1de4a522aefc304253dde7b0a,orientation_coherence,0.4877,0.41515,0.002475,29.3158,SEPARATED,20
coral (bleached),,001B316.jpg,dbd243a1de4a522aefc304253dde7b0a,multiscale_entropy_slope,-0.0518,-0.04732,0.005046,-0.8879,no sep,20
coral (bleached),,001B316.jpg,dbd243a1de4a522aefc304253dde7b0a,junctions,1376.0,1802.45,71.332654,-5.9783,SEPARATED,20
coral (bleached),,001B316.jpg,dbd243a1de4a522aefc304253dde7b0a,clustering,0.29094,0.287938,0.003498,0.8583,no sep,20
coral (bleached),,001B316.jpg,dbd243a1de4a522aefc304253dde7b0a,plateau,0.827035,0.815323,0.011075,1.0575,no sep,20
coral (bleached),,001B316.jpg,dbd243a1de4a522aefc304253dde7b0a,entropy,7.2843,7.2843,0.0,0.0,no sep,20
coral (bleached),,001B316.jpg,dbd243a1de4a522aefc304253dde7b0a,forbidden_coverage,0.1422,0.00022,0.000959,148.0566,SEPARATED,20
coral (bleached),,001B316.jpg,dbd243a1de4a522aefc304253dde7b0a,tau_ratio_score,0.0,0.0,0.0,0.0,no sep,20
coral (bleached),,001B482.jpg,ebae5076585fe2df751653c7c4fa7ff0,betti_0,599.0,599.0,0.0,0.0,no sep,20
coral (bleached),,001B482.jpg,ebae5076585fe2df751653c7c4fa7ff0,betti_1,122.0,143.3,7.753064,-2.7473,MARGINAL,20
coral (bleached),,001B482.jpg,ebae5076585fe2df751653c7c4fa7ff0,persistence_entropy_h1,4.7841,4.89642,0.046704,-2.4049,MARGINAL,20
coral (bleached),,001B482.jpg,ebae5076585fe2df751653c7c4fa7ff0,total_persistence_h1,144.1613,161.13546,6.557821,-2.5884,MARGINAL,20
coral (bleached),,001B482.jpg,ebae5076585fe2df751653c7c4fa7ff0,euler_mean,32.0312,1.337495,6.515097,4.7112,SEPARATED,20
coral (bleached),,001B482.jpg,ebae5076585fe2df751653c7c4fa7ff0,euler_std,156.7188,154.296145,6.727127,0.3601,no sep,20
coral (bleached),,001B482.jpg,ebae5076585fe2df751653c7c4fa7ff0,euler_range,517.0,494.45,26.346679,0.8559,no sep,20
coral (bleached),,001B482.jpg,ebae5076585fe2df751653c7c4fa7ff0,bilateral_symmetry,0.8249,0.821075,0.01126,0.3397,no sep,20
coral (bleached),,001B482.jpg,ebae5076585fe2df751653c7c4fa7ff0,f_dim,1.9636,1.9916,0.003114,-8.9916,SEPARATED,20
coral (bleached),,001B482.jpg,ebae5076585fe2df751653c7c4fa7ff0,lacunarity_mean,1.3669,1.17803,0.016067,11.7552,SEPARATED,20
coral (bleached),,001B482.jpg,ebae5076585fe2df751653c7c4fa7ff0,multifractal_width,0.7675,0.706355,0.23927,0.2555,no sep,20
coral (bleached),,001B482.jpg,ebae5076585fe2df751653c7c4fa7ff0,orientation_coherence,0.4353,0.390815,0.002508,17.7398,SEPARATED,20
coral (bleached),,001B482.jpg,ebae5076585fe2df751653c7c4fa7ff0,multiscale_entropy_slope,-0.0871,-0.093345,0.004154,1.5035,no sep,20
coral (bleached),,001B482.jpg,ebae5076585fe2df751653c7c4fa7ff0,junctions,5106.0,5607.75,168.530672,-2.9772,MARGINAL,20
coral (bleached),,001B482.jpg,ebae5076585fe2df751653c7c4fa7ff0,clustering,0.27595,0.275199,0.002095,0.3583,no sep,20
coral (bleached),,001B482.jpg,ebae5076585fe2df751653c7c4fa7ff0,plateau,0.808265,0.798536,0.006742,1.443,no sep,20
coral (bleached),,001B482.jpg,ebae5076585fe2df751653c7c4fa7ff0,entropy,7.6711,7.6711,0.0,0.0,no sep,20
coral (bleached),,001B482.jpg,ebae5076585fe2df751653c7c4fa7ff0,forbidden_coverage,0.36,0.005095,0.00617,57.5229,SEPARATED,20
coral (bleached),,001B482.jpg,ebae5076585fe2df751653c7c4fa7ff0,tau_ratio_score,0.0,0.0,0.0,0.0,no sep,20
coral (bleached),,001B391.jpg,01fa08752ca6c201c918068e605b76a3,betti_0,599.0,599.0,0.0,0.0,no sep,20
coral (bleached),,001B391.jpg,01fa08752ca6c201c918068e605b76a3,betti_1,79.0,88.25,13.615708,-0.6794,no sep,20
coral (bleached),,001B391.jpg,01fa08752ca6c201c918068e605b76a3,persistence_entropy_h1,4.5582,4.63364,0.094953,-0.7945,no sep,20
coral (bleached),,001B391.jpg,01fa08752ca6c201c918068e605b76a3,total_persistence_h1,140.6597,147.5348,7.131007,-0.9641,no sep,20
coral (bleached),,001B391.jpg,01fa08752ca6c201c918068e605b76a3,euler_mean,6.4688,18.545325,2.835001,-4.2598,SEPARATED,20
coral (bleached),,001B391.jpg,01fa08752ca6c201c918068e605b76a3,euler_std,60.4069,68.43874,3.22384,-2.4914,MARGINAL,20
coral (bleached),,001B391.jpg,01fa08752ca6c201c918068e605b76a3,euler_range,212.0,264.85,27.82135,-1.8996,no sep,20
coral (bleached),,001B391.jpg,01fa08752ca6c201c918068e605b76a3,bilateral_symmetry,0.7514,0.735105,0.041618,0.3915,no sep,20
coral (bleached),,001B391.jpg,01fa08752ca6c201c918068e605b76a3,f_dim,1.886,1.92013,0.009892,-3.4501,SEPARATED,20
coral (bleached),,001B391.jpg,01fa08752ca6c201c918068e605b76a3,lacunarity_mean,1.924,1.641595,0.060538,4.6649,SEPARATED,20
coral (bleached),,001B391.jpg,01fa08752ca6c201c918068e605b76a3,multifractal_width,0.332,0.43819,0.067398,-1.5756,no sep,20
coral (bleached),,001B391.jpg,01fa08752ca6c201c918068e605b76a3,orientation_coherence,0.5152,0.44999,0.002702,24.1371,SEPARATED,20
coral (bleached),,001B391.jpg,01fa08752ca6c201c918068e605b76a3,multiscale_entropy_slope,-0.0469,-0.03486,0.004909,-2.4529,MARGINAL,20
coral (bleached),,001B391.jpg,01fa08752ca6c201c918068e605b76a3,junctions,3049.0,3828.45,133.565143,-5.8357,SEPARATED,20
coral (bleached),,001B391.jpg,01fa08752ca6c201c918068e605b76a3,clustering,0.280602,0.279471,0.002124,0.5324,no sep,20
coral (bleached),,001B391.jpg,01fa08752ca6c201c918068e605b76a3,plateau,0.810102,0.804669,0.006188,0.878,no sep,20
coral (bleached),,001B391.jpg,01fa08752ca6c201c918068e605b76a3,entropy,7.7274,7.7274,0.0,0.0,no sep,20
coral (bleached),,001B391.jpg,01fa08752ca6c201c918068e605b76a3,forbidden_coverage,0.4889,0.008875,0.006442,74.5171,SEPARATED,20
coral (bleached),,001B391.jpg,01fa08752ca6c201c918068e605b76a3,tau_ratio_score,0.0,0.0,0.0,0.0,no sep,20
coral (bleached),,001B286.jpg,ce5c6fb73de0703404c9ca994db4499a,betti_0,599.0,599.0,0.0,0.0,no sep,20
coral (bleached),,001B286.jpg,ce5c6fb73de0703404c9ca994db4499a,betti_1,124.0,102.7,20.285709,1.05,no sep,20
coral (bleached),,001B286.jpg,ce5c6fb73de0703404c9ca994db4499a,persistence_entropy_h1,4.8053,4.7665,0.070982,0.5466,no sep,20
coral (bleached),,001B286.jpg,ce5c6fb73de0703404c9ca994db4499a,total_persistence_h1,146.3946,147.643965,7.913728,-0.1579,no sep,20
coral (bleached),,001B286.jpg,ce5c6fb73de0703404c9ca994db4499a,euler_mean,11.125,32.931255,2.463921,-8.8502,SEPARATED,20
coral (bleached),,001B286.jpg,ce5c6fb73de0703404c9ca994db4499a,euler_std,59.6646,67.63178,4.862019,-1.6387,no sep,20
coral (bleached),,001B286.jpg,ce5c6fb73de0703404c9ca994db4499a,euler_range,231.0,259.25,27.274301,-1.0358,no sep,20
coral (bleached),,001B286.jpg,ce5c6fb73de0703404c9ca994db4499a,bilateral_symmetry,0.8096,0.824755,0.006333,-2.3929,MARGINAL,20
coral (bleached),,001B286.jpg,ce5c6fb73de0703404c9ca994db4499a,f_dim,1.8849,1.917095,0.014407,-2.2347,MARGINAL,20
coral (bleached),,001B286.jpg,ce5c6fb73de0703404c9ca994db4499a,lacunarity_mean,1.9474,1.679195,0.096723,2.7729,MARGINAL,20
coral (bleached),,001B286.jpg,ce5c6fb73de0703404c9ca994db4499a,multifractal_width,0.2883,0.347125,0.041706,-1.4105,no sep,20
coral (bleached),,001B286.jpg,ce5c6fb73de0703404c9ca994db4499a,orientation_coherence,0.5111,0.44317,0.004036,16.8301,SEPARATED,20
coral (bleached),,001B286.jpg,ce5c6fb73de0703404c9ca994db4499a,multiscale_entropy_slope,-0.0519,-0.052045,0.00474,0.0306,no sep,20
coral (bleached),,001B286.jpg,ce5c6fb73de0703404c9ca994db4499a,junctions,2992.0,4123.55,176.716857,-6.4032,SEPARATED,20
coral (bleached),,001B286.jpg,ce5c6fb73de0703404c9ca994db4499a,clustering,0.287619,0.279581,0.001959,4.1028,SEPARATED,20
coral (bleached),,001B286.jpg,ce5c6fb73de0703404c9ca994db4499a,plateau,0.812166,0.803305,0.00453,1.9561,no sep,20
coral (bleached),,001B286.jpg,ce5c6fb73de0703404c9ca994db4499a,entropy,7.582,7.582,0.0,0.0,no sep,20
coral (bleached),,001B286.jpg,ce5c6fb73de0703404c9ca994db4499a,forbidden_coverage,0.3778,0.01422,0.009708,37.4503,SEPARATED,20
coral (bleached),,001B286.jpg,ce5c6fb73de0703404c9ca994db4499a,tau_ratio_score,0.0,0.0,0.0,0.0,no sep,20
coral (bleached),,001B271.jpg,db594825d30096d290e09bed1c0eb540,betti_0,599.0,578.0,50.900884,0.4126,no sep,20
coral (bleached),,001B271.jpg,db594825d30096d290e09bed1c0eb540,betti_1,76.0,81.7,20.804086,-0.274,no sep,20
coral (bleached),,001B271.jpg,db594825d30096d290e09bed1c0eb540,persistence_entropy_h1,4.5043,4.59459,0.120962,-0.7464,no sep,20
coral (bleached),,001B271.jpg,db594825d30096d290e09bed1c0eb540,total_persistence_h1,121.6842,143.39213,9.783652,-2.2188,MARGINAL,20
coral (bleached),,001B271.jpg,db594825d30096d290e09bed1c0eb540,euler_mean,25.1562,16.10783,1.401359,6.4569,SEPARATED,20
coral (bleached),,001B271.jpg,db594825d30096d290e09bed1c0eb540,euler_std,27.4558,34.695595,3.263207,-2.2186,MARGINAL,20
coral (bleached),,001B271.jpg,db594825d30096d290e09bed1c0eb540,euler_range,99.0,141.35,18.660855,-2.2695,MARGINAL,20
coral (bleached),,001B271.jpg,db594825d30096d290e09bed1c0eb540,bilateral_symmetry,0.8803,0.82349,0.034906,1.6275,no sep,20
coral (bleached),,001B271.jpg,db594825d30096d290e09bed1c0eb540,f_dim,1.6716,1.73295,0.016439,-3.7319,SEPARATED,20
coral (bleached),,001B271.jpg,db594825d30096d290e09bed1c0eb540,lacunarity_mean,4.6081,3.590645,0.254677,3.9951,SEPARATED,20
coral (bleached),,001B271.jpg,db594825d30096d290e09bed1c0eb540,multifractal_width,0.5085,0.555735,0.051496,-0.9173,no sep,20
coral (bleached),,001B271.jpg,db594825d30096d290e09bed1c0eb540,orientation_coherence,0.5311,0.46265,0.003226,21.2168,SEPARATED,20
coral (bleached),,001B271.jpg,db594825d30096d290e09bed1c0eb540,multiscale_entropy_slope,-0.0531,-0.049625,0.004137,-0.84,no sep,20
coral (bleached),,001B271.jpg,db594825d30096d290e09bed1c0eb540,junctions,1396.0,1717.05,73.198685,-4.386,SEPARATED,20
coral (bleached),,001B271.jpg,db594825d30096d290e09bed1c0eb540,clustering,0.289239,0.289906,0.003728,-0.1789,no sep,20
coral (bleached),,001B271.jpg,db594825d30096d290e09bed1c0eb540,plateau,0.813037,0.820323,0.007408,-0.9835,no sep,20
coral (bleached),,001B271.jpg,db594825d30096d290e09bed1c0eb540,entropy,7.3648,7.3648,0.0,0.0,no sep,20
coral (bleached),,001B271.jpg,db594825d30096d290e09bed1c0eb540,forbidden_coverage,0.1822,0.00354,0.004346,41.1105,SEPARATED,20
coral (bleached),,001B271.jpg,db594825d30096d290e09bed1c0eb540,tau_ratio_score,0.0,0.0,0.0,0.0,no sep,20
coral (bleached),,001B357.jpg,31703f020f1cc52de4acea98846eaf38,betti_0,599.0,599.0,0.0,0.0,no sep,20
coral (bleached),,001B357.jpg,31703f020f1cc52de4acea98846eaf38,betti_1,68.0,123.55,15.66038,-3.5472,SEPARATED,20
coral (bleached),,001B357.jpg,31703f020f1cc52de4acea98846eaf38,persistence_entropy_h1,4.4273,4.826915,0.050036,-7.9865,SEPARATED,20
coral (bleached),,001B357.jpg,31703f020f1cc52de4acea98846eaf38,total_persistence_h1,122.1968,157.769515,6.468466,-5.4994,SEPARATED,20
coral (bleached),,001B357.jpg,31703f020f1cc52de4acea98846eaf38,euler_mean,15.4688,8.4672,2.458702,2.8477,MARGINAL,20
coral (bleached),,001B357.jpg,31703f020f1cc52de4acea98846eaf38,euler_std,32.3042,60.122835,2.763983,-10.0647,SEPARATED,20
coral (bleached),,001B357.jpg,31703f020f1cc52de4acea98846eaf38,euler_range,128.0,219.1,15.290193,-5.9581,SEPARATED,20
coral (bleached),,001B357.jpg,31703f020f1cc52de4acea98846eaf38,bilateral_symmetry,0.8233,0.846745,0.017148,-1.3672,no sep,20
coral (bleached),,001B357.jpg,31703f020f1cc52de4acea98846eaf38,f_dim,1.6927,1.914865,0.004572,-48.5913,SEPARATED,20
coral (bleached),,001B357.jpg,31703f020f1cc52de4acea98846eaf38,lacunarity_mean,4.1836,1.718235,0.033712,73.1301,SEPARATED,20
coral (bleached),,001B357.jpg,31703f020f1cc52de4acea98846eaf38,multifractal_width,0.467,0.583975,0.081375,-1.4375,no sep,20
coral (bleached),,001B357.jpg,31703f020f1cc52de4acea98846eaf38,orientation_coherence,0.6134,0.55419,0.002089,28.3405,SEPARATED,20
coral (bleached),,001B357.jpg,31703f020f1cc52de4acea98846eaf38,multiscale_entropy_slope,-0.047,-0.04135,0.003115,-1.8138,no sep,20
coral (bleached),,001B357.jpg,31703f020f1cc52de4acea98846eaf38,junctions,1679.0,2583.3,73.023352,-12.3837,SEPARATED,20
coral (bleached),,001B357.jpg,31703f020f1cc52de4acea98846eaf38,clustering,0.279929,0.29057,0.003654,-2.9125,MARGINAL,20
coral (bleached),,001B357.jpg,31703f020f1cc52de4acea98846eaf38,plateau,0.811197,0.824174,0.009695,-1.3384,no sep,20
coral (bleached),,001B357.jpg,31703f020f1cc52de4acea98846eaf38,entropy,7.3548,7.3548,0.0,0.0,no sep,20
coral (bleached),,001B357.jpg,31703f020f1cc52de4acea98846eaf38,forbidden_coverage,0.6533,0.00732,0.007065,91.4335,SEPARATED,20
coral (bleached),,001B357.jpg,31703f020f1cc52de4acea98846eaf38,tau_ratio_score,0.0,0.0,0.0,0.0,no sep,20
coral (bleached),,001B295.jpg,bd5f943e247f791266206f48d2842b46,betti_0,599.0,556.05,109.54701,0.3921,no sep,20
coral (bleached),,001B295.jpg,bd5f943e247f791266206f48d2842b46,betti_1,52.0,64.8,21.602315,-0.5925,no sep,20
coral (bleached),,001B295.jpg,bd5f943e247f791266206f48d2842b46,persistence_entropy_h1,4.0868,4.563885,0.101909,-4.6815,SEPARATED,20
coral (bleached),,001B295.jpg,bd5f943e247f791266206f48d2842b46,total_persistence_h1,92.5769,129.52717,13.111644,-2.8181,MARGINAL,20
coral (bleached),,001B295.jpg,bd5f943e247f791266206f48d2842b46,euler_mean,29.6562,23.670315,4.80417,1.246,no sep,20
coral (bleached),,001B295.jpg,bd5f943e247f791266206f48d2842b46,euler_std,56.5529,50.21172,8.071297,0.7856,no sep,20
coral (bleached),,001B295.jpg,bd5f943e247f791266206f48d2842b46,euler_range,283.0,225.05,45.696253,1.2682,no sep,20
coral (bleached),,001B295.jpg,bd5f943e247f791266206f48d2842b46,bilateral_symmetry,0.8896,0.885595,0.008277,0.4839,no sep,20
coral (bleached),,001B295.jpg,bd5f943e247f791266206f48d2842b46,f_dim,1.7444,1.84753,0.021287,-4.8447,SEPARATED,20
coral (bleached),,001B295.jpg,bd5f943e247f791266206f48d2842b46,lacunarity_mean,3.2945,2.1748,0.198221,5.6487,SEPARATED,20
coral (bleached),,001B295.jpg,bd5f943e247f791266206f48d2842b46,multifractal_width,0.3793,0.389115,0.050369,-0.1949,no sep,20
coral (bleached),,001B295.jpg,bd5f943e247f791266206f48d2842b46,orientation_coherence,0.5497,0.38914,0.004618,34.7646,SEPARATED,20
coral (bleached),,001B295.jpg,bd5f943e247f791266206f48d2842b46,multiscale_entropy_slope,-0.0555,-0.036785,0.006137,-3.0496,SEPARATED,20
coral (bleached),,001B295.jpg,bd5f943e247f791266206f48d2842b46,junctions,2011.0,3445.15,247.747306,-5.7888,SEPARATED,20
coral (bleached),,001B295.jpg,bd5f943e247f791266206f48d2842b46,clustering,0.283496,0.27422,0.002306,4.0224,SEPARATED,20
coral (bleached),,001B295.jpg,bd5f943e247f791266206f48d2842b46,plateau,0.810542,0.792408,0.00695,2.6092,MARGINAL,20
coral (bleached),,001B295.jpg,bd5f943e247f791266206f48d2842b46,entropy,7.267,7.267,0.0,0.0,no sep,20
coral (bleached),,001B295.jpg,bd5f943e247f791266206f48d2842b46,forbidden_coverage,0.4622,0.00155,0.002902,158.7269,SEPARATED,20
coral (bleached),,001B295.jpg,bd5f943e247f791266206f48d2842b46,tau_ratio_score,0.0,0.0,0.0,0.0,no sep,20
coral (bleached),,001B135.jpg,6d81493433575bfdb68aaca6d7826792,betti_0,599.0,599.0,0.0,0.0,no sep,20
coral (bleached),,001B135.jpg,6d81493433575bfdb68aaca6d7826792,betti_1,102.0,137.15,10.051244,-3.4971,SEPARATED,20
coral (bleached),,001B135.jpg,6d81493433575bfdb68aaca6d7826792,persistence_entropy_h1,4.7291,4.86525,0.050798,-2.6802,MARGINAL,20
coral (bleached),,001B135.jpg,6d81493433575bfdb68aaca6d7826792,total_persistence_h1,135.7952,157.518975,6.023907,-3.6063,SEPARATED,20
coral (bleached),,001B135.jpg,6d81493433575bfdb68aaca6d7826792,euler_mean,-6.0625,-0.993755,9.757019,-0.5195,no sep,20
coral (bleached),,001B135.jpg,6d81493433575bfdb68aaca6d7826792,euler_std,130.601,299.81103,5.828441,-29.0318,SEPARATED,20
coral (bleached),,001B135.jpg,6d81493433575bfdb68aaca6d7826792,euler_range,413.0,898.8,28.505438,-17.0424,SEPARATED,20
coral (bleached),,001B135.jpg,6d81493433575bfdb68aaca6d7826792,bilateral_symmetry,0.8473,0.83224,0.00451,3.3389,SEPARATED,20
coral (bleached),,001B135.jpg,6d81493433575bfdb68aaca6d7826792,f_dim,1.8572,1.97931,0.0009,-135.6862,SEPARATED,20
coral (bleached),,001B135.jpg,6d81493433575bfdb68aaca6d7826792,lacunarity_mean,2.0771,1.290465,0.005139,153.0717,SEPARATED,20
coral (bleached),,001B135.jpg,6d81493433575bfdb68aaca6d7826792,multifractal_width,0.9131,1.41596,0.316843,-1.5871,no sep,20
coral (bleached),,001B135.jpg,6d81493433575bfdb68aaca6d7826792,orientation_coherence,0.4757,0.384865,0.002893,31.4023,SEPARATED,20
coral (bleached),,001B135.jpg,6d81493433575bfdb68aaca6d7826792,multiscale_entropy_slope,-0.1441,-0.116315,0.003517,-7.9012,SEPARATED,20
coral (bleached),,001B135.jpg,6d81493433575bfdb68aaca6d7826792,junctions,2960.0,4731.85,230.926455,-7.6728,SEPARATED,20
coral (bleached),,001B135.jpg,6d81493433575bfdb68aaca6d7826792,clustering,0.279092,0.282971,0.002623,-1.4788,no sep,20
coral (bleached),,001B135.jpg,6d81493433575bfdb68aaca6d7826792,plateau,0.804392,0.814389,0.006503,-1.5373,no sep,20
coral (bleached),,001B135.jpg,6d81493433575bfdb68aaca6d7826792,entropy,7.2746,7.2746,0.0,0.0,no sep,20
coral (bleached),,001B135.jpg,6d81493433575bfdb68aaca6d7826792,forbidden_coverage,0.32,0.04799,0.018145,14.9907,SEPARATED,20
coral (bleached),,001B135.jpg,6d81493433575bfdb68aaca6d7826792,tau_ratio_score,0.0,0.0,0.0,0.0,no sep,20
coral (bleached),,001B017.jpg,5c6b9c45ea0445e9cd3fd20cd433ea01,betti_0,599.0,599.0,0.0,0.0,no sep,20
coral (bleached),,001B017.jpg,5c6b9c45ea0445e9cd3fd20cd433ea01,betti_1,93.0,124.8,8.96995,-3.5452,SEPARATED,20
coral (bleached),,001B017.jpg,5c6b9c45ea0445e9cd3fd20cd433ea01,persistence_entropy_h1,4.5375,4.787615,0.028657,-8.7277,SEPARATED,20
coral (bleached),,001B017.jpg,5c6b9c45ea0445e9cd3fd20cd433ea01,total_persistence_h1,124.3911,154.06937,5.227051,-5.6778,SEPARATED,20
coral (bleached),,001B017.jpg,5c6b9c45ea0445e9cd3fd20cd433ea01,euler_mean,13.2812,29.6375,4.92553,-3.3207,SEPARATED,20
coral (bleached),,001B017.jpg,5c6b9c45ea0445e9cd3fd20cd433ea01,euler_std,95.7207,127.042605,5.668544,-5.5256,SEPARATED,20
coral (bleached),,001B017.jpg,5c6b9c45ea0445e9cd3fd20cd433ea01,euler_range,403.0,415.65,30.343492,-0.4169,no sep,20
coral (bleached),,001B017.jpg,5c6b9c45ea0445e9cd3fd20cd433ea01,bilateral_symmetry,0.8454,0.83179,0.005945,2.2892,MARGINAL,20
coral (bleached),,001B017.jpg,5c6b9c45ea0445e9cd3fd20cd433ea01,f_dim,1.877,1.982425,0.003073,-34.3095,SEPARATED,20
coral (bleached),,001B017.jpg,5c6b9c45ea0445e9cd3fd20cd433ea01,lacunarity_mean,1.9694,1.254,0.021176,33.7833,SEPARATED,20
coral (bleached),,001B017.jpg,5c6b9c45ea0445e9cd3fd20cd433ea01,multifractal_width,2.3919,2.27224,0.280678,0.4263,no sep,20
coral (bleached),,001B017.jpg,5c6b9c45ea0445e9cd3fd20cd433ea01,orientation_coherence,0.4511,0.37901,0.002177,33.1159,SEPARATED,20
coral (bleached),,001B017.jpg,5c6b9c45ea0445e9cd3fd20cd433ea01,multiscale_entropy_slope,-0.0956,-0.080015,0.004838,-3.2215,SEPARATED,20
coral (bleached),,001B017.jpg,5c6b9c45ea0445e9cd3fd20cd433ea01,junctions,3280.0,4972.3,166.369799,-10.1719,SEPARATED,20
coral (bleached),,001B017.jpg,5c6b9c45ea0445e9cd3fd20cd433ea01,clustering,0.280589,0.278963,0.001998,0.8142,no sep,20
coral (bleached),,001B017.jpg,5c6b9c45ea0445e9cd3fd20cd433ea01,plateau,0.807317,0.804271,0.007542,0.4039,no sep,20
coral (bleached),,001B017.jpg,5c6b9c45ea0445e9cd3fd20cd433ea01,entropy,7.3608,7.3608,0.0,0.0,no sep,20
coral (bleached),,001B017.jpg,5c6b9c45ea0445e9cd3fd20cd433ea01,forbidden_coverage,0.3867,0.03091,0.008257,43.0911,SEPARATED,20
coral (bleached),,001B017.jpg,5c6b9c45ea0445e9cd3fd20cd433ea01,tau_ratio_score,0.0,0.0,0.0,0.0,no sep,20
coral (bleached),,001B429.jpg,4c454f0c9d547688dd659a8d25917b9e,betti_0,599.0,599.0,0.0,0.0,no sep,20
coral (bleached),,001B429.jpg,4c454f0c9d547688dd659a8d25917b9e,betti_1,114.0,138.55,8.958097,-2.7405,MARGINAL,20
coral (bleached),,001B429.jpg,4c454f0c9d547688dd659a8d25917b9e,persistence_entropy_h1,4.7924,4.872515,0.035491,-2.2574,MARGINAL,20
coral (bleached),,001B429.jpg,4c454f0c9d547688dd659a8d25917b9e,total_persistence_h1,146.0757,158.73173,6.438413,-1.9657,no sep,20
coral (bleached),,001B429.jpg,4c454f0c9d547688dd659a8d25917b9e,euler_mean,22.7188,20.074995,3.605746,0.7332,no sep,20
coral (bleached),,001B429.jpg,4c454f0c9d547688dd659a8d25917b9e,euler_std,75.4529,128.035505,4.703647,-11.1791,SEPARATED,20
coral (bleached),,001B429.jpg,4c454f0c9d547688dd659a8d25917b9e,euler_range,245.0,406.45,27.196461,-5.9364,SEPARATED,20
coral (bleached),,001B429.jpg,4c454f0c9d547688dd659a8d25917b9e,bilateral_symmetry,0.8419,0.83348,0.004979,1.691,no sep,20
coral (bleached),,001B429.jpg,4c454f0c9d547688dd659a8d25917b9e,f_dim,1.8767,1.98101,0.001542,-67.6298,SEPARATED,20
coral (bleached),,001B429.jpg,4c454f0c9d547688dd659a8d25917b9e,lacunarity_mean,1.9849,1.26956,0.008671,82.4946,SEPARATED,20
coral (bleached),,001B429.jpg,4c454f0c9d547688dd659a8d25917b9e,multifractal_width,0.6298,0.72327,0.02504,-3.7328,SEPARATED,20
coral (bleached),,001B429.jpg,4c454f0c9d547688dd659a8d25917b9e,orientation_coherence,0.4808,0.404965,0.002228,34.0328,SEPARATED,20
coral (bleached),,001B429.jpg,4c454f0c9d547688dd659a8d25917b9e,multiscale_entropy_slope,-0.0787,-0.08053,0.003203,0.5714,no sep,20
coral (bleached),,001B429.jpg,4c454f0c9d547688dd659a8d25917b9e,junctions,3064.0,4684.1,111.853878,-14.4841,SEPARATED,20
coral (bleached),,001B429.jpg,4c454f0c9d547688dd659a8d25917b9e,clustering,0.288512,0.281153,0.002167,3.3952,SEPARATED,20
coral (bleached),,001B429.jpg,4c454f0c9d547688dd659a8d25917b9e,plateau,0.80842,0.807924,0.004127,0.1203,no sep,20
coral (bleached),,001B429.jpg,4c454f0c9d547688dd659a8d25917b9e,entropy,7.5089,7.5089,0.0,0.0,no sep,20
coral (bleached),,001B429.jpg,4c454f0c9d547688dd659a8d25917b9e,forbidden_coverage,0.2844,0.00044,0.00132,215.1212,SEPARATED,20
coral (bleached),,001B429.jpg,4c454f0c9d547688dd659a8d25917b9e,tau_ratio_score,0.0,0.0,0.0,0.0,no sep,20
coral (bleached),,001B143.jpg,2ea26279b6071a3fbf954519a7d07047,betti_0,599.0,599.0,0.0,0.0,no sep,20
coral (bleached),,001B143.jpg,2ea26279b6071a3fbf954519a7d07047,betti_1,68.0,97.05,13.317188,-2.1814,MARGINAL,20
coral (bleached),,001B143.jpg,2ea26279b6071a3fbf954519a7d07047,persistence_entropy_h1,4.4839,4.67298,0.073852,-2.5602,MARGINAL,20
coral (bleached),,001B143.jpg,2ea26279b6071a3fbf954519a7d07047,total_persistence_h1,110.2122,141.831935,7.06217,-4.4773,SEPARATED,20
coral (bleached),,001B143.jpg,2ea26279b6071a3fbf954519a7d07047,euler_mean,61.0,53.28593,4.085427,1.8882,no sep,20
coral (bleached),,001B143.jpg,2ea26279b6071a3fbf954519a7d07047,euler_std,57.8997,91.03313,12.132592,-2.7309,MARGINAL,20
coral (bleached),,001B143.jpg,2ea26279b6071a3fbf954519a7d07047,euler_range,217.0,344.6,54.47146,-2.3425,MARGINAL,20
coral (bleached),,001B143.jpg,2ea26279b6071a3fbf954519a7d07047,bilateral_symmetry,0.8438,0.805515,0.030672,1.2482,no sep,20
coral (bleached),,001B143.jpg,2ea26279b6071a3fbf954519a7d07047,f_dim,1.8092,1.84683,0.021871,-1.7205,no sep,20
coral (bleached),,001B143.jpg,2ea26279b6071a3fbf954519a7d07047,lacunarity_mean,2.5668,2.256665,0.181048,1.713,no sep,20
coral (bleached),,001B143.jpg,2ea26279b6071a3fbf954519a7d07047,multifractal_width,0.4897,0.64971,0.044407,-3.6033,SEPARATED,20
coral (bleached),,001B143.jpg,2ea26279b6071a3fbf954519a7d07047,orientation_coherence,0.5015,0.465425,0.00365,9.8834,SEPARATED,20
coral (bleached),,001B143.jpg,2ea26279b6071a3fbf954519a7d07047,multiscale_entropy_slope,-0.0327,-0.04562,0.009186,1.4064,no sep,20
coral (bleached),,001B143.jpg,2ea26279b6071a3fbf954519a7d07047,junctions,3792.0,3827.95,185.954961,-0.1933,no sep,20
coral (bleached),,001B143.jpg,2ea26279b6071a3fbf954519a7d07047,clustering,0.275522,0.280707,0.002566,-2.0205,MARGINAL,20
coral (bleached),,001B143.jpg,2ea26279b6071a3fbf954519a7d07047,plateau,0.795359,0.803209,0.003992,-1.9667,no sep,20
coral (bleached),,001B143.jpg,2ea26279b6071a3fbf954519a7d07047,entropy,7.2457,7.2457,0.0,0.0,no sep,20
coral (bleached),,001B143.jpg,2ea26279b6071a3fbf954519a7d07047,forbidden_coverage,0.5911,0.134435,0.031108,14.6801,SEPARATED,20
coral (bleached),,001B143.jpg,2ea26279b6071a3fbf954519a7d07047,tau_ratio_score,0.0,0.0,0.0,0.0,no sep,20
coral (bleached),,001B069.jpg,3d9650fedcc2da4e7d70599dc03edcaa,betti_0,599.0,599.0,0.0,0.0,no sep,20
coral (bleached),,001B069.jpg,3d9650fedcc2da4e7d70599dc03edcaa,betti_1,99.0,121.7,11.545995,-1.966,no sep,20
coral (bleached),,001B069.jpg,3d9650fedcc2da4e7d70599dc03edcaa,persistence_entropy_h1,4.6395,4.774125,0.057442,-2.3437,MARGINAL,20
coral (bleached),,001B069.jpg,3d9650fedcc2da4e7d70599dc03edcaa,total_persistence_h1,142.8364,153.37045,6.292316,-1.6741,no sep,20
coral (bleached),,001B069.jpg,3d9650fedcc2da4e7d70599dc03edcaa,euler_mean,12.9062,-2.40157,4.796655,3.1913,SEPARATED,20
coral (bleached),,001B069.jpg,3d9650fedcc2da4e7d70599dc03edcaa,euler_std,90.5661,123.963575,3.96818,-8.4163,SEPARATED,20
coral (bleached),,001B069.jpg,3d9650fedcc2da4e7d70599dc03edcaa,euler_range,360.0,493.9,15.446359,-8.6687,SEPARATED,20
coral (bleached),,001B069.jpg,3d9650fedcc2da4e7d70599dc03edcaa,bilateral_symmetry,0.8868,0.87954,0.007422,0.9782,no sep,20
coral (bleached),,001B069.jpg,3d9650fedcc2da4e7d70599dc03edcaa,f_dim,1.883,1.97135,0.006192,-14.2685,SEPARATED,20
coral (bleached),,001B069.jpg,3d9650fedcc2da4e7d70599dc03edcaa,lacunarity_mean,1.9103,1.323975,0.039069,15.0075,SEPARATED,20
coral (bleached),,001B069.jpg,3d9650fedcc2da4e7d70599dc03edcaa,multifractal_width,0.2104,0.23595,0.019537,-1.3078,no sep,20
coral (bleached),,001B069.jpg,3d9650fedcc2da4e7d70599dc03edcaa,orientation_coherence,0.4503,0.36224,0.002437,36.1363,SEPARATED,20
coral (bleached),,001B069.jpg,3d9650fedcc2da4e7d70599dc03edcaa,multiscale_entropy_slope,-0.0808,-0.08253,0.003338,0.5183,no sep,20
coral (bleached),,001B069.jpg,3d9650fedcc2da4e7d70599dc03edcaa,junctions,2748.0,3779.45,134.430828,-7.6727,SEPARATED,20
coral (bleached),,001B069.jpg,3d9650fedcc2da4e7d70599dc03edcaa,clustering,0.287401,0.282868,0.002388,1.8985,no sep,20
coral (bleached),,001B069.jpg,3d9650fedcc2da4e7d70599dc03edcaa,plateau,0.815138,0.811078,0.006245,0.6502,no sep,20
coral (bleached),,001B069.jpg,3d9650fedcc2da4e7d70599dc03edcaa,entropy,6.9629,6.9629,0.0,0.0,no sep,20
coral (bleached),,001B069.jpg,3d9650fedcc2da4e7d70599dc03edcaa,forbidden_coverage,0.3511,0.072675,0.015985,17.4179,SEPARATED,20
coral (bleached),,001B069.jpg,3d9650fedcc2da4e7d70599dc03edcaa,tau_ratio_score,0.0,0.0,0.0,0.0,no sep,20
coral (bleached),,001B007.jpg,cf66ecf4bba1ee00cbb06234bb27d1a9,betti_0,599.0,599.0,0.0,0.0,no sep,20
coral (bleached),,001B007.jpg,cf66ecf4bba1ee00cbb06234bb27d1a9,betti_1,87.0,103.75,14.912662,-1.1232,no sep,20
coral (bleached),,001B007.jpg,cf66ecf4bba1ee00cbb06234bb27d1a9,persistence_entropy_h1,4.7013,4.713165,0.079231,-0.1498,no sep,20
coral (bleached),,001B007.jpg,cf66ecf4bba1ee00cbb06234bb27d1a9,total_persistence_h1,157.4182,151.24776,6.895123,0.8949,no sep,20
coral (bleached),,001B007.jpg,cf66ecf4bba1ee00cbb06234bb27d1a9,euler_mean,164.2812,74.22969,5.728604,15.7196,SEPARATED,20
coral (bleached),,001B007.jpg,cf66ecf4bba1ee00cbb06234bb27d1a9,euler_std,260.0075,218.82746,13.834912,2.9765,MARGINAL,20
coral (bleached),,001B007.jpg,cf66ecf4bba1ee00cbb06234bb27d1a9,euler_range,851.0,866.3,80.641863,-0.1897,no sep,20
coral (bleached),,001B007.jpg,cf66ecf4bba1ee00cbb06234bb27d1a9,bilateral_symmetry,0.8564,0.85724,0.004613,-0.1821,no sep,20
coral (bleached),,001B007.jpg,cf66ecf4bba1ee00cbb06234bb27d1a9,f_dim,1.9478,1.981955,0.00335,-10.1942,SEPARATED,20
coral (bleached),,001B007.jpg,cf66ecf4bba1ee00cbb06234bb27d1a9,lacunarity_mean,1.4608,1.246065,0.019607,10.9522,SEPARATED,20
coral (bleached),,001B007.jpg,cf66ecf4bba1ee00cbb06234bb27d1a9,multifractal_width,0.2951,0.3949,0.025096,-3.9768,SEPARATED,20
coral (bleached),,001B007.jpg,cf66ecf4bba1ee00cbb06234bb27d1a9,orientation_coherence,0.3641,0.34217,0.003031,7.2352,SEPARATED,20
coral (bleached),,001B007.jpg,cf66ecf4bba1ee00cbb06234bb27d1a9,multiscale_entropy_slope,-0.1161,-0.10139,0.008568,-1.7168,no sep,20
coral (bleached),,001B007.jpg,cf66ecf4bba1ee00cbb06234bb27d1a9,junctions,8368.0,5702.8,98.941195,26.9372,SEPARATED,20
coral (bleached),,001B007.jpg,cf66ecf4bba1ee00cbb06234bb27d1a9,clustering,0.27402,0.285316,0.001733,-6.5186,SEPARATED,20
coral (bleached),,001B007.jpg,cf66ecf4bba1ee00cbb06234bb27d1a9,plateau,0.809751,0.820613,0.004913,-2.2108,MARGINAL,20
coral (bleached),,001B007.jpg,cf66ecf4bba1ee00cbb06234bb27d1a9,entropy,7.1249,7.1249,0.0,0.0,no sep,20
coral (bleached),,001B007.jpg,cf66ecf4bba1ee00cbb06234bb27d1a9,forbidden_coverage,0.0756,0.00265,0.00294,24.8145,SEPARATED,20
coral (bleached),,001B007.jpg,cf66ecf4bba1ee00cbb06234bb27d1a9,tau_ratio_score,0.0,0.0,0.0,0.0,no sep,20
coral (bleached),,001B433.jpg,587cf011a2a1cd5ecfbc4cefd6e8c543,betti_0,599.0,599.0,0.0,0.0,no sep,20
coral (bleached),,001B433.jpg,587cf011a2a1cd5ecfbc4cefd6e8c543,betti_1,59.0,136.1,7.687002,-10.0299,SEPARATED,20
coral (bleached),,001B433.jpg,587cf011a2a1cd5ecfbc4cefd6e8c543,persistence_entropy_h1,4.6738,4.85431,0.039587,-4.5598,SEPARATED,20
coral (bleached),,001B433.jpg,587cf011a2a1cd5ecfbc4cefd6e8c543,total_persistence_h1,148.6756,158.40773,5.449226,-1.786,no sep,20
coral (bleached),,001B433.jpg,587cf011a2a1cd5ecfbc4cefd6e8c543,euler_mean,93.1875,23.84219,5.175324,13.3992,SEPARATED,20
coral (bleached),,001B433.jpg,587cf011a2a1cd5ecfbc4cefd6e8c543,euler_std,140.4912,173.09577,5.342005,-6.1034,SEPARATED,20
coral (bleached),,001B433.jpg,587cf011a2a1cd5ecfbc4cefd6e8c543,euler_range,460.0,624.3,31.799528,-5.1667,SEPARATED,20
coral (bleached),,001B433.jpg,587cf011a2a1cd5ecfbc4cefd6e8c543,bilateral_symmetry,0.8143,0.833645,0.007579,-2.5525,MARGINAL,20
coral (bleached),,001B433.jpg,587cf011a2a1cd5ecfbc4cefd6e8c543,f_dim,1.8717,1.986285,0.000673,-170.195,SEPARATED,20
coral (bleached),,001B433.jpg,587cf011a2a1cd5ecfbc4cefd6e8c543,lacunarity_mean,2.0062,1.23479,0.004498,171.4842,SEPARATED,20
coral (bleached),,001B433.jpg,587cf011a2a1cd5ecfbc4cefd6e8c543,multifractal_width,1.3918,1.790715,0.325719,-1.2247,no sep,20
coral (bleached),,001B433.jpg,587cf011a2a1cd5ecfbc4cefd6e8c543,orientation_coherence,0.4871,0.409745,0.002566,30.1459,SEPARATED,20
coral (bleached),,001B433.jpg,587cf011a2a1cd5ecfbc4cefd6e8c543,multiscale_entropy_slope,-0.1016,-0.096265,0.004609,-1.1574,no sep,20
coral (bleached),,001B433.jpg,587cf011a2a1cd5ecfbc4cefd6e8c543,junctions,4512.0,4777.25,135.394562,-1.9591,no sep,20
coral (bleached),,001B433.jpg,587cf011a2a1cd5ecfbc4cefd6e8c543,clustering,0.277605,0.285461,0.002088,-3.7619,SEPARATED,20
coral (bleached),,001B433.jpg,587cf011a2a1cd5ecfbc4cefd6e8c543,plateau,0.801862,0.812243,0.005327,-1.9487,no sep,20
coral (bleached),,001B433.jpg,587cf011a2a1cd5ecfbc4cefd6e8c543,entropy,7.3804,7.3804,0.0,0.0,no sep,20
coral (bleached),,001B433.jpg,587cf011a2a1cd5ecfbc4cefd6e8c543,forbidden_coverage,0.1022,0.00022,0.000959,106.3446,SEPARATED,20
coral (bleached),,001B433.jpg,587cf011a2a1cd5ecfbc4cefd6e8c543,tau_ratio_score,0.0,0.0,0.0,0.0,no sep,20
coral (bleached),,001B379.jpg,1f0b588c7a05a029ff1b4c59fd013fed,betti_0,599.0,599.0,0.0,0.0,no sep,20
coral (bleached),,001B379.jpg,1f0b588c7a05a029ff1b4c59fd013fed,betti_1,91.0,129.4,11.337548,-3.387,SEPARATED,20
coral (bleached),,001B379.jpg,1f0b588c7a05a029ff1b4c59fd013fed,persistence_entropy_h1,4.7152,4.829875,0.059428,-1.9296,no sep,20
coral (bleached),,001B379.jpg,1f0b588c7a05a029ff1b4c59fd013fed,total_persistence_h1,142.1941,153.77301,7.559334,-1.5317,no sep,20
coral (bleached),,001B379.jpg,1f0b588c7a05a029ff1b4c59fd013fed,euler_mean,39.125,35.90469,3.301193,0.9755,no sep,20
coral (bleached),,001B379.jpg,1f0b588c7a05a029ff1b4c59fd013fed,euler_std,79.2002,126.48947,4.108526,-11.51,SEPARATED,20
coral (bleached),,001B379.jpg,1f0b588c7a05a029ff1b4c59fd013fed,euler_range,345.0,502.35,30.277508,-5.1969,SEPARATED,20
coral (bleached),,001B379.jpg,1f0b588c7a05a029ff1b4c59fd013fed,bilateral_symmetry,0.8541,0.852635,0.004406,0.3325,no sep,20
coral (bleached),,001B379.jpg,1f0b588c7a05a029ff1b4c59fd013fed,f_dim,1.8173,1.950375,0.00388,-34.2994,SEPARATED,20
coral (bleached),,001B379.jpg,1f0b588c7a05a029ff1b4c59fd013fed,lacunarity_mean,2.566,1.47017,0.022429,48.8586,SEPARATED,20
coral (bleached),,001B379.jpg,1f0b588c7a05a029ff1b4c59fd013fed,multifractal_width,0.4973,1.56827,0.272244,-3.9339,SEPARATED,20
coral (bleached),,001B379.jpg,1f0b588c7a05a029ff1b4c59fd013fed,orientation_coherence,0.5347,0.443965,0.002733,33.2043,SEPARATED,20
coral (bleached),,001B379.jpg,1f0b588c7a05a029ff1b4c59fd013fed,multiscale_entropy_slope,-0.0785,-0.090675,0.005062,2.4049,MARGINAL,20
coral (bleached),,001B379.jpg,1f0b588c7a05a029ff1b4c59fd013fed,junctions,2570.0,3853.35,107.34816,-11.955,SEPARATED,20
coral (bleached),,001B379.jpg,1f0b588c7a05a029ff1b4c59fd013fed,clustering,0.291094,0.288718,0.002208,1.0758,no sep,20
coral (bleached),,001B379.jpg,1f0b588c7a05a029ff1b4c59fd013fed,plateau,0.825681,0.818392,0.005658,1.2883,no sep,20
coral (bleached),,001B379.jpg,1f0b588c7a05a029ff1b4c59fd013fed,entropy,7.1003,7.1003,0.0,0.0,no sep,20
coral (bleached),,001B379.jpg,1f0b588c7a05a029ff1b4c59fd013fed,forbidden_coverage,0.4089,0.0,0.0,nan,zero-var,20
coral (bleached),,001B379.jpg,1f0b588c7a05a029ff1b4c59fd013fed,tau_ratio_score,0.0,0.0,0.0,0.0,no sep,20
coral (bleached),,001B408.jpg,1dbd333003ee9e63ac6733dc14c767d1,betti_0,599.0,599.0,0.0,0.0,no sep,20
coral (bleached),,001B408.jpg,1dbd333003ee9e63ac6733dc14c767d1,betti_1,102.0,110.9,11.497391,-0.7741,no sep,20
coral (bleached),,001B408.jpg,1dbd333003ee9e63ac6733dc14c767d1,persistence_entropy_h1,4.7964,4.72682,0.046779,1.4874,no sep,20
coral (bleached),,001B408.jpg,1dbd333003ee9e63ac6733dc14c767d1,total_persistence_h1,147.4215,151.955765,6.802721,-0.6665,no sep,20
coral (bleached),,001B408.jpg,1dbd333003ee9e63ac6733dc14c767d1,euler_mean,25.8438,22.36408,2.989742,1.1639,no sep,20
coral (bleached),,001B408.jpg,1dbd333003ee9e63ac6733dc14c767d1,euler_std,57.9839,76.200405,2.484907,-7.3309,SEPARATED,20
coral (bleached),,001B408.jpg,1dbd333003ee9e63ac6733dc14c767d1,euler_range,230.0,284.5,17.171197,-3.1739,SEPARATED,20
coral (bleached),,001B408.jpg,1dbd333003ee9e63ac6733dc14c767d1,bilateral_symmetry,0.7666,0.765755,0.020391,0.0414,no sep,20
coral (bleached),,001B408.jpg,1dbd333003ee9e63ac6733dc14c767d1,f_dim,1.8492,1.92473,0.004941,-15.2878,SEPARATED,20
coral (bleached),,001B408.jpg,1dbd333003ee9e63ac6733dc14c767d1,lacunarity_mean,2.2786,1.64269,0.034335,18.521,SEPARATED,20
coral (bleached),,001B408.jpg,1dbd333003ee9e63ac6733dc14c767d1,multifractal_width,0.322,0.34052,0.029984,-0.6177,no sep,20
coral (bleached),,001B408.jpg,1dbd333003ee9e63ac6733dc14c767d1,orientation_coherence,0.5476,0.49218,0.003706,14.9551,SEPARATED,20
coral (bleached),,001B408.jpg,1dbd333003ee9e63ac6733dc14c767d1,multiscale_entropy_slope,-0.071,-0.050225,0.004156,-4.9987,SEPARATED,20
coral (bleached),,001B408.jpg,1dbd333003ee9e63ac6733dc14c767d1,junctions,2879.0,3725.8,121.662073,-6.9603,SEPARATED,20
coral (bleached),,001B408.jpg,1dbd333003ee9e63ac6733dc14c767d1,clustering,0.290494,0.282722,0.002106,3.69,SEPARATED,20
coral (bleached),,001B408.jpg,1dbd333003ee9e63ac6733dc14c767d1,plateau,0.816256,0.806335,0.005983,1.6581,no sep,20
coral (bleached),,001B408.jpg,1dbd333003ee9e63ac6733dc14c767d1,entropy,7.6359,7.6359,0.0,0.0,no sep,20
coral (bleached),,001B408.jpg,1dbd333003ee9e63ac6733dc14c767d1,forbidden_coverage,0.0978,0.00044,0.00132,73.7576,SEPARATED,20
coral (bleached),,001B408.jpg,1dbd333003ee9e63ac6733dc14c767d1,tau_ratio_score,0.0,0.0,0.0,0.0,no sep,20
coral (bleached),,001B103.jpg,663162d89396896a28b3b11390de503c,betti_0,599.0,599.0,0.0,0.0,no sep,20
coral (bleached),,001B103.jpg,663162d89396896a28b3b11390de503c,betti_1,107.0,110.25,18.400747,-0.1766,no sep,20
coral (bleached),,001B103.jpg,663162d89396896a28b3b11390de503c,persistence_entropy_h1,4.6567,4.73081,0.078365,-0.9457,no sep,20
coral (bleached),,001B103.jpg,663162d89396896a28b3b11390de503c,total_persistence_h1,145.0136,148.09547,6.629094,-0.4649,no sep,20
coral (bleached),,001B103.jpg,663162d89396896a28b3b11390de503c,euler_mean,19.1562,3.61561,2.293926,6.7747,SEPARATED,20
coral (bleached),,001B103.jpg,663162d89396896a28b3b11390de503c,euler_std,30.6921,52.429645,2.209804,-9.8369,SEPARATED,20
coral (bleached),,001B103.jpg,663162d89396896a28b3b11390de503c,euler_range,115.0,183.05,18.508039,-3.6768,SEPARATED,20
coral (bleached),,001B103.jpg,663162d89396896a28b3b11390de503c,bilateral_symmetry,0.7126,0.769925,0.032327,-1.7733,no sep,20
coral (bleached),,001B103.jpg,663162d89396896a28b3b11390de503c,f_dim,1.8588,1.927065,0.011711,-5.829,SEPARATED,20
coral (bleached),,001B103.jpg,663162d89396896a28b3b11390de503c,lacunarity_mean,2.2041,1.583505,0.071678,8.6581,SEPARATED,20
coral (bleached),,001B103.jpg,663162d89396896a28b3b11390de503c,multifractal_width,0.6239,0.76001,0.094677,-1.4376,no sep,20
coral (bleached),,001B103.jpg,663162d89396896a28b3b11390de503c,orientation_coherence,0.5833,0.501125,0.005903,13.9214,SEPARATED,20
coral (bleached),,001B103.jpg,663162d89396896a28b3b11390de503c,multiscale_entropy_slope,-0.0618,-0.052275,0.004923,-1.935,no sep,20
coral (bleached),,001B103.jpg,663162d89396896a28b3b11390de503c,junctions,2391.0,3553.95,101.51969,-11.4554,SEPARATED,20
coral (bleached),,001B103.jpg,663162d89396896a28b3b11390de503c,clustering,0.288489,0.278456,0.002774,3.6175,SEPARATED,20
coral (bleached),,001B103.jpg,663162d89396896a28b3b11390de503c,plateau,0.809703,0.798259,0.006435,1.7783,no sep,20
coral (bleached),,001B103.jpg,663162d89396896a28b3b11390de503c,entropy,7.8855,7.8855,0.0,0.0,no sep,20
coral (bleached),,001B103.jpg,663162d89396896a28b3b11390de503c,forbidden_coverage,0.44,0.0,0.0,nan,zero-var,20
coral (bleached),,001B103.jpg,663162d89396896a28b3b11390de503c,tau_ratio_score,0.0,0.0,0.0,0.0,no sep,20
coral (bleached),,001B385.jpg,1e1a9b0a673fff85a8d4dc33f8474ef6,betti_0,599.0,599.0,0.0,0.0,no sep,20
coral (bleached),,001B385.jpg,1e1a9b0a673fff85a8d4dc33f8474ef6,betti_1,94.0,125.45,8.22481,-3.8238,SEPARATED,20
coral (bleached),,001B385.jpg,1e1a9b0a673fff85a8d4dc33f8474ef6,persistence_entropy_h1,4.764,4.81568,0.045384,-1.1387,no sep,20
coral (bleached),,001B385.jpg,1e1a9b0a673fff85a8d4dc33f8474ef6,total_persistence_h1,146.4533,157.599555,6.547579,-1.7023,no sep,20
coral (bleached),,001B385.jpg,1e1a9b0a673fff85a8d4dc33f8474ef6,euler_mean,17.5625,19.939065,1.414637,-1.68,no sep,20
coral (bleached),,001B385.jpg,1e1a9b0a673fff85a8d4dc33f8474ef6,euler_std,50.3928,81.97734,1.670363,-18.9088,SEPARATED,20
coral (bleached),,001B385.jpg,1e1a9b0a673fff85a8d4dc33f8474ef6,euler_range,165.0,286.1,15.079456,-8.0308,SEPARATED,20
coral (bleached),,001B385.jpg,1e1a9b0a673fff85a8d4dc33f8474ef6,bilateral_symmetry,0.7918,0.774815,0.014913,1.1389,no sep,20
coral (bleached),,001B385.jpg,1e1a9b0a673fff85a8d4dc33f8474ef6,f_dim,1.8175,1.948,0.003218,-40.5483,SEPARATED,20
coral (bleached),,001B385.jpg,1e1a9b0a673fff85a8d4dc33f8474ef6,lacunarity_mean,2.6299,1.4844,0.020391,56.1781,SEPARATED,20
coral (bleached),,001B385.jpg,1e1a9b0a673fff85a8d4dc33f8474ef6,multifractal_width,0.4209,0.944595,0.056085,-9.3375,SEPARATED,20
coral (bleached),,001B385.jpg,1e1a9b0a673fff85a8d4dc33f8474ef6,orientation_coherence,0.6166,0.487,0.002994,43.2891,SEPARATED,20
coral (bleached),,001B385.jpg,1e1a9b0a673fff85a8d4dc33f8474ef6,multiscale_entropy_slope,-0.0619,-0.067915,0.004554,1.3207,no sep,20
coral (bleached),,001B385.jpg,1e1a9b0a673fff85a8d4dc33f8474ef6,junctions,2418.0,4016.95,112.083663,-14.2657,SEPARATED,20
coral (bleached),,001B385.jpg,1e1a9b0a673fff85a8d4dc33f8474ef6,clustering,0.29092,0.28024,0.002596,4.1138,SEPARATED,20
coral (bleached),,001B385.jpg,1e1a9b0a673fff85a8d4dc33f8474ef6,plateau,0.807692,0.803144,0.006558,0.6936,no sep,20
coral (bleached),,001B385.jpg,1e1a9b0a673fff85a8d4dc33f8474ef6,entropy,7.6512,7.6512,0.0,0.0,no sep,20
coral (bleached),,001B385.jpg,1e1a9b0a673fff85a8d4dc33f8474ef6,forbidden_coverage,0.1378,0.0,0.0,nan,zero-var,20
coral (bleached),,001B385.jpg,1e1a9b0a673fff85a8d4dc33f8474ef6,tau_ratio_score,0.0,0.0,0.0,0.0,no sep,20
coral (bleached),,001B083.jpg,6181d606116e334065599d840179daf2,betti_0,599.0,599.0,0.0,0.0,no sep,20
coral (bleached),,001B083.jpg,6181d606116e334065599d840179daf2,betti_1,88.0,89.7,7.483983,-0.2272,no sep,20
coral (bleached),,001B083.jpg,6181d606116e334065599d840179daf2,persistence_entropy_h1,4.5379,4.645065,0.048315,-2.2181,MARGINAL,20
coral (bleached),,001B083.jpg,6181d606116e334065599d840179daf2,total_persistence_h1,133.6212,140.31683,6.203988,-1.0792,no sep,20
coral (bleached),,001B083.jpg,6181d606116e334065599d840179daf2,euler_mean,53.4375,38.525,2.140827,6.9658,SEPARATED,20
coral (bleached),,001B083.jpg,6181d606116e334065599d840179daf2,euler_std,89.9388,117.63126,4.904489,-5.6463,SEPARATED,20
coral (bleached),,001B083.jpg,6181d606116e334065599d840179daf2,euler_range,325.0,531.4,39.49481,-5.226,SEPARATED,20
coral (bleached),,001B083.jpg,6181d606116e334065599d840179daf2,bilateral_symmetry,0.8934,0.901545,0.002977,-2.7357,MARGINAL,20
coral (bleached),,001B083.jpg,6181d606116e334065599d840179daf2,f_dim,1.7885,1.849315,0.007734,-7.8632,SEPARATED,20
coral (bleached),,001B083.jpg,6181d606116e334065599d840179daf2,lacunarity_mean,2.8015,2.220895,0.06326,9.1781,SEPARATED,20
coral (bleached),,001B083.jpg,6181d606116e334065599d840179daf2,multifractal_width,0.436,0.595795,0.033554,-4.7624,SEPARATED,20
coral (bleached),,001B083.jpg,6181d606116e334065599d840179daf2,orientation_coherence,0.488,0.4207,0.003392,19.8379,SEPARATED,20
coral (bleached),,001B083.jpg,6181d606116e334065599d840179daf2,multiscale_entropy_slope,-0.0547,-0.07452,0.005118,3.8729,SEPARATED,20
coral (bleached),,001B083.jpg,6181d606116e334065599d840179daf2,junctions,3002.0,2738.75,70.715539,3.7227,SEPARATED,20
coral (bleached),,001B083.jpg,6181d606116e334065599d840179daf2,clustering,0.278222,0.286671,0.002783,-3.0363,SEPARATED,20
coral (bleached),,001B083.jpg,6181d606116e334065599d840179daf2,plateau,0.795803,0.812834,0.007303,-2.3322,MARGINAL,20
coral (bleached),,001B083.jpg,6181d606116e334065599d840179daf2,entropy,6.4177,6.4177,0.0,0.0,no sep,20
coral (bleached),,001B083.jpg,6181d606116e334065599d840179daf2,forbidden_coverage,0.36,0.042885,0.015156,20.9237,SEPARATED,20
coral (bleached),,001B083.jpg,6181d606116e334065599d840179daf2,tau_ratio_score,0.0,0.0,0.0,0.0,no sep,20
coral (bleached),,001B356.jpg,e64537388f2c362b1ca70ad8721e5e1d,betti_0,599.0,599.0,0.0,0.0,no sep,20
coral (bleached),,001B356.jpg,e64537388f2c362b1ca70ad8721e5e1d,betti_1,84.0,113.5,15.008331,-1.9656,no sep,20
coral (bleached),,001B356.jpg,e64537388f2c362b1ca70ad8721e5e1d,persistence_entropy_h1,4.5438,4.74678,0.064349,-3.1544,SEPARATED,20
coral (bleached),,001B356.jpg,e64537388f2c362b1ca70ad8721e5e1d,total_persistence_h1,126.2159,152.79502,5.148067,-5.1629,SEPARATED,20
coral (bleached),,001B356.jpg,e64537388f2c362b1ca70ad8721e5e1d,euler_mean,10.0625,3.0422,3.905555,1.7975,no sep,20
coral (bleached),,001B356.jpg,e64537388f2c362b1ca70ad8721e5e1d,euler_std,31.744,50.16121,3.764403,-4.8925,SEPARATED,20
coral (bleached),,001B356.jpg,e64537388f2c362b1ca70ad8721e5e1d,euler_range,117.0,182.0,19.429359,-3.3455,SEPARATED,20
coral (bleached),,001B356.jpg,e64537388f2c362b1ca70ad8721e5e1d,bilateral_symmetry,0.8157,0.82394,0.015799,-0.5216,no sep,20
coral (bleached),,001B356.jpg,e64537388f2c362b1ca70ad8721e5e1d,f_dim,1.8047,1.900015,0.017382,-5.4836,SEPARATED,20
coral (bleached),,001B356.jpg,e64537388f2c362b1ca70ad8721e5e1d,lacunarity_mean,2.7297,1.818745,0.125991,7.2303,SEPARATED,20
coral (bleached),,001B356.jpg,e64537388f2c362b1ca70ad8721e5e1d,multifractal_width,0.3911,0.426775,0.04304,-0.8289,no sep,20
coral (bleached),,001B356.jpg,e64537388f2c362b1ca70ad8721e5e1d,orientation_coherence,0.4836,0.413275,0.001966,35.7765,SEPARATED,20
coral (bleached),,001B356.jpg,e64537388f2c362b1ca70ad8721e5e1d,multiscale_entropy_slope,-0.0588,-0.05329,0.003237,-1.7021,no sep,20
coral (bleached),,001B356.jpg,e64537388f2c362b1ca70ad8721e5e1d,junctions,2032.0,2909.55,125.496803,-6.9926,SEPARATED,20
coral (bleached),,001B356.jpg,e64537388f2c362b1ca70ad8721e5e1d,clustering,0.283519,0.282834,0.002449,0.2798,no sep,20
coral (bleached),,001B356.jpg,e64537388f2c362b1ca70ad8721e5e1d,plateau,0.80561,0.809473,0.007217,-0.5353,no sep,20
coral (bleached),,001B356.jpg,e64537388f2c362b1ca70ad8721e5e1d,entropy,7.5475,7.5475,0.0,0.0,no sep,20
coral (bleached),,001B356.jpg,e64537388f2c362b1ca70ad8721e5e1d,forbidden_coverage,0.3467,0.00088,0.00176,196.4886,SEPARATED,20
coral (bleached),,001B356.jpg,e64537388f2c362b1ca70ad8721e5e1d,tau_ratio_score,0.0,0.0,0.0,0.0,no sep,20
coral (bleached),,001B422.jpg,5dfa22ff44c712fc6e40535e5cbab1ac,betti_0,599.0,599.0,0.0,0.0,no sep,20
coral (bleached),,001B422.jpg,5dfa22ff44c712fc6e40535e5cbab1ac,betti_1,92.0,80.65,13.108299,0.8659,no sep,20
coral (bleached),,001B422.jpg,5dfa22ff44c712fc6e40535e5cbab1ac,persistence_entropy_h1,4.6464,4.55445,0.094344,0.9746,no sep,20
coral (bleached),,001B422.jpg,5dfa22ff44c712fc6e40535e5cbab1ac,total_persistence_h1,141.6444,137.37645,11.229996,0.38,no sep,20
coral (bleached),,001B422.jpg,5dfa22ff44c712fc6e40535e5cbab1ac,euler_mean,22.7188,29.52344,2.367461,-2.8742,MARGINAL,20
coral (bleached),,001B422.jpg,5dfa22ff44c712fc6e40535e5cbab1ac,euler_std,51.5547,64.940615,7.599029,-1.7615,no sep,20
coral (bleached),,001B422.jpg,5dfa22ff44c712fc6e40535e5cbab1ac,euler_range,231.0,268.8,39.919419,-0.9469,no sep,20
coral (bleached),,001B422.jpg,5dfa22ff44c712fc6e40535e5cbab1ac,bilateral_symmetry,0.8882,0.870205,0.006775,2.6559,MARGINAL,20
coral (bleached),,001B422.jpg,5dfa22ff44c712fc6e40535e5cbab1ac,f_dim,1.7639,1.738865,0.050103,0.4997,no sep,20
coral (bleached),,001B422.jpg,5dfa22ff44c712fc6e40535e5cbab1ac,lacunarity_mean,3.217,3.52515,0.64834,-0.4753,no sep,20
coral (bleached),,001B422.jpg,5dfa22ff44c712fc6e40535e5cbab1ac,multifractal_width,0.3528,0.31501,0.03095,1.221,no sep,20
coral (bleached),,001B422.jpg,5dfa22ff44c712fc6e40535e5cbab1ac,orientation_coherence,0.4813,0.43064,0.003158,16.0398,SEPARATED,20
coral (bleached),,001B422.jpg,5dfa22ff44c712fc6e40535e5cbab1ac,multiscale_entropy_slope,-0.0657,-0.05315,0.006962,-1.8026,no sep,20
coral (bleached),,001B422.jpg,5dfa22ff44c712fc6e40535e5cbab1ac,junctions,2096.0,2398.25,114.413668,-2.6417,MARGINAL,20
coral (bleached),,001B422.jpg,5dfa22ff44c712fc6e40535e5cbab1ac,clustering,0.286419,0.286544,0.004068,-0.0309,no sep,20
coral (bleached),,001B422.jpg,5dfa22ff44c712fc6e40535e5cbab1ac,plateau,0.816317,0.818034,0.007774,-0.2209,no sep,20
coral (bleached),,001B422.jpg,5dfa22ff44c712fc6e40535e5cbab1ac,entropy,6.9652,6.9652,0.0,0.0,no sep,20
coral (bleached),,001B422.jpg,5dfa22ff44c712fc6e40535e5cbab1ac,forbidden_coverage,0.5022,0.03155,0.01425,33.0289,SEPARATED,20
coral (bleached),,001B422.jpg,5dfa22ff44c712fc6e40535e5cbab1ac,tau_ratio_score,0.0,0.0,0.0,0.0,no sep,20
coral (bleached),,001B359.jpg,9e7704f3f4496a171dd9a278e8ded2b8,betti_0,599.0,599.0,0.0,0.0,no sep,20
coral (bleached),,001B359.jpg,9e7704f3f4496a171dd9a278e8ded2b8,betti_1,115.0,137.05,8.399256,-2.6252,MARGINAL,20
coral (bleached),,001B359.jpg,9e7704f3f4496a171dd9a278e8ded2b8,persistence_entropy_h1,4.6863,4.85054,0.044559,-3.6859,SEPARATED,20
coral (bleached),,001B359.jpg,9e7704f3f4496a171dd9a278e8ded2b8,total_persistence_h1,143.0073,157.73102,4.426413,-3.3263,SEPARATED,20
coral (bleached),,001B359.jpg,9e7704f3f4496a171dd9a278e8ded2b8,euler_mean,18.2188,4.7547,3.546471,3.7965,SEPARATED,20
coral (bleached),,001B359.jpg,9e7704f3f4496a171dd9a278e8ded2b8,euler_std,202.5995,258.71735,5.050735,-11.1108,SEPARATED,20
coral (bleached),,001B359.jpg,9e7704f3f4496a171dd9a278e8ded2b8,euler_range,709.0,865.4,27.368595,-5.7146,SEPARATED,20
coral (bleached),,001B359.jpg,9e7704f3f4496a171dd9a278e8ded2b8,bilateral_symmetry,0.8119,0.801505,0.005948,1.7477,no sep,20
coral (bleached),,001B359.jpg,9e7704f3f4496a171dd9a278e8ded2b8,f_dim,1.9854,1.99711,0.000399,-29.3762,SEPARATED,20
coral (bleached),,001B359.jpg,9e7704f3f4496a171dd9a278e8ded2b8,lacunarity_mean,1.224,1.136145,0.002634,33.3602,SEPARATED,20
coral (bleached),,001B359.jpg,9e7704f3f4496a171dd9a278e8ded2b8,multifractal_width,0.312,0.46232,0.230952,-0.6509,no sep,20
coral (bleached),,001B359.jpg,9e7704f3f4496a171dd9a278e8ded2b8,orientation_coherence,0.428,0.384205,0.002426,18.0524,SEPARATED,20
coral (bleached),,001B359.jpg,9e7704f3f4496a171dd9a278e8ded2b8,multiscale_entropy_slope,-0.1439,-0.14291,0.002708,-0.3656,no sep,20
coral (bleached),,001B359.jpg,9e7704f3f4496a171dd9a278e8ded2b8,junctions,6053.0,6731.05,133.324595,-5.0857,SEPARATED,20
coral (bleached),,001B359.jpg,9e7704f3f4496a171dd9a278e8ded2b8,clustering,0.272298,0.271862,0.001979,0.2203,no sep,20
coral (bleached),,001B359.jpg,9e7704f3f4496a171dd9a278e8ded2b8,plateau,0.798117,0.797625,0.006651,0.0739,no sep,20
coral (bleached),,001B359.jpg,9e7704f3f4496a171dd9a278e8ded2b8,entropy,7.5862,7.5862,0.0,0.0,no sep,20
coral (bleached),,001B359.jpg,9e7704f3f4496a171dd9a278e8ded2b8,forbidden_coverage,0.1822,0.048875,0.012871,10.3582,SEPARATED,20
coral (bleached),,001B359.jpg,9e7704f3f4496a171dd9a278e8ded2b8,tau_ratio_score,0.0,0.0,0.0,0.0,no sep,20
coral (bleached),,001B114.jpg,47644cd2cc82e4390afe7117b0458eb1,betti_0,599.0,599.0,0.0,0.0,no sep,20
coral (bleached),,001B114.jpg,47644cd2cc82e4390afe7117b0458eb1,betti_1,106.0,118.75,11.734032,-1.0866,no sep,20
coral (bleached),,001B114.jpg,47644cd2cc82e4390afe7117b0458eb1,persistence_entropy_h1,4.6765,4.76025,0.060896,-1.3753,no sep,20
coral (bleached),,001B114.jpg,47644cd2cc82e4390afe7117b0458eb1,total_persistence_h1,146.3504,151.724275,6.849842,-0.7845,no sep,20
coral (bleached),,001B114.jpg,47644cd2cc82e4390afe7117b0458eb1,euler_mean,94.625,59.1125,3.68092,9.6477,SEPARATED,20
coral (bleached),,001B114.jpg,47644cd2cc82e4390afe7117b0458eb1,euler_std,196.2444,251.72067,9.069199,-6.117,SEPARATED,20
coral (bleached),,001B114.jpg,47644cd2cc82e4390afe7117b0458eb1,euler_range,667.0,1034.05,64.871777,-5.6581,SEPARATED,20
coral (bleached),,001B114.jpg,47644cd2cc82e4390afe7117b0458eb1,bilateral_symmetry,0.8516,0.866675,0.003655,-4.124,SEPARATED,20
coral (bleached),,001B114.jpg,47644cd2cc82e4390afe7117b0458eb1,f_dim,1.9481,1.98755,0.001664,-23.7096,SEPARATED,20
coral (bleached),,001B114.jpg,47644cd2cc82e4390afe7117b0458eb1,lacunarity_mean,1.4432,1.202655,0.010196,23.5928,SEPARATED,20
coral (bleached),,001B114.jpg,47644cd2cc82e4390afe7117b0458eb1,multifractal_width,0.3331,0.34864,0.025692,-0.6049,no sep,20
coral (bleached),,001B114.jpg,47644cd2cc82e4390afe7117b0458eb1,orientation_coherence,0.4056,0.34435,0.002376,25.7761,SEPARATED,20
coral (bleached),,001B114.jpg,47644cd2cc82e4390afe7117b0458eb1,multiscale_entropy_slope,-0.1139,-0.130945,0.006055,2.815,MARGINAL,20
coral (bleached),,001B114.jpg,47644cd2cc82e4390afe7117b0458eb1,junctions,6651.0,6070.45,109.731251,5.2907,SEPARATED,20
coral (bleached),,001B114.jpg,47644cd2cc82e4390afe7117b0458eb1,clustering,0.27371,0.280302,0.001749,-3.7698,SEPARATED,20
coral (bleached),,001B114.jpg,47644cd2cc82e4390afe7117b0458eb1,plateau,0.805142,0.812917,0.004301,-1.8077,no sep,20
coral (bleached),,001B114.jpg,47644cd2cc82e4390afe7117b0458eb1,entropy,6.9638,6.9638,0.0,0.0,no sep,20
coral (bleached),,001B114.jpg,47644cd2cc82e4390afe7117b0458eb1,forbidden_coverage,0.1911,0.043545,0.010656,13.8473,SEPARATED,20
coral (bleached),,001B114.jpg,47644cd2cc82e4390afe7117b0458eb1,tau_ratio_score,0.0,0.0,0.0,0.0,no sep,20
coral (bleached),,001B340.jpg,db809a73d5204e4aec2edf0368cb3fda,betti_0,599.0,599.0,0.0,0.0,no sep,20
coral (bleached),,001B340.jpg,db809a73d5204e4aec2edf0368cb3fda,betti_1,130.0,135.35,11.07373,-0.4831,no sep,20
coral (bleached),,001B340.jpg,db809a73d5204e4aec2edf0368cb3fda,persistence_entropy_h1,4.8066,4.847765,0.061426,-0.6702,no sep,20
coral (bleached),,001B340.jpg,db809a73d5204e4aec2edf0368cb3fda,total_persistence_h1,144.5804,158.520705,6.90249,-2.0196,MARGINAL,20
coral (bleached),,001B340.jpg,db809a73d5204e4aec2edf0368cb3fda,euler_mean,28.125,19.44375,5.574231,1.5574,no sep,20
coral (bleached),,001B340.jpg,db809a73d5204e4aec2edf0368cb3fda,euler_std,156.749,166.309865,6.357583,-1.5039,no sep,20
coral (bleached),,001B340.jpg,db809a73d5204e4aec2edf0368cb3fda,euler_range,578.0,530.15,32.726556,1.4621,no sep,20
coral (bleached),,001B340.jpg,db809a73d5204e4aec2edf0368cb3fda,bilateral_symmetry,0.8037,0.79217,0.016856,0.684,no sep,20
coral (bleached),,001B340.jpg,db809a73d5204e4aec2edf0368cb3fda,f_dim,1.9662,1.99285,0.001149,-23.2002,SEPARATED,20
coral (bleached),,001B340.jpg,db809a73d5204e4aec2edf0368cb3fda,lacunarity_mean,1.3638,1.167005,0.007162,27.4763,SEPARATED,20
coral (bleached),,001B340.jpg,db809a73d5204e4aec2edf0368cb3fda,multifractal_width,1.3163,1.813385,0.376611,-1.3199,no sep,20
coral (bleached),,001B340.jpg,db809a73d5204e4aec2edf0368cb3fda,orientation_coherence,0.4603,0.3795,0.001186,68.1184,SEPARATED,20
coral (bleached),,001B340.jpg,db809a73d5204e4aec2edf0368cb3fda,multiscale_entropy_slope,-0.101,-0.090865,0.002785,-3.6387,SEPARATED,20
coral (bleached),,001B340.jpg,db809a73d5204e4aec2edf0368cb3fda,junctions,6017.0,6309.95,125.170474,-2.3404,MARGINAL,20
coral (bleached),,001B340.jpg,db809a73d5204e4aec2edf0368cb3fda,clustering,0.269533,0.274449,0.001761,-2.792,MARGINAL,20
coral (bleached),,001B340.jpg,db809a73d5204e4aec2edf0368cb3fda,plateau,0.789762,0.801312,0.005098,-2.2658,MARGINAL,20
coral (bleached),,001B340.jpg,db809a73d5204e4aec2edf0368cb3fda,entropy,7.6525,7.6525,0.0,0.0,no sep,20
coral (bleached),,001B340.jpg,db809a73d5204e4aec2edf0368cb3fda,forbidden_coverage,0.1733,0.02845,0.008126,17.8264,SEPARATED,20
coral (bleached),,001B340.jpg,db809a73d5204e4aec2edf0368cb3fda,tau_ratio_score,0.0,0.0,0.0,0.0,no sep,20
coral (bleached),,001B062.jpg,0cc1d9d723bb0a2fbe1daa6ee57d2756,betti_0,599.0,599.0,0.0,0.0,no sep,20
coral (bleached),,001B062.jpg,0cc1d9d723bb0a2fbe1daa6ee57d2756,betti_1,136.0,134.85,9.139338,0.1258,no sep,20
coral (bleached),,001B062.jpg,0cc1d9d723bb0a2fbe1daa6ee57d2756,persistence_entropy_h1,4.8548,4.845905,0.056662,0.157,no sep,20
coral (bleached),,001B062.jpg,0cc1d9d723bb0a2fbe1daa6ee57d2756,total_persistence_h1,162.6379,157.40046,6.038647,0.8673,no sep,20
coral (bleached),,001B062.jpg,0cc1d9d723bb0a2fbe1daa6ee57d2756,euler_mean,32.25,62.515625,6.098118,-4.9631,SEPARATED,20
coral (bleached),,001B062.jpg,0cc1d9d723bb0a2fbe1daa6ee57d2756,euler_std,172.9494,290.41795,8.5124,-13.7997,SEPARATED,20
coral (bleached),,001B062.jpg,0cc1d9d723bb0a2fbe1daa6ee57d2756,euler_range,537.0,899.95,38.829724,-9.3472,SEPARATED,20
coral (bleached),,001B062.jpg,0cc1d9d723bb0a2fbe1daa6ee57d2756,bilateral_symmetry,0.8002,0.79052,0.011496,0.842,no sep,20
coral (bleached),,001B062.jpg,0cc1d9d723bb0a2fbe1daa6ee57d2756,f_dim,1.9666,1.995395,0.000421,-68.3516,SEPARATED,20
coral (bleached),,001B062.jpg,0cc1d9d723bb0a2fbe1daa6ee57d2756,lacunarity_mean,1.3361,1.15861,0.003218,55.157,SEPARATED,20
coral (bleached),,001B062.jpg,0cc1d9d723bb0a2fbe1daa6ee57d2756,multifractal_width,1.6007,2.07116,0.244849,-1.9214,no sep,20
coral (bleached),,001B062.jpg,0cc1d9d723bb0a2fbe1daa6ee57d2756,orientation_coherence,0.4816,0.4186,0.002344,26.8828,SEPARATED,20
coral (bleached),,001B062.jpg,0cc1d9d723bb0a2fbe1daa6ee57d2756,multiscale_entropy_slope,-0.1252,-0.135165,0.004639,2.1481,MARGINAL,20
coral (bleached),,001B062.jpg,0cc1d9d723bb0a2fbe1daa6ee57d2756,junctions,5330.0,6271.2,152.224702,-6.183,SEPARATED,20
coral (bleached),,001B062.jpg,0cc1d9d723bb0a2fbe1daa6ee57d2756,clustering,0.279487,0.278758,0.002245,0.3249,no sep,20
coral (bleached),,001B062.jpg,0cc1d9d723bb0a2fbe1daa6ee57d2756,plateau,0.804503,0.807473,0.006341,-0.4685,no sep,20
coral (bleached),,001B062.jpg,0cc1d9d723bb0a2fbe1daa6ee57d2756,entropy,7.6045,7.6045,0.0,0.0,no sep,20
coral (bleached),,001B062.jpg,0cc1d9d723bb0a2fbe1daa6ee57d2756,forbidden_coverage,0.3244,0.00754,0.007185,44.1027,SEPARATED,20
coral (bleached),,001B062.jpg,0cc1d9d723bb0a2fbe1daa6ee57d2756,tau_ratio_score,0.0,0.0,0.0,0.0,no sep,20
coral (bleached),,001B321.jpg,c98085c41159e696ca0d196519545a8b,betti_0,333.0,599.0,0.0,nan,zero-var,20
coral (bleached),,001B321.jpg,c98085c41159e696ca0d196519545a8b,betti_1,25.0,103.4,14.381933,-5.4513,SEPARATED,20
coral (bleached),,001B321.jpg,c98085c41159e696ca0d196519545a8b,persistence_entropy_h1,4.3814,4.660595,0.083665,-3.3371,SEPARATED,20
coral (bleached),,001B321.jpg,c98085c41159e696ca0d196519545a8b,total_persistence_h1,96.0478,145.189695,6.201725,-7.9239,SEPARATED,20
coral (bleached),,001B321.jpg,c98085c41159e696ca0d196519545a8b,euler_mean,32.0312,37.078135,3.244311,-1.5556,no sep,20
coral (bleached),,001B321.jpg,c98085c41159e696ca0d196519545a8b,euler_std,55.8248,98.55675,8.213619,-5.2026,SEPARATED,20
coral (bleached),,001B321.jpg,c98085c41159e696ca0d196519545a8b,euler_range,210.0,398.3,38.998846,-4.8283,SEPARATED,20
coral (bleached),,001B321.jpg,c98085c41159e696ca0d196519545a8b,bilateral_symmetry,0.8855,0.885095,0.004882,0.083,no sep,20
coral (bleached),,001B321.jpg,c98085c41159e696ca0d196519545a8b,f_dim,1.7492,1.80841,0.020224,-2.9277,MARGINAL,20
coral (bleached),,001B321.jpg,c98085c41159e696ca0d196519545a8b,lacunarity_mean,3.2451,2.591845,0.186861,3.4959,SEPARATED,20
coral (bleached),,001B321.jpg,c98085c41159e696ca0d196519545a8b,multifractal_width,0.5283,0.470615,0.041297,1.3968,no sep,20
coral (bleached),,001B321.jpg,c98085c41159e696ca0d196519545a8b,orientation_coherence,0.5037,0.39304,0.002813,39.3427,SEPARATED,20
coral (bleached),,001B321.jpg,c98085c41159e696ca0d196519545a8b,multiscale_entropy_slope,-0.0663,-0.068355,0.006891,0.2982,no sep,20
coral (bleached),,001B321.jpg,c98085c41159e696ca0d196519545a8b,junctions,2230.0,3106.45,128.298665,-6.8313,SEPARATED,20
coral (bleached),,001B321.jpg,c98085c41159e696ca0d196519545a8b,clustering,0.279621,0.283772,0.003432,-1.2096,no sep,20
coral (bleached),,001B321.jpg,c98085c41159e696ca0d196519545a8b,plateau,0.798655,0.816498,0.007963,-2.2408,MARGINAL,20
coral (bleached),,001B321.jpg,c98085c41159e696ca0d196519545a8b,entropy,6.7671,6.7671,0.0,0.0,no sep,20
coral (bleached),,001B321.jpg,c98085c41159e696ca0d196519545a8b,forbidden_coverage,0.1467,0.00177,0.003546,40.8682,SEPARATED,20
coral (bleached),,001B321.jpg,c98085c41159e696ca0d196519545a8b,tau_ratio_score,0.0,0.0,0.0,0.0,no sep,20
coral (bleached),,001B035.jpg,77f07d846150d8be0350cee18f235fd7,betti_0,599.0,599.0,0.0,0.0,no sep,20
coral (bleached),,001B035.jpg,77f07d846150d8be0350cee18f235fd7,betti_1,118.0,136.15,6.413073,-2.8302,MARGINAL,20
coral (bleached),,001B035.jpg,77f07d846150d8be0350cee18f235fd7,persistence_entropy_h1,4.8492,4.846965,0.034952,0.0639,no sep,20
coral (bleached),,001B035.jpg,77f07d846150d8be0350cee18f235fd7,total_persistence_h1,147.7584,156.58876,4.441024,-1.9884,no sep,20
coral (bleached),,001B035.jpg,77f07d846150d8be0350cee18f235fd7,euler_mean,38.625,47.24061,4.006893,-2.1502,MARGINAL,20
coral (bleached),,001B035.jpg,77f07d846150d8be0350cee18f235fd7,euler_std,171.2043,260.99616,3.957091,-22.6914,SEPARATED,20
coral (bleached),,001B035.jpg,77f07d846150d8be0350cee18f235fd7,euler_range,507.0,812.65,23.569631,-12.968,SEPARATED,20
coral (bleached),,001B035.jpg,77f07d846150d8be0350cee18f235fd7,bilateral_symmetry,0.7712,0.771055,0.007488,0.0194,no sep,20
coral (bleached),,001B035.jpg,77f07d846150d8be0350cee18f235fd7,f_dim,1.9734,1.992845,0.00067,-29.0361,SEPARATED,20
coral (bleached),,001B035.jpg,77f07d846150d8be0350cee18f235fd7,lacunarity_mean,1.3241,1.185005,0.003981,34.9418,SEPARATED,20
coral (bleached),,001B035.jpg,77f07d846150d8be0350cee18f235fd7,multifractal_width,1.3157,1.514475,0.372911,-0.533,no sep,20
coral (bleached),,001B035.jpg,77f07d846150d8be0350cee18f235fd7,orientation_coherence,0.4698,0.39429,0.002394,31.5395,SEPARATED,20
coral (bleached),,001B035.jpg,77f07d846150d8be0350cee18f235fd7,multiscale_entropy_slope,-0.1239,-0.13409,0.003375,3.0191,SEPARATED,20
coral (bleached),,001B035.jpg,77f07d846150d8be0350cee18f235fd7,junctions,5791.0,5954.05,174.071673,-0.9367,no sep,20
coral (bleached),,001B035.jpg,77f07d846150d8be0350cee18f235fd7,clustering,0.279303,0.281011,0.002373,-0.7194,no sep,20
coral (bleached),,001B035.jpg,77f07d846150d8be0350cee18f235fd7,plateau,0.810913,0.808315,0.006667,0.3898,no sep,20
coral (bleached),,001B035.jpg,77f07d846150d8be0350cee18f235fd7,entropy,7.716,7.716,0.0,0.0,no sep,20
coral (bleached),,001B035.jpg,77f07d846150d8be0350cee18f235fd7,forbidden_coverage,0.12,0.00022,0.000959,124.9064,SEPARATED,20
coral (bleached),,001B035.jpg,77f07d846150d8be0350cee18f235fd7,tau_ratio_score,0.0,0.0,0.0,0.0,no sep,20
coral (bleached),,001B323.jpg,8c295b34cb59a3b985239dad6ab847ad,betti_0,599.0,599.0,0.0,0.0,no sep,20
coral (bleached),,001B323.jpg,8c295b34cb59a3b985239dad6ab847ad,betti_1,82.0,124.3,14.248158,-2.9688,MARGINAL,20
coral (bleached),,001B323.jpg,8c295b34cb59a3b985239dad6ab847ad,persistence_entropy_h1,4.6205,4.81767,0.087845,-2.2445,MARGINAL,20
coral (bleached),,001B323.jpg,8c295b34cb59a3b985239dad6ab847ad,total_persistence_h1,138.4065,157.74661,6.625022,-2.9193,MARGINAL,20
coral (bleached),,001B323.jpg,8c295b34cb59a3b985239dad6ab847ad,euler_mean,21.9062,28.781255,4.292538,-1.6016,no sep,20
coral (bleached),,001B323.jpg,8c295b34cb59a3b985239dad6ab847ad,euler_std,71.3838,100.968775,4.719056,-6.2693,SEPARATED,20
coral (bleached),,001B323.jpg,8c295b34cb59a3b985239dad6ab847ad,euler_range,335.0,355.75,26.983097,-0.769,no sep,20
coral (bleached),,001B323.jpg,8c295b34cb59a3b985239dad6ab847ad,bilateral_symmetry,0.8477,0.844485,0.009607,0.3346,no sep,20
coral (bleached),,001B323.jpg,8c295b34cb59a3b985239dad6ab847ad,f_dim,1.8783,1.94908,0.005822,-12.1582,SEPARATED,20
coral (bleached),,001B323.jpg,8c295b34cb59a3b985239dad6ab847ad,lacunarity_mean,2.0618,1.480215,0.037702,15.4258,SEPARATED,20
coral (bleached),,001B323.jpg,8c295b34cb59a3b985239dad6ab847ad,multifractal_width,0.3926,0.390945,0.034499,0.048,no sep,20
coral (bleached),,001B323.jpg,8c295b34cb59a3b985239dad6ab847ad,orientation_coherence,0.4998,0.43071,0.002619,26.3846,SEPARATED,20
coral (bleached),,001B323.jpg,8c295b34cb59a3b985239dad6ab847ad,multiscale_entropy_slope,-0.07,-0.06605,0.003518,-1.1229,no sep,20
coral (bleached),,001B323.jpg,8c295b34cb59a3b985239dad6ab847ad,junctions,3184.0,3845.55,69.794323,-9.4786,SEPARATED,20
coral (bleached),,001B323.jpg,8c295b34cb59a3b985239dad6ab847ad,clustering,0.284687,0.284386,0.002466,0.1221,no sep,20
coral (bleached),,001B323.jpg,8c295b34cb59a3b985239dad6ab847ad,plateau,0.82255,0.81447,0.006488,1.2454,no sep,20
coral (bleached),,001B323.jpg,8c295b34cb59a3b985239dad6ab847ad,entropy,7.3429,7.3429,0.0,0.0,no sep,20
coral (bleached),,001B323.jpg,8c295b34cb59a3b985239dad6ab847ad,forbidden_coverage,0.2933,0.00066,0.001571,186.2627,SEPARATED,20
coral (bleached),,001B323.jpg,8c295b34cb59a3b985239dad6ab847ad,tau_ratio_score,0.0,0.0,0.0,0.0,no sep,20
coral (bleached),,001B203.jpg,257524e05875cf0ad66b679637770afd,betti_0,599.0,599.0,0.0,0.0,no sep,20
coral (bleached),,001B203.jpg,257524e05875cf0ad66b679637770afd,betti_1,118.0,128.45,10.351208,-1.0095,no sep,20
coral (bleached),,001B203.jpg,257524e05875cf0ad66b679637770afd,persistence_entropy_h1,4.8495,4.80081,0.050334,0.9673,no sep,20
coral (bleached),,001B203.jpg,257524e05875cf0ad66b679637770afd,total_persistence_h1,151.5812,153.32745,6.930855,-0.252,no sep,20
coral (bleached),,001B203.jpg,257524e05875cf0ad66b679637770afd,euler_mean,37.4062,40.63126,2.139419,-1.5074,no sep,20
coral (bleached),,001B203.jpg,257524e05875cf0ad66b679637770afd,euler_std,71.927,106.979305,5.366025,-6.5323,SEPARATED,20
coral (bleached),,001B203.jpg,257524e05875cf0ad66b679637770afd,euler_range,222.0,368.6,32.294582,-4.5395,SEPARATED,20
coral (bleached),,001B203.jpg,257524e05875cf0ad66b679637770afd,bilateral_symmetry,0.7711,0.78745,0.00996,-1.6416,no sep,20
coral (bleached),,001B203.jpg,257524e05875cf0ad66b679637770afd,f_dim,1.8863,1.95364,0.004223,-15.9444,SEPARATED,20
coral (bleached),,001B203.jpg,257524e05875cf0ad66b679637770afd,lacunarity_mean,1.9606,1.437525,0.025604,20.429,SEPARATED,20
coral (bleached),,001B203.jpg,257524e05875cf0ad66b679637770afd,multifractal_width,0.4429,0.590065,0.061241,-2.403,MARGINAL,20
coral (bleached),,001B203.jpg,257524e05875cf0ad66b679637770afd,orientation_coherence,0.5371,0.460505,0.002788,27.4722,SEPARATED,20
coral (bleached),,001B203.jpg,257524e05875cf0ad66b679637770afd,multiscale_entropy_slope,-0.0734,-0.073985,0.004451,0.1314,no sep,20
coral (bleached),,001B203.jpg,257524e05875cf0ad66b679637770afd,junctions,3663.0,4729.8,164.810983,-6.4729,SEPARATED,20
coral (bleached),,001B203.jpg,257524e05875cf0ad66b679637770afd,clustering,0.277914,0.279634,0.001817,-0.9464,no sep,20
coral (bleached),,001B203.jpg,257524e05875cf0ad66b679637770afd,plateau,0.803986,0.806049,0.00502,-0.4111,no sep,20
coral (bleached),,001B203.jpg,257524e05875cf0ad66b679637770afd,entropy,7.5772,7.5772,0.0,0.0,no sep,20
coral (bleached),,001B203.jpg,257524e05875cf0ad66b679637770afd,forbidden_coverage,0.1467,0.00022,0.000959,152.7492,SEPARATED,20
coral (bleached),,001B203.jpg,257524e05875cf0ad66b679637770afd,tau_ratio_score,0.0,0.0,0.0,0.0,no sep,20
coral (bleached),,001B282.jpg,f9d55c668e23cf6fbeec50bdf55ff437,betti_0,599.0,599.0,0.0,0.0,no sep,20
coral (bleached),,001B282.jpg,f9d55c668e23cf6fbeec50bdf55ff437,betti_1,111.0,118.85,16.977264,-0.4624,no sep,20
coral (bleached),,001B282.jpg,f9d55c668e23cf6fbeec50bdf55ff437,persistence_entropy_h1,4.7519,4.81703,0.036165,-1.8009,no sep,20
coral (bleached),,001B282.jpg,f9d55c668e23cf6fbeec50bdf55ff437,total_persistence_h1,140.7519,156.243215,6.570205,-2.3578,MARGINAL,20
coral (bleached),,001B282.jpg,f9d55c668e23cf6fbeec50bdf55ff437,euler_mean,122.5,59.70938,5.431565,11.5603,SEPARATED,20
coral (bleached),,001B282.jpg,f9d55c668e23cf6fbeec50bdf55ff437,euler_std,116.7588,164.43005,10.102023,-4.719,SEPARATED,20
coral (bleached),,001B282.jpg,f9d55c668e23cf6fbeec50bdf55ff437,euler_range,413.0,507.8,43.24419,-2.1922,MARGINAL,20
coral (bleached),,001B282.jpg,f9d55c668e23cf6fbeec50bdf55ff437,bilateral_symmetry,0.7074,0.716605,0.022709,-0.4053,no sep,20
coral (bleached),,001B282.jpg,f9d55c668e23cf6fbeec50bdf55ff437,f_dim,1.9649,1.98271,0.002932,-6.0753,SEPARATED,20
coral (bleached),,001B282.jpg,f9d55c668e23cf6fbeec50bdf55ff437,lacunarity_mean,1.3745,1.24399,0.01637,7.9726,SEPARATED,20
coral (bleached),,001B282.jpg,f9d55c668e23cf6fbeec50bdf55ff437,multifractal_width,2.1966,2.318615,0.199594,-0.6113,no sep,20
coral (bleached),,001B282.jpg,f9d55c668e23cf6fbeec50bdf55ff437,orientation_coherence,0.4544,0.393715,0.002849,21.3038,SEPARATED,20
coral (bleached),,001B282.jpg,f9d55c668e23cf6fbeec50bdf55ff437,multiscale_entropy_slope,-0.062,-0.06553,0.005515,0.6401,no sep,20
coral (bleached),,001B282.jpg,f9d55c668e23cf6fbeec50bdf55ff437,junctions,7416.0,6532.5,119.103946,7.4179,SEPARATED,20
coral (bleached),,001B282.jpg,f9d55c668e23cf6fbeec50bdf55ff437,clustering,0.267814,0.276136,0.002046,-4.0665,SEPARATED,20
coral (bleached),,001B282.jpg,f9d55c668e23cf6fbeec50bdf55ff437,plateau,0.787891,0.8008,0.007376,-1.7501,no sep,20
coral (bleached),,001B282.jpg,f9d55c668e23cf6fbeec50bdf55ff437,entropy,7.8891,7.8891,0.0,0.0,no sep,20
coral (bleached),,001B282.jpg,f9d55c668e23cf6fbeec50bdf55ff437,forbidden_coverage,0.0044,0.0,0.0,nan,zero-var,20
coral (bleached),,001B282.jpg,f9d55c668e23cf6fbeec50bdf55ff437,tau_ratio_score,0.0,0.0,0.0,0.0,no sep,20
coral (healthy),,001H086.jpg,7a03a9822195150d956d3ec7791eca67,betti_0,599.0,599.0,0.0,0.0,no sep,20
coral (healthy),,001H086.jpg,7a03a9822195150d956d3ec7791eca67,betti_1,91.0,122.85,11.645922,-2.7349,MARGINAL,20
coral (healthy),,001H086.jpg,7a03a9822195150d956d3ec7791eca67,persistence_entropy_h1,4.6171,4.806915,0.049136,-3.8631,SEPARATED,20
coral (healthy),,001H086.jpg,7a03a9822195150d956d3ec7791eca67,total_persistence_h1,151.4978,155.375135,4.729577,-0.8198,no sep,20
coral (healthy),,001H086.jpg,7a03a9822195150d956d3ec7791eca67,euler_mean,22.2188,43.698435,5.340003,-4.0224,SEPARATED,20
coral (healthy),,001H086.jpg,7a03a9822195150d956d3ec7791eca67,euler_std,81.6401,132.866655,7.232804,-7.0825,SEPARATED,20
coral (healthy),,001H086.jpg,7a03a9822195150d956d3ec7791eca67,euler_range,418.0,410.95,35.887985,0.1964,no sep,20
coral (healthy),,001H086.jpg,7a03a9822195150d956d3ec7791eca67,bilateral_symmetry,0.7626,0.782625,0.008333,-2.403,MARGINAL,20
coral (healthy),,001H086.jpg,7a03a9822195150d956d3ec7791eca67,f_dim,1.9279,1.97398,0.001304,-35.3355,SEPARATED,20
coral (healthy),,001H086.jpg,7a03a9822195150d956d3ec7791eca67,lacunarity_mean,1.6437,1.305685,0.007311,46.2348,SEPARATED,20
coral (healthy),,001H086.jpg,7a03a9822195150d956d3ec7791eca67,multifractal_width,2.5172,2.533315,0.190829,-0.0844,no sep,20
coral (healthy),,001H086.jpg,7a03a9822195150d956d3ec7791eca67,orientation_coherence,0.6155,0.45174,0.002119,77.2883,SEPARATED,20
coral (healthy),,001H086.jpg,7a03a9822195150d956d3ec7791eca67,multiscale_entropy_slope,-0.0296,-0.02587,0.003853,-0.9681,no sep,20
coral (healthy),,001H086.jpg,7a03a9822195150d956d3ec7791eca67,junctions,3226.0,5107.4,195.339806,-9.6314,SEPARATED,20
coral (healthy),,001H086.jpg,7a03a9822195150d956d3ec7791eca67,clustering,0.284322,0.277997,0.002503,2.5263,MARGINAL,20
coral (healthy),,001H086.jpg,7a03a9822195150d956d3ec7791eca67,plateau,0.817111,0.802429,0.007006,2.0957,MARGINAL,20
coral (healthy),,001H086.jpg,7a03a9822195150d956d3ec7791eca67,entropy,7.4584,7.4584,0.0,0.0,no sep,20
coral (healthy),,001H086.jpg,7a03a9822195150d956d3ec7791eca67,forbidden_coverage,0.3022,0.000885,0.002261,133.2512,SEPARATED,20
coral (healthy),,001H086.jpg,7a03a9822195150d956d3ec7791eca67,tau_ratio_score,0.0,0.0,0.0,0.0,no sep,20
coral (healthy),,001H238.jpg,1a5b2fc1c36eaa45cf243f8daa14211f,betti_0,599.0,599.0,0.0,0.0,no sep,20
coral (healthy),,001H238.jpg,1a5b2fc1c36eaa45cf243f8daa14211f,betti_1,117.0,133.1,9.9995,-1.6101,no sep,20
coral (healthy),,001H238.jpg,1a5b2fc1c36eaa45cf243f8daa14211f,persistence_entropy_h1,4.7906,4.83622,0.050741,-0.8991,no sep,20
coral (healthy),,001H238.jpg,1a5b2fc1c36eaa45cf243f8daa14211f,total_persistence_h1,151.6605,158.37611,6.671495,-1.0066,no sep,20
coral (healthy),,001H238.jpg,1a5b2fc1c36eaa45cf243f8daa14211f,euler_mean,28.8438,24.28749,3.025326,1.5061,no sep,20
coral (healthy),,001H238.jpg,1a5b2fc1c36eaa45cf243f8daa14211f,euler_std,122.1137,158.902225,4.517082,-8.1443,SEPARATED,20
coral (healthy),,001H238.jpg,1a5b2fc1c36eaa45cf243f8daa14211f,euler_range,394.0,518.0,23.809662,-5.208,SEPARATED,20
coral (healthy),,001H238.jpg,1a5b2fc1c36eaa45cf243f8daa14211f,bilateral_symmetry,0.7815,0.77851,0.015431,0.1938,no sep,20
coral (healthy),,001H238.jpg,1a5b2fc1c36eaa45cf243f8daa14211f,f_dim,1.9419,1.988175,0.001683,-27.4985,SEPARATED,20
coral (healthy),,001H238.jpg,1a5b2fc1c36eaa45cf243f8daa14211f,lacunarity_mean,1.4844,1.210975,0.010602,25.79,SEPARATED,20
coral (healthy),,001H238.jpg,1a5b2fc1c36eaa45cf243f8daa14211f,multifractal_width,0.2625,0.511985,0.029331,-8.5058,SEPARATED,20
coral (healthy),,001H238.jpg,1a5b2fc1c36eaa45cf243f8daa14211f,orientation_coherence,0.4681,0.385395,0.002191,37.7476,SEPARATED,20
coral (healthy),,001H238.jpg,1a5b2fc1c36eaa45cf243f8daa14211f,multiscale_entropy_slope,-0.0881,-0.08223,0.003785,-1.5509,no sep,20
coral (healthy),,001H238.jpg,1a5b2fc1c36eaa45cf243f8daa14211f,junctions,5141.0,5807.35,185.052229,-3.6009,SEPARATED,20
coral (healthy),,001H238.jpg,1a5b2fc1c36eaa45cf243f8daa14211f,clustering,0.275152,0.279844,0.002505,-1.8729,no sep,20
coral (healthy),,001H238.jpg,1a5b2fc1c36eaa45cf243f8daa14211f,plateau,0.80179,0.80807,0.006446,-0.9743,no sep,20
coral (healthy),,001H238.jpg,1a5b2fc1c36eaa45cf243f8daa14211f,entropy,7.688,7.688,0.0,0.0,no sep,20
coral (healthy),,001H238.jpg,1a5b2fc1c36eaa45cf243f8daa14211f,forbidden_coverage,0.1689,0.002655,0.003815,43.5733,SEPARATED,20
coral (healthy),,001H238.jpg,1a5b2fc1c36eaa45cf243f8daa14211f,tau_ratio_score,0.0,0.0,0.0,0.0,no sep,20
coral (healthy),,001H094.jpg,a8d39b45f4bb0ae41e94b353d9e2463b,betti_0,599.0,599.0,0.0,0.0,no sep,20
coral (healthy),,001H094.jpg,a8d39b45f4bb0ae41e94b353d9e2463b,betti_1,42.0,112.05,14.644026,-4.7835,SEPARATED,20
coral (healthy),,001H094.jpg,a8d39b45f4bb0ae41e94b353d9e2463b,persistence_entropy_h1,4.4134,4.75108,0.066346,-5.0897,SEPARATED,20
coral (healthy),,001H094.jpg,a8d39b45f4bb0ae41e94b353d9e2463b,total_persistence_h1,108.202,151.821315,8.137245,-5.3605,SEPARATED,20
coral (healthy),,001H094.jpg,a8d39b45f4bb0ae41e94b353d9e2463b,euler_mean,21.9688,39.46874,2.037185,-8.5903,SEPARATED,20
coral (healthy),,001H094.jpg,a8d39b45f4bb0ae41e94b353d9e2463b,euler_std,126.2991,197.78707,4.037866,-17.7044,SEPARATED,20
coral (healthy),,001H094.jpg,a8d39b45f4bb0ae41e94b353d9e2463b,euler_range,514.0,849.0,39.605555,-8.4584,SEPARATED,20
coral (healthy),,001H094.jpg,a8d39b45f4bb0ae41e94b353d9e2463b,bilateral_symmetry,0.9051,0.9019,0.001899,1.6847,no sep,20
coral (healthy),,001H094.jpg,a8d39b45f4bb0ae41e94b353d9e2463b,f_dim,1.8402,1.972315,0.003301,-40.027,SEPARATED,20
coral (healthy),,001H094.jpg,a8d39b45f4bb0ae41e94b353d9e2463b,lacunarity_mean,2.2394,1.31656,0.021725,42.4791,SEPARATED,20
coral (healthy),,001H094.jpg,a8d39b45f4bb0ae41e94b353d9e2463b,multifractal_width,0.1458,0.144035,0.005793,0.3047,no sep,20
coral (healthy),,001H094.jpg,a8d39b45f4bb0ae41e94b353d9e2463b,orientation_coherence,0.4997,0.35053,0.001973,75.5924,SEPARATED,20
coral (healthy),,001H094.jpg,a8d39b45f4bb0ae41e94b353d9e2463b,multiscale_entropy_slope,-0.1222,-0.123695,0.004716,0.317,no sep,20
coral (healthy),,001H094.jpg,a8d39b45f4bb0ae41e94b353d9e2463b,junctions,3159.0,4886.4,105.888337,-16.3134,SEPARATED,20
coral (healthy),,001H094.jpg,a8d39b45f4bb0ae41e94b353d9e2463b,clustering,0.279132,0.279842,0.002505,-0.2836,no sep,20
coral (healthy),,001H094.jpg,a8d39b45f4bb0ae41e94b353d9e2463b,plateau,0.801519,0.811249,0.006961,-1.3978,no sep,20
coral (healthy),,001H094.jpg,a8d39b45f4bb0ae41e94b353d9e2463b,entropy,6.6694,6.6694,0.0,0.0,no sep,20
coral (healthy),,001H094.jpg,a8d39b45f4bb0ae41e94b353d9e2463b,forbidden_coverage,0.1378,0.00932,0.006432,19.9763,SEPARATED,20
coral (healthy),,001H094.jpg,a8d39b45f4bb0ae41e94b353d9e2463b,tau_ratio_score,0.0,0.0,0.0,0.0,no sep,20
coral (healthy),,001H160.jpg,63efe719b052406cd272bd9c80865661,betti_0,599.0,599.0,0.0,0.0,no sep,20
coral (healthy),,001H160.jpg,63efe719b052406cd272bd9c80865661,betti_1,82.0,116.6,15.037952,-2.3008,MARGINAL,20
coral (healthy),,001H160.jpg,63efe719b052406cd272bd9c80865661,persistence_entropy_h1,4.6638,4.78552,0.059762,-2.0368,MARGINAL,20
coral (healthy),,001H160.jpg,63efe719b052406cd272bd9c80865661,total_persistence_h1,145.048,154.146355,3.981792,-2.285,MARGINAL,20
coral (healthy),,001H160.jpg,63efe719b052406cd272bd9c80865661,euler_mean,23.75,12.75469,3.488029,3.1523,SEPARATED,20
coral (healthy),,001H160.jpg,63efe719b052406cd272bd9c80865661,euler_std,69.5575,86.56872,2.415478,-7.0426,SEPARATED,20
coral (healthy),,001H160.jpg,63efe719b052406cd272bd9c80865661,euler_range,220.0,302.6,18.045498,-4.5773,SEPARATED,20
coral (healthy),,001H160.jpg,63efe719b052406cd272bd9c80865661,bilateral_symmetry,0.7645,0.777985,0.009242,-1.4591,no sep,20
coral (healthy),,001H160.jpg,63efe719b052406cd272bd9c80865661,f_dim,1.8957,1.96774,0.003045,-23.6605,SEPARATED,20
coral (healthy),,001H160.jpg,63efe719b052406cd272bd9c80865661,lacunarity_mean,1.8428,1.33306,0.017719,28.7674,SEPARATED,20
coral (healthy),,001H160.jpg,63efe719b052406cd272bd9c80865661,multifractal_width,0.5799,0.68032,0.106408,-0.9437,no sep,20
coral (healthy),,001H160.jpg,63efe719b052406cd272bd9c80865661,orientation_coherence,0.5524,0.444725,0.002984,36.0808,SEPARATED,20
coral (healthy),,001H160.jpg,63efe719b052406cd272bd9c80865661,multiscale_entropy_slope,-0.0716,-0.06073,0.004486,-2.4232,MARGINAL,20
coral (healthy),,001H160.jpg,63efe719b052406cd272bd9c80865661,junctions,3329.0,4595.0,217.706454,-5.8152,SEPARATED,20
coral (healthy),,001H160.jpg,63efe719b052406cd272bd9c80865661,clustering,0.278228,0.274479,0.002882,1.3012,no sep,20
coral (healthy),,001H160.jpg,63efe719b052406cd272bd9c80865661,plateau,0.79243,0.799132,0.008242,-0.8131,no sep,20
coral (healthy),,001H160.jpg,63efe719b052406cd272bd9c80865661,entropy,7.6558,7.6558,0.0,0.0,no sep,20
coral (healthy),,001H160.jpg,63efe719b052406cd272bd9c80865661,forbidden_coverage,0.2089,0.001105,0.002376,87.4705,SEPARATED,20
coral (healthy),,001H160.jpg,63efe719b052406cd272bd9c80865661,tau_ratio_score,0.0,0.0,0.0,0.0,no sep,20
coral (healthy),,001H327.jpg,bfe65f34bb40d7d4eb2e1a64229f1e78,betti_0,599.0,599.0,0.0,0.0,no sep,20
coral (healthy),,001H327.jpg,bfe65f34bb40d7d4eb2e1a64229f1e78,betti_1,56.0,69.7,10.129659,-1.3525,no sep,20
coral (healthy),,001H327.jpg,bfe65f34bb40d7d4eb2e1a64229f1e78,persistence_entropy_h1,4.4105,4.39478,0.090965,0.1728,no sep,20
coral (healthy),,001H327.jpg,bfe65f34bb40d7d4eb2e1a64229f1e78,total_persistence_h1,88.3062,127.219295,7.88935,-4.9324,SEPARATED,20
coral (healthy),,001H327.jpg,bfe65f34bb40d7d4eb2e1a64229f1e78,euler_mean,14.9062,3.29218,3.489071,3.3287,SEPARATED,20
coral (healthy),,001H327.jpg,bfe65f34bb40d7d4eb2e1a64229f1e78,euler_std,57.1759,92.029255,4.438736,-7.8521,SEPARATED,20
coral (healthy),,001H327.jpg,bfe65f34bb40d7d4eb2e1a64229f1e78,euler_range,276.0,453.75,32.455932,-5.4767,SEPARATED,20
coral (healthy),,001H327.jpg,bfe65f34bb40d7d4eb2e1a64229f1e78,bilateral_symmetry,0.9345,0.93009,0.003194,1.3806,no sep,20
coral (healthy),,001H327.jpg,bfe65f34bb40d7d4eb2e1a64229f1e78,f_dim,1.6945,1.680385,0.014796,0.954,no sep,20
coral (healthy),,001H327.jpg,bfe65f34bb40d7d4eb2e1a64229f1e78,lacunarity_mean,4.2727,4.42994,0.236363,-0.6652,no sep,20
coral (healthy),,001H327.jpg,bfe65f34bb40d7d4eb2e1a64229f1e78,multifractal_width,0.2769,0.33029,0.030147,-1.771,no sep,20
coral (healthy),,001H327.jpg,bfe65f34bb40d7d4eb2e1a64229f1e78,orientation_coherence,0.4781,0.384415,0.002951,31.7453,SEPARATED,20
coral (healthy),,001H327.jpg,bfe65f34bb40d7d4eb2e1a64229f1e78,multiscale_entropy_slope,-0.0502,0.009825,0.002629,-22.8348,SEPARATED,20
coral (healthy),,001H327.jpg,bfe65f34bb40d7d4eb2e1a64229f1e78,junctions,1374.0,1617.5,66.81654,-3.6443,SEPARATED,20
coral (healthy),,001H327.jpg,bfe65f34bb40d7d4eb2e1a64229f1e78,clustering,0.288533,0.287814,0.003776,0.1904,no sep,20
coral (healthy),,001H327.jpg,bfe65f34bb40d7d4eb2e1a64229f1e78,plateau,0.820233,0.82289,0.008343,-0.3185,no sep,20
coral (healthy),,001H327.jpg,bfe65f34bb40d7d4eb2e1a64229f1e78,entropy,5.834,5.834,0.0,0.0,no sep,20
coral (healthy),,001H327.jpg,bfe65f34bb40d7d4eb2e1a64229f1e78,forbidden_coverage,0.1867,0.01822,0.010432,16.1502,SEPARATED,20
coral (healthy),,001H327.jpg,bfe65f34bb40d7d4eb2e1a64229f1e78,tau_ratio_score,0.0,0.0,0.0,0.0,no sep,20
coral (healthy),,001H369.jpg,bc9148b8460670afc88e1506eec4f9ea,betti_0,599.0,599.0,0.0,0.0,no sep,20
coral (healthy),,001H369.jpg,bc9148b8460670afc88e1506eec4f9ea,betti_1,113.0,128.95,9.952261,-1.6027,no sep,20
coral (healthy),,001H369.jpg,bc9148b8460670afc88e1506eec4f9ea,persistence_entropy_h1,4.7191,4.806705,0.062054,-1.4118,no sep,20
coral (healthy),,001H369.jpg,bc9148b8460670afc88e1506eec4f9ea,total_persistence_h1,140.0695,156.483075,6.167368,-2.6614,MARGINAL,20
coral (healthy),,001H369.jpg,bc9148b8460670afc88e1506eec4f9ea,euler_mean,47.9062,11.8875,5.169447,6.9676,SEPARATED,20
coral (healthy),,001H369.jpg,bc9148b8460670afc88e1506eec4f9ea,euler_std,119.747,208.21112,4.938874,-17.9118,SEPARATED,20
coral (healthy),,001H369.jpg,bc9148b8460670afc88e1506eec4f9ea,euler_range,415.0,807.35,32.216882,-12.1784,SEPARATED,20
coral (healthy),,001H369.jpg,bc9148b8460670afc88e1506eec4f9ea,bilateral_symmetry,0.8954,0.88871,0.003006,2.2258,MARGINAL,20
coral (healthy),,001H369.jpg,bc9148b8460670afc88e1506eec4f9ea,f_dim,1.8128,1.977225,0.001449,-113.4404,SEPARATED,20
coral (healthy),,001H369.jpg,bc9148b8460670afc88e1506eec4f9ea,lacunarity_mean,2.5895,1.29839,0.010222,126.306,SEPARATED,20
coral (healthy),,001H369.jpg,bc9148b8460670afc88e1506eec4f9ea,multifractal_width,2.0231,1.639565,0.225684,1.6994,no sep,20
coral (healthy),,001H369.jpg,bc9148b8460670afc88e1506eec4f9ea,orientation_coherence,0.4889,0.370885,0.001657,71.214,SEPARATED,20
coral (healthy),,001H369.jpg,bc9148b8460670afc88e1506eec4f9ea,multiscale_entropy_slope,-0.1216,-0.122065,0.00428,0.1086,no sep,20
coral (healthy),,001H369.jpg,bc9148b8460670afc88e1506eec4f9ea,junctions,3314.0,3811.05,157.80541,-3.1498,SEPARATED,20
coral (healthy),,001H369.jpg,bc9148b8460670afc88e1506eec4f9ea,clustering,0.278582,0.288463,0.003143,-3.1439,SEPARATED,20
coral (healthy),,001H369.jpg,bc9148b8460670afc88e1506eec4f9ea,plateau,0.809596,0.818601,0.006169,-1.4598,no sep,20
coral (healthy),,001H369.jpg,bc9148b8460670afc88e1506eec4f9ea,entropy,6.8346,6.8346,0.0,0.0,no sep,20
coral (healthy),,001H369.jpg,bc9148b8460670afc88e1506eec4f9ea,forbidden_coverage,0.0711,0.002435,0.003285,20.9016,SEPARATED,20
coral (healthy),,001H369.jpg,bc9148b8460670afc88e1506eec4f9ea,tau_ratio_score,0.0,0.0,0.0,0.0,no sep,20
coral (healthy),,001H335.jpg,76625581b12dc7670cf72d67e26a6a67,betti_0,599.0,599.0,0.0,0.0,no sep,20
coral (healthy),,001H335.jpg,76625581b12dc7670cf72d67e26a6a67,betti_1,79.0,137.1,8.478797,-6.8524,SEPARATED,20
coral (healthy),,001H335.jpg,76625581b12dc7670cf72d67e26a6a67,persistence_entropy_h1,4.7122,4.861935,0.04608,-3.2494,SEPARATED,20
coral (healthy),,001H335.jpg,76625581b12dc7670cf72d67e26a6a67,total_persistence_h1,132.7154,158.353135,5.51747,-4.6466,SEPARATED,20
coral (healthy),,001H335.jpg,76625581b12dc7670cf72d67e26a6a67,euler_mean,36.4062,50.374995,5.882374,-2.3747,MARGINAL,20
coral (healthy),,001H335.jpg,76625581b12dc7670cf72d67e26a6a67,euler_std,84.3304,181.655965,12.452196,-7.8159,SEPARATED,20
coral (healthy),,001H335.jpg,76625581b12dc7670cf72d67e26a6a67,euler_range,268.0,496.95,43.690359,-5.2403,SEPARATED,20
coral (healthy),,001H335.jpg,76625581b12dc7670cf72d67e26a6a67,bilateral_symmetry,0.8035,0.77535,0.011445,2.4595,MARGINAL,20
coral (healthy),,001H335.jpg,76625581b12dc7670cf72d67e26a6a67,f_dim,1.8866,1.97294,0.002033,-42.4779,SEPARATED,20
coral (healthy),,001H335.jpg,76625581b12dc7670cf72d67e26a6a67,lacunarity_mean,1.9022,1.32054,0.013366,43.519,SEPARATED,20
coral (healthy),,001H335.jpg,76625581b12dc7670cf72d67e26a6a67,multifractal_width,1.126,1.840325,0.278811,-2.562,MARGINAL,20
coral (healthy),,001H335.jpg,76625581b12dc7670cf72d67e26a6a67,orientation_coherence,0.4976,0.394635,0.002428,42.4142,SEPARATED,20
coral (healthy),,001H335.jpg,76625581b12dc7670cf72d67e26a6a67,multiscale_entropy_slope,-0.0713,-0.03013,0.00477,-8.6316,SEPARATED,20
coral (healthy),,001H335.jpg,76625581b12dc7670cf72d67e26a6a67,junctions,4018.0,6393.8,160.064862,-14.8427,SEPARATED,20
coral (healthy),,001H335.jpg,76625581b12dc7670cf72d67e26a6a67,clustering,0.275925,0.2729,0.001717,1.7622,no sep,20
coral (healthy),,001H335.jpg,76625581b12dc7670cf72d67e26a6a67,plateau,0.802887,0.798174,0.006748,0.6983,no sep,20
coral (healthy),,001H335.jpg,76625581b12dc7670cf72d67e26a6a67,entropy,7.5138,7.5138,0.0,0.0,no sep,20
coral (healthy),,001H335.jpg,76625581b12dc7670cf72d67e26a6a67,forbidden_coverage,0.28,0.015765,0.010091,26.1855,SEPARATED,20
coral (healthy),,001H335.jpg,76625581b12dc7670cf72d67e26a6a67,tau_ratio_score,0.0,0.0,0.0,0.0,no sep,20
coral (healthy),,001H147.jpg,af330e073b4c783a7aeffe4f8db9fe09,betti_0,599.0,599.0,0.0,0.0,no sep,20
coral (healthy),,001H147.jpg,af330e073b4c783a7aeffe4f8db9fe09,betti_1,95.0,97.6,14.728883,-0.1765,no sep,20
coral (healthy),,001H147.jpg,af330e073b4c783a7aeffe4f8db9fe09,persistence_entropy_h1,4.7494,4.703415,0.086034,0.5345,no sep,20
coral (healthy),,001H147.jpg,af330e073b4c783a7aeffe4f8db9fe09,total_persistence_h1,135.2384,149.072325,5.667534,-2.4409,MARGINAL,20
coral (healthy),,001H147.jpg,af330e073b4c783a7aeffe4f8db9fe09,euler_mean,14.2812,28.826555,3.346356,-4.3466,SEPARATED,20
coral (healthy),,001H147.jpg,af330e073b4c783a7aeffe4f8db9fe09,euler_std,61.3077,83.92223,5.036915,-4.4898,SEPARATED,20
coral (healthy),,001H147.jpg,af330e073b4c783a7aeffe4f8db9fe09,euler_range,268.0,325.6,31.335922,-1.8381,no sep,20
coral (healthy),,001H147.jpg,af330e073b4c783a7aeffe4f8db9fe09,bilateral_symmetry,0.7758,0.79727,0.023777,-0.903,no sep,20
coral (healthy),,001H147.jpg,af330e073b4c783a7aeffe4f8db9fe09,f_dim,1.9209,1.94493,0.007315,-3.2849,SEPARATED,20
coral (healthy),,001H147.jpg,af330e073b4c783a7aeffe4f8db9fe09,lacunarity_mean,1.622,1.45884,0.043296,3.7685,SEPARATED,20
coral (healthy),,001H147.jpg,af330e073b4c783a7aeffe4f8db9fe09,multifractal_width,0.2227,0.590635,0.224647,-1.6378,no sep,20
coral (healthy),,001H147.jpg,af330e073b4c783a7aeffe4f8db9fe09,orientation_coherence,0.4865,0.38823,0.002816,34.8921,SEPARATED,20
coral (healthy),,001H147.jpg,af330e073b4c783a7aeffe4f8db9fe09,multiscale_entropy_slope,-0.0515,-0.04448,0.003947,-1.7785,no sep,20
coral (healthy),,001H147.jpg,af330e073b4c783a7aeffe4f8db9fe09,junctions,4235.0,5395.6,213.828296,-5.4277,SEPARATED,20
coral (healthy),,001H147.jpg,af330e073b4c783a7aeffe4f8db9fe09,clustering,0.27564,0.272483,0.002034,1.5521,no sep,20
coral (healthy),,001H147.jpg,af330e073b4c783a7aeffe4f8db9fe09,plateau,0.808264,0.793162,0.004789,3.1535,SEPARATED,20
coral (healthy),,001H147.jpg,af330e073b4c783a7aeffe4f8db9fe09,entropy,7.5266,7.5266,0.0,0.0,no sep,20
coral (healthy),,001H147.jpg,af330e073b4c783a7aeffe4f8db9fe09,forbidden_coverage,0.2089,0.00044,0.00132,157.9242,SEPARATED,20
coral (healthy),,001H147.jpg,af330e073b4c783a7aeffe4f8db9fe09,tau_ratio_score,0.0,0.0,0.0,0.0,no sep,20
coral (healthy),,001H061.jpg,3e12560427a8d0f705c74f771b5c55fc,betti_0,599.0,599.0,0.0,0.0,no sep,20
coral (healthy),,001H061.jpg,3e12560427a8d0f705c74f771b5c55fc,betti_1,74.0,129.65,7.650327,-7.2742,SEPARATED,20
coral (healthy),,001H061.jpg,3e12560427a8d0f705c74f771b5c55fc,persistence_entropy_h1,4.5181,4.81714,0.037427,-7.99,SEPARATED,20
coral (healthy),,001H061.jpg,3e12560427a8d0f705c74f771b5c55fc,total_persistence_h1,132.9,152.635865,4.86379,-4.0577,SEPARATED,20
coral (healthy),,001H061.jpg,3e12560427a8d0f705c74f771b5c55fc,euler_mean,63.6562,65.87969,4.888104,-0.4549,no sep,20
coral (healthy),,001H061.jpg,3e12560427a8d0f705c74f771b5c55fc,euler_std,167.2873,311.362825,5.680533,-25.363,SEPARATED,20
coral (healthy),,001H061.jpg,3e12560427a8d0f705c74f771b5c55fc,euler_range,541.0,1078.05,33.662256,-15.9541,SEPARATED,20
coral (healthy),,001H061.jpg,3e12560427a8d0f705c74f771b5c55fc,bilateral_symmetry,0.8644,0.854845,0.002139,4.467,SEPARATED,20
coral (healthy),,001H061.jpg,3e12560427a8d0f705c74f771b5c55fc,f_dim,1.8824,1.98644,0.000609,-170.718,SEPARATED,20
coral (healthy),,001H061.jpg,3e12560427a8d0f705c74f771b5c55fc,lacunarity_mean,1.9385,1.232235,0.004905,143.985,SEPARATED,20
coral (healthy),,001H061.jpg,3e12560427a8d0f705c74f771b5c55fc,multifractal_width,0.6717,0.556495,0.058467,1.9704,no sep,20
coral (healthy),,001H061.jpg,3e12560427a8d0f705c74f771b5c55fc,orientation_coherence,0.5203,0.423805,0.001503,64.1808,SEPARATED,20
coral (healthy),,001H061.jpg,3e12560427a8d0f705c74f771b5c55fc,multiscale_entropy_slope,-0.1406,-0.153185,0.005722,2.1995,MARGINAL,20
coral (healthy),,001H061.jpg,3e12560427a8d0f705c74f771b5c55fc,junctions,4192.0,5554.8,135.059468,-10.0904,SEPARATED,20
coral (healthy),,001H061.jpg,3e12560427a8d0f705c74f771b5c55fc,clustering,0.273908,0.278844,0.002456,-2.0095,MARGINAL,20
coral (healthy),,001H061.jpg,3e12560427a8d0f705c74f771b5c55fc,plateau,0.807729,0.807616,0.003883,0.0292,no sep,20
coral (healthy),,001H061.jpg,3e12560427a8d0f705c74f771b5c55fc,entropy,7.0259,7.0259,0.0,0.0,no sep,20
coral (healthy),,001H061.jpg,3e12560427a8d0f705c74f771b5c55fc,forbidden_coverage,0.5333,0.10844,0.018016,23.5821,SEPARATED,20
coral (healthy),,001H061.jpg,3e12560427a8d0f705c74f771b5c55fc,tau_ratio_score,0.0083,0.0,0.0,nan,zero-var,20
coral (healthy),,001H150.jpg,d9ca39773cb093ed06c0e4778dbbb9a5,betti_0,599.0,599.0,0.0,0.0,no sep,20
coral (healthy),,001H150.jpg,d9ca39773cb093ed06c0e4778dbbb9a5,betti_1,109.0,126.15,8.844631,-1.939,no sep,20
coral (healthy),,001H150.jpg,d9ca39773cb093ed06c0e4778dbbb9a5,persistence_entropy_h1,4.815,4.79773,0.043268,0.3991,no sep,20
coral (healthy),,001H150.jpg,d9ca39773cb093ed06c0e4778dbbb9a5,total_persistence_h1,152.3141,153.95647,5.776422,-0.2843,no sep,20
coral (healthy),,001H150.jpg,d9ca39773cb093ed06c0e4778dbbb9a5,euler_mean,22.25,31.448425,5.946101,-1.547,no sep,20
coral (healthy),,001H150.jpg,d9ca39773cb093ed06c0e4778dbbb9a5,euler_std,84.5484,138.54881,7.905554,-6.8307,SEPARATED,20
coral (healthy),,001H150.jpg,d9ca39773cb093ed06c0e4778dbbb9a5,euler_range,288.0,445.55,35.946453,-4.3829,SEPARATED,20
coral (healthy),,001H150.jpg,d9ca39773cb093ed06c0e4778dbbb9a5,bilateral_symmetry,0.8341,0.836545,0.008058,-0.3034,no sep,20
coral (healthy),,001H150.jpg,d9ca39773cb093ed06c0e4778dbbb9a5,f_dim,1.9065,1.979875,0.00249,-29.4637,SEPARATED,20
coral (healthy),,001H150.jpg,d9ca39773cb093ed06c0e4778dbbb9a5,lacunarity_mean,1.7277,1.26755,0.017412,26.4266,SEPARATED,20
coral (healthy),,001H150.jpg,d9ca39773cb093ed06c0e4778dbbb9a5,multifractal_width,0.6494,0.70748,0.090884,-0.6391,no sep,20
coral (healthy),,001H150.jpg,d9ca39773cb093ed06c0e4778dbbb9a5,orientation_coherence,0.4965,0.39129,0.00198,53.1398,SEPARATED,20
coral (healthy),,001H150.jpg,d9ca39773cb093ed06c0e4778dbbb9a5,multiscale_entropy_slope,-0.0868,-0.079485,0.005664,-1.2915,no sep,20
coral (healthy),,001H150.jpg,d9ca39773cb093ed06c0e4778dbbb9a5,junctions,3686.0,4992.25,109.180069,-11.9642,SEPARATED,20
coral (healthy),,001H150.jpg,d9ca39773cb093ed06c0e4778dbbb9a5,clustering,0.274824,0.277043,0.002736,-0.8109,no sep,20
coral (healthy),,001H150.jpg,d9ca39773cb093ed06c0e4778dbbb9a5,plateau,0.804938,0.80359,0.006565,0.2053,no sep,20
coral (healthy),,001H150.jpg,d9ca39773cb093ed06c0e4778dbbb9a5,entropy,7.366,7.366,0.0,0.0,no sep,20
coral (healthy),,001H150.jpg,d9ca39773cb093ed06c0e4778dbbb9a5,forbidden_coverage,0.2978,0.00955,0.005849,49.2821,SEPARATED,20
coral (healthy),,001H150.jpg,d9ca39773cb093ed06c0e4778dbbb9a5,tau_ratio_score,0.0,0.0,0.0,0.0,no sep,20
coral (healthy),,001H297.jpg,179e6359e655318983f26eee3d026e24,betti_0,599.0,599.0,0.0,0.0,no sep,20
coral (healthy),,001H297.jpg,179e6359e655318983f26eee3d026e24,betti_1,122.0,134.45,10.542651,-1.1809,no sep,20
coral (healthy),,001H297.jpg,179e6359e655318983f26eee3d026e24,persistence_entropy_h1,4.7395,4.839405,0.040922,-2.4413,MARGINAL,20
coral (healthy),,001H297.jpg,179e6359e655318983f26eee3d026e24,total_persistence_h1,128.164,155.86402,5.452678,-5.0801,SEPARATED,20
coral (healthy),,001H297.jpg,179e6359e655318983f26eee3d026e24,euler_mean,51.75,0.98593,12.427906,4.0847,SEPARATED,20
coral (healthy),,001H297.jpg,179e6359e655318983f26eee3d026e24,euler_std,181.4151,273.69062,10.630093,-8.6806,SEPARATED,20
coral (healthy),,001H297.jpg,179e6359e655318983f26eee3d026e24,euler_range,634.0,867.0,64.979227,-3.5858,SEPARATED,20
coral (healthy),,001H297.jpg,179e6359e655318983f26eee3d026e24,bilateral_symmetry,0.8387,0.829835,0.011757,0.754,no sep,20
coral (healthy),,001H297.jpg,179e6359e655318983f26eee3d026e24,f_dim,1.9236,1.998495,0.000153,-488.8212,SEPARATED,20
coral (healthy),,001H297.jpg,179e6359e655318983f26eee3d026e24,lacunarity_mean,1.5608,1.102855,0.001062,431.2805,SEPARATED,20
coral (healthy),,001H297.jpg,179e6359e655318983f26eee3d026e24,multifractal_width,0.9575,0.8068,0.068568,2.1978,MARGINAL,20
coral (healthy),,001H297.jpg,179e6359e655318983f26eee3d026e24,orientation_coherence,0.3725,0.328305,0.002083,21.2131,SEPARATED,20
coral (healthy),,001H297.jpg,179e6359e655318983f26eee3d026e24,multiscale_entropy_slope,-0.1249,-0.11973,0.00375,-1.3787,no sep,20
coral (healthy),,001H297.jpg,179e6359e655318983f26eee3d026e24,junctions,6615.0,8261.65,296.067437,-5.5617,SEPARATED,20
coral (healthy),,001H297.jpg,179e6359e655318983f26eee3d026e24,clustering,0.258033,0.260702,0.001359,-1.9638,no sep,20
coral (healthy),,001H297.jpg,179e6359e655318983f26eee3d026e24,plateau,0.78458,0.780468,0.005206,0.79,no sep,20
coral (healthy),,001H297.jpg,179e6359e655318983f26eee3d026e24,entropy,7.4249,7.4249,0.0,0.0,no sep,20
coral (healthy),,001H297.jpg,179e6359e655318983f26eee3d026e24,forbidden_coverage,0.0356,0.036895,0.010702,-0.121,no sep,20
coral (healthy),,001H297.jpg,179e6359e655318983f26eee3d026e24,tau_ratio_score,0.0,0.0,0.0,0.0,no sep,20
coral (healthy),,001H360.jpg,0e90cd9d9965903d4db705fc12511634,betti_0,599.0,599.0,0.0,0.0,no sep,20
coral (healthy),,001H360.jpg,0e90cd9d9965903d4db705fc12511634,betti_1,113.0,119.95,14.637196,-0.4748,no sep,20
coral (healthy),,001H360.jpg,0e90cd9d9965903d4db705fc12511634,persistence_entropy_h1,4.7138,4.7814,0.049354,-1.3697,no sep,20
coral (healthy),,001H360.jpg,0e90cd9d9965903d4db705fc12511634,total_persistence_h1,138.5519,153.47356,6.242495,-2.3903,MARGINAL,20
coral (healthy),,001H360.jpg,0e90cd9d9965903d4db705fc12511634,euler_mean,69.6562,-4.18594,3.874181,19.0601,SEPARATED,20
coral (healthy),,001H360.jpg,0e90cd9d9965903d4db705fc12511634,euler_std,136.4367,158.296985,5.505192,-3.9708,SEPARATED,20
coral (healthy),,001H360.jpg,0e90cd9d9965903d4db705fc12511634,euler_range,494.0,667.8,42.020947,-4.136,SEPARATED,20
coral (healthy),,001H360.jpg,0e90cd9d9965903d4db705fc12511634,bilateral_symmetry,0.8727,0.87304,0.004044,-0.0841,no sep,20
coral (healthy),,001H360.jpg,0e90cd9d9965903d4db705fc12511634,f_dim,1.8762,1.97368,0.003741,-26.0549,SEPARATED,20
coral (healthy),,001H360.jpg,0e90cd9d9965903d4db705fc12511634,lacunarity_mean,1.9377,1.304855,0.02383,26.5571,SEPARATED,20
coral (healthy),,001H360.jpg,0e90cd9d9965903d4db705fc12511634,multifractal_width,0.2949,0.321595,0.025101,-1.0635,no sep,20
coral (healthy),,001H360.jpg,0e90cd9d9965903d4db705fc12511634,orientation_coherence,0.4457,0.34838,0.001876,51.8673,SEPARATED,20
coral (healthy),,001H360.jpg,0e90cd9d9965903d4db705fc12511634,multiscale_entropy_slope,-0.0879,-0.06411,0.00558,-4.2637,SEPARATED,20
coral (healthy),,001H360.jpg,0e90cd9d9965903d4db705fc12511634,junctions,4524.0,4706.25,103.02615,-1.769,no sep,20
coral (healthy),,001H360.jpg,0e90cd9d9965903d4db705fc12511634,clustering,0.273774,0.279694,0.002318,-2.5537,MARGINAL,20
coral (healthy),,001H360.jpg,0e90cd9d9965903d4db705fc12511634,plateau,0.801503,0.808606,0.006942,-1.0231,no sep,20
coral (healthy),,001H360.jpg,0e90cd9d9965903d4db705fc12511634,entropy,6.9945,6.9945,0.0,0.0,no sep,20
coral (healthy),,001H360.jpg,0e90cd9d9965903d4db705fc12511634,forbidden_coverage,0.1867,0.009325,0.007425,23.8882,SEPARATED,20
coral (healthy),,001H360.jpg,0e90cd9d9965903d4db705fc12511634,tau_ratio_score,0.0,0.0,0.0,0.0,no sep,20
coral (healthy),,001H068.jpg,cbe8cd7d5653f18cb0dfa666c0b5a8d9,betti_0,599.0,599.0,0.0,0.0,no sep,20
coral (healthy),,001H068.jpg,cbe8cd7d5653f18cb0dfa666c0b5a8d9,betti_1,113.0,102.75,7.860503,1.304,no sep,20
coral (healthy),,001H068.jpg,cbe8cd7d5653f18cb0dfa666c0b5a8d9,persistence_entropy_h1,4.732,4.679955,0.064734,0.804,no sep,20
coral (healthy),,001H068.jpg,cbe8cd7d5653f18cb0dfa666c0b5a8d9,total_persistence_h1,154.9547,148.570505,7.839719,0.8143,no sep,20
coral (healthy),,001H068.jpg,cbe8cd7d5653f18cb0dfa666c0b5a8d9,euler_mean,91.7812,110.451575,3.660717,-5.1002,SEPARATED,20
coral (healthy),,001H068.jpg,cbe8cd7d5653f18cb0dfa666c0b5a8d9,euler_std,89.3951,128.8409,7.735877,-5.0991,SEPARATED,20
coral (healthy),,001H068.jpg,cbe8cd7d5653f18cb0dfa666c0b5a8d9,euler_range,380.0,625.9,45.099778,-5.4524,SEPARATED,20
coral (healthy),,001H068.jpg,cbe8cd7d5653f18cb0dfa666c0b5a8d9,bilateral_symmetry,0.7989,0.80979,0.005888,-1.8496,no sep,20
coral (healthy),,001H068.jpg,cbe8cd7d5653f18cb0dfa666c0b5a8d9,f_dim,1.862,1.91912,0.004572,-12.4936,SEPARATED,20
coral (healthy),,001H068.jpg,cbe8cd7d5653f18cb0dfa666c0b5a8d9,lacunarity_mean,2.0479,1.64299,0.029303,13.8178,SEPARATED,20
coral (healthy),,001H068.jpg,cbe8cd7d5653f18cb0dfa666c0b5a8d9,multifractal_width,0.5844,1.48671,0.300329,-3.0044,SEPARATED,20
coral (healthy),,001H068.jpg,cbe8cd7d5653f18cb0dfa666c0b5a8d9,orientation_coherence,0.5268,0.47637,0.005054,9.9782,SEPARATED,20
coral (healthy),,001H068.jpg,cbe8cd7d5653f18cb0dfa666c0b5a8d9,multiscale_entropy_slope,-0.0195,-0.03371,0.004002,3.5503,SEPARATED,20
coral (healthy),,001H068.jpg,cbe8cd7d5653f18cb0dfa666c0b5a8d9,junctions,4676.0,5872.3,190.231464,-6.2887,SEPARATED,20
coral (healthy),,001H068.jpg,cbe8cd7d5653f18cb0dfa666c0b5a8d9,clustering,0.280178,0.276849,0.001992,1.6711,no sep,20
coral (healthy),,001H068.jpg,cbe8cd7d5653f18cb0dfa666c0b5a8d9,plateau,0.818862,0.80521,0.006582,2.0744,MARGINAL,20
coral (healthy),,001H068.jpg,cbe8cd7d5653f18cb0dfa666c0b5a8d9,entropy,6.9075,6.9075,0.0,0.0,no sep,20
coral (healthy),,001H068.jpg,cbe8cd7d5653f18cb0dfa666c0b5a8d9,forbidden_coverage,0.3289,0.11468,0.020931,10.2346,SEPARATED,20
coral (healthy),,001H068.jpg,cbe8cd7d5653f18cb0dfa666c0b5a8d9,tau_ratio_score,0.0,0.0,0.0,0.0,no sep,20
coral (healthy),,001H402.jpg,481d2c15a698fd36145f0ed730db3899,betti_0,599.0,599.0,0.0,0.0,no sep,20
coral (healthy),,001H402.jpg,481d2c15a698fd36145f0ed730db3899,betti_1,78.0,98.05,17.399641,-1.1523,no sep,20
coral (healthy),,001H402.jpg,481d2c15a698fd36145f0ed730db3899,persistence_entropy_h1,4.5904,4.66697,0.08967,-0.8539,no sep,20
coral (healthy),,001H402.jpg,481d2c15a698fd36145f0ed730db3899,total_persistence_h1,118.2139,142.74603,6.007813,-4.0834,SEPARATED,20
coral (healthy),,001H402.jpg,481d2c15a698fd36145f0ed730db3899,euler_mean,0.9062,4.44218,2.613923,-1.3527,no sep,20
coral (healthy),,001H402.jpg,481d2c15a698fd36145f0ed730db3899,euler_std,35.214,42.444435,5.628609,-1.2846,no sep,20
coral (healthy),,001H402.jpg,481d2c15a698fd36145f0ed730db3899,euler_range,199.0,189.8,33.641641,0.2735,no sep,20
coral (healthy),,001H402.jpg,481d2c15a698fd36145f0ed730db3899,bilateral_symmetry,0.7079,0.802675,0.046478,-2.0392,MARGINAL,20
coral (healthy),,001H402.jpg,481d2c15a698fd36145f0ed730db3899,f_dim,1.7657,1.838095,0.036845,-1.9649,no sep,20
coral (healthy),,001H402.jpg,481d2c15a698fd36145f0ed730db3899,lacunarity_mean,3.1063,2.320695,0.33824,2.3226,MARGINAL,20
coral (healthy),,001H402.jpg,481d2c15a698fd36145f0ed730db3899,multifractal_width,0.1991,0.23989,0.027062,-1.5073,no sep,20
coral (healthy),,001H402.jpg,481d2c15a698fd36145f0ed730db3899,orientation_coherence,0.5145,0.391235,0.003628,33.9723,SEPARATED,20
coral (healthy),,001H402.jpg,481d2c15a698fd36145f0ed730db3899,multiscale_entropy_slope,-0.0491,-0.031565,0.006671,-2.6285,MARGINAL,20
coral (healthy),,001H402.jpg,481d2c15a698fd36145f0ed730db3899,junctions,2045.0,3012.7,136.775034,-7.0751,SEPARATED,20
coral (healthy),,001H402.jpg,481d2c15a698fd36145f0ed730db3899,clustering,0.287965,0.276015,0.002868,4.167,SEPARATED,20
coral (healthy),,001H402.jpg,481d2c15a698fd36145f0ed730db3899,plateau,0.827873,0.797192,0.009263,3.3123,SEPARATED,20
coral (healthy),,001H402.jpg,481d2c15a698fd36145f0ed730db3899,entropy,7.2713,7.2713,0.0,0.0,no sep,20
coral (healthy),,001H402.jpg,481d2c15a698fd36145f0ed730db3899,forbidden_coverage,0.3289,0.002435,0.003835,85.1247,SEPARATED,20
coral (healthy),,001H402.jpg,481d2c15a698fd36145f0ed730db3899,tau_ratio_score,0.0,0.0,0.0,0.0,no sep,20
coral (healthy),,001H320.jpg,f17afc9b3d0cc6b84fdc90e6828a2ab1,betti_0,599.0,599.0,0.0,0.0,no sep,20
coral (healthy),,001H320.jpg,f17afc9b3d0cc6b84fdc90e6828a2ab1,betti_1,87.0,95.8,19.64841,-0.4479,no sep,20
coral (healthy),,001H320.jpg,f17afc9b3d0cc6b84fdc90e6828a2ab1,persistence_entropy_h1,4.5086,4.73077,0.069463,-3.1984,SEPARATED,20
coral (healthy),,001H320.jpg,f17afc9b3d0cc6b84fdc90e6828a2ab1,total_persistence_h1,120.0125,150.255615,7.413587,-4.0794,SEPARATED,20
coral (healthy),,001H320.jpg,f17afc9b3d0cc6b84fdc90e6828a2ab1,euler_mean,10.2812,19.71563,3.706279,-2.5455,MARGINAL,20
coral (healthy),,001H320.jpg,f17afc9b3d0cc6b84fdc90e6828a2ab1,euler_std,57.406,80.867625,3.599558,-6.5179,SEPARATED,20
coral (healthy),,001H320.jpg,f17afc9b3d0cc6b84fdc90e6828a2ab1,euler_range,207.0,327.6,28.306183,-4.2606,SEPARATED,20
coral (healthy),,001H320.jpg,f17afc9b3d0cc6b84fdc90e6828a2ab1,bilateral_symmetry,0.8787,0.835935,0.028177,1.5177,no sep,20
coral (healthy),,001H320.jpg,f17afc9b3d0cc6b84fdc90e6828a2ab1,f_dim,1.8251,1.951755,0.006159,-20.5658,SEPARATED,20
coral (healthy),,001H320.jpg,f17afc9b3d0cc6b84fdc90e6828a2ab1,lacunarity_mean,2.3491,1.418405,0.03125,29.7826,SEPARATED,20
coral (healthy),,001H320.jpg,f17afc9b3d0cc6b84fdc90e6828a2ab1,multifractal_width,0.2525,0.290785,0.041389,-0.925,no sep,20
coral (healthy),,001H320.jpg,f17afc9b3d0cc6b84fdc90e6828a2ab1,orientation_coherence,0.5292,0.43074,0.001815,54.2547,SEPARATED,20
coral (healthy),,001H320.jpg,f17afc9b3d0cc6b84fdc90e6828a2ab1,multiscale_entropy_slope,-0.0567,-0.053495,0.004341,-0.7384,no sep,20
coral (healthy),,001H320.jpg,f17afc9b3d0cc6b84fdc90e6828a2ab1,junctions,2675.0,3959.1,86.588625,-14.8299,SEPARATED,20
coral (healthy),,001H320.jpg,f17afc9b3d0cc6b84fdc90e6828a2ab1,clustering,0.282866,0.284909,0.00257,-0.7952,no sep,20
coral (healthy),,001H320.jpg,f17afc9b3d0cc6b84fdc90e6828a2ab1,plateau,0.823925,0.820704,0.006577,0.4898,no sep,20
coral (healthy),,001H320.jpg,f17afc9b3d0cc6b84fdc90e6828a2ab1,entropy,7.1835,7.1835,0.0,0.0,no sep,20
coral (healthy),,001H320.jpg,f17afc9b3d0cc6b84fdc90e6828a2ab1,forbidden_coverage,0.3644,0.51711,0.037841,-4.0356,SEPARATED,20
coral (healthy),,001H320.jpg,f17afc9b3d0cc6b84fdc90e6828a2ab1,tau_ratio_score,0.0,0.0,0.0,0.0,no sep,20
coral (healthy),,001H234.jpg,622d14597310c667c1662425d0a10600,betti_0,599.0,599.0,0.0,0.0,no sep,20
coral (healthy),,001H234.jpg,622d14597310c667c1662425d0a10600,betti_1,66.0,122.9,10.96768,-5.188,SEPARATED,20
coral (healthy),,001H234.jpg,622d14597310c667c1662425d0a10600,persistence_entropy_h1,4.4081,4.77846,0.065418,-5.6614,SEPARATED,20
coral (healthy),,001H234.jpg,622d14597310c667c1662425d0a10600,total_persistence_h1,114.8869,154.460695,5.07441,-7.7987,SEPARATED,20
coral (healthy),,001H234.jpg,622d14597310c667c1662425d0a10600,euler_mean,4.2188,4.75157,2.609838,-0.2041,no sep,20
coral (healthy),,001H234.jpg,622d14597310c667c1662425d0a10600,euler_std,43.6719,79.03978,3.741798,-9.4521,SEPARATED,20
coral (healthy),,001H234.jpg,622d14597310c667c1662425d0a10600,euler_range,187.0,309.05,24.495867,-4.9825,SEPARATED,20
coral (healthy),,001H234.jpg,622d14597310c667c1662425d0a10600,bilateral_symmetry,0.8687,0.874995,0.009349,-0.6733,no sep,20
coral (healthy),,001H234.jpg,622d14597310c667c1662425d0a10600,f_dim,1.7889,1.931865,0.005089,-28.0911,SEPARATED,20
coral (healthy),,001H234.jpg,622d14597310c667c1662425d0a10600,lacunarity_mean,2.86,1.5917,0.037,34.2785,SEPARATED,20
coral (healthy),,001H234.jpg,622d14597310c667c1662425d0a10600,multifractal_width,0.1652,0.18064,0.013473,-1.146,no sep,20
coral (healthy),,001H234.jpg,622d14597310c667c1662425d0a10600,orientation_coherence,0.4533,0.38062,0.002011,36.1436,SEPARATED,20
coral (healthy),,001H234.jpg,622d14597310c667c1662425d0a10600,multiscale_entropy_slope,-0.0622,-0.05114,0.002327,-4.7527,SEPARATED,20
coral (healthy),,001H234.jpg,622d14597310c667c1662425d0a10600,junctions,2115.0,3231.3,100.523679,-11.1048,SEPARATED,20
coral (healthy),,001H234.jpg,622d14597310c667c1662425d0a10600,clustering,0.280011,0.283354,0.002847,-1.1742,no sep,20
coral (healthy),,001H234.jpg,622d14597310c667c1662425d0a10600,plateau,0.803783,0.811177,0.0076,-0.9729,no sep,20
coral (healthy),,001H234.jpg,622d14597310c667c1662425d0a10600,entropy,7.0377,7.0377,0.0,0.0,no sep,20
coral (healthy),,001H234.jpg,622d14597310c667c1662425d0a10600,forbidden_coverage,0.3333,0.01087,0.006676,48.2963,SEPARATED,20
coral (healthy),,001H234.jpg,622d14597310c667c1662425d0a10600,tau_ratio_score,0.0,0.0,0.0,0.0,no sep,20
coral (healthy),,001H148.jpg,4d686f06eeb9c9bbfbaefb8e0f9cf99b,betti_0,599.0,599.0,0.0,0.0,no sep,20
coral (healthy),,001H148.jpg,4d686f06eeb9c9bbfbaefb8e0f9cf99b,betti_1,63.0,120.4,8.974408,-6.396,SEPARATED,20
coral (healthy),,001H148.jpg,4d686f06eeb9c9bbfbaefb8e0f9cf99b,persistence_entropy_h1,4.5637,4.7695,0.055917,-3.6805,SEPARATED,20
coral (healthy),,001H148.jpg,4d686f06eeb9c9bbfbaefb8e0f9cf99b,total_persistence_h1,119.4249,153.71877,5.897416,-5.8151,SEPARATED,20
coral (healthy),,001H148.jpg,4d686f06eeb9c9bbfbaefb8e0f9cf99b,euler_mean,65.25,39.80468,5.245377,4.851,SEPARATED,20
coral (healthy),,001H148.jpg,4d686f06eeb9c9bbfbaefb8e0f9cf99b,euler_std,81.1777,128.2713,9.02417,-5.2186,SEPARATED,20
coral (healthy),,001H148.jpg,4d686f06eeb9c9bbfbaefb8e0f9cf99b,euler_range,273.0,446.95,47.135417,-3.6904,SEPARATED,20
coral (healthy),,001H148.jpg,4d686f06eeb9c9bbfbaefb8e0f9cf99b,bilateral_symmetry,0.8571,0.84248,0.010294,1.4203,no sep,20
coral (healthy),,001H148.jpg,4d686f06eeb9c9bbfbaefb8e0f9cf99b,f_dim,1.8216,1.96742,0.00527,-27.6705,SEPARATED,20
coral (healthy),,001H148.jpg,4d686f06eeb9c9bbfbaefb8e0f9cf99b,lacunarity_mean,2.4544,1.36131,0.035049,31.1876,SEPARATED,20
coral (healthy),,001H148.jpg,4d686f06eeb9c9bbfbaefb8e0f9cf99b,multifractal_width,0.4416,0.946955,0.123397,-4.0953,SEPARATED,20
coral (healthy),,001H148.jpg,4d686f06eeb9c9bbfbaefb8e0f9cf99b,orientation_coherence,0.4793,0.40338,0.002102,36.1254,SEPARATED,20
coral (healthy),,001H148.jpg,4d686f06eeb9c9bbfbaefb8e0f9cf99b,multiscale_entropy_slope,-0.0765,-0.07952,0.0067,0.4507,no sep,20
coral (healthy),,001H148.jpg,4d686f06eeb9c9bbfbaefb8e0f9cf99b,junctions,3721.0,4622.1,117.495489,-7.6692,SEPARATED,20
coral (healthy),,001H148.jpg,4d686f06eeb9c9bbfbaefb8e0f9cf99b,clustering,0.273642,0.281408,0.002779,-2.7948,MARGINAL,20
coral (healthy),,001H148.jpg,4d686f06eeb9c9bbfbaefb8e0f9cf99b,plateau,0.795485,0.80982,0.005808,-2.4681,MARGINAL,20
coral (healthy),,001H148.jpg,4d686f06eeb9c9bbfbaefb8e0f9cf99b,entropy,7.253,7.253,0.0,0.0,no sep,20
coral (healthy),,001H148.jpg,4d686f06eeb9c9bbfbaefb8e0f9cf99b,forbidden_coverage,0.2222,0.004205,0.00432,50.459,SEPARATED,20
coral (healthy),,001H148.jpg,4d686f06eeb9c9bbfbaefb8e0f9cf99b,tau_ratio_score,0.0,0.0,0.0,0.0,no sep,20
coral (healthy),,001H241.jpg,222e5daf77e06ed8e798635ad3e02f32,betti_0,599.0,599.0,0.0,0.0,no sep,20
coral (healthy),,001H241.jpg,222e5daf77e06ed8e798635ad3e02f32,betti_1,82.0,130.7,8.939239,-5.4479,SEPARATED,20
coral (healthy),,001H241.jpg,222e5daf77e06ed8e798635ad3e02f32,persistence_entropy_h1,4.6914,4.828495,0.048093,-2.8506,MARGINAL,20
coral (healthy),,001H241.jpg,222e5daf77e06ed8e798635ad3e02f32,total_persistence_h1,142.6498,157.369155,6.737654,-2.1846,MARGINAL,20
coral (healthy),,001H241.jpg,222e5daf77e06ed8e798635ad3e02f32,euler_mean,34.5938,25.334365,5.296772,1.7481,no sep,20
coral (healthy),,001H241.jpg,222e5daf77e06ed8e798635ad3e02f32,euler_std,67.7458,125.50464,5.874001,-9.833,SEPARATED,20
coral (healthy),,001H241.jpg,222e5daf77e06ed8e798635ad3e02f32,euler_range,254.0,393.6,23.78529,-5.8692,SEPARATED,20
coral (healthy),,001H241.jpg,222e5daf77e06ed8e798635ad3e02f32,bilateral_symmetry,0.7832,0.79955,0.01786,-0.9154,no sep,20
coral (healthy),,001H241.jpg,222e5daf77e06ed8e798635ad3e02f32,f_dim,1.8754,1.97795,0.001694,-60.5281,SEPARATED,20
coral (healthy),,001H241.jpg,222e5daf77e06ed8e798635ad3e02f32,lacunarity_mean,1.9814,1.28335,0.00979,71.3011,SEPARATED,20
coral (healthy),,001H241.jpg,222e5daf77e06ed8e798635ad3e02f32,multifractal_width,0.4698,0.498035,0.046428,-0.6082,no sep,20
coral (healthy),,001H241.jpg,222e5daf77e06ed8e798635ad3e02f32,orientation_coherence,0.513,0.407245,0.002046,51.6864,SEPARATED,20
coral (healthy),,001H241.jpg,222e5daf77e06ed8e798635ad3e02f32,multiscale_entropy_slope,-0.0787,-0.07911,0.00381,0.1076,no sep,20
coral (healthy),,001H241.jpg,222e5daf77e06ed8e798635ad3e02f32,junctions,3321.0,4944.9,115.716421,-14.0334,SEPARATED,20
coral (healthy),,001H241.jpg,222e5daf77e06ed8e798635ad3e02f32,clustering,0.28278,0.280519,0.002228,1.0147,no sep,20
coral (healthy),,001H241.jpg,222e5daf77e06ed8e798635ad3e02f32,plateau,0.814815,0.808363,0.00405,1.593,no sep,20
coral (healthy),,001H241.jpg,222e5daf77e06ed8e798635ad3e02f32,entropy,7.5808,7.5808,0.0,0.0,no sep,20
coral (healthy),,001H241.jpg,222e5daf77e06ed8e798635ad3e02f32,forbidden_coverage,0.2222,0.00022,0.000959,231.4805,SEPARATED,20
coral (healthy),,001H241.jpg,222e5daf77e06ed8e798635ad3e02f32,tau_ratio_score,0.0,0.0,0.0,0.0,no sep,20
coral (healthy),,001H158.jpg,7aa7035cb863702081dd5efdae4ae05c,betti_0,599.0,599.0,0.0,0.0,no sep,20
coral (healthy),,001H158.jpg,7aa7035cb863702081dd5efdae4ae05c,betti_1,87.0,119.75,8.630614,-3.7946,SEPARATED,20
coral (healthy),,001H158.jpg,7aa7035cb863702081dd5efdae4ae05c,persistence_entropy_h1,4.6433,4.77471,0.042742,-3.0745,SEPARATED,20
coral (healthy),,001H158.jpg,7aa7035cb863702081dd5efdae4ae05c,total_persistence_h1,142.8101,154.51866,5.421089,-2.1598,MARGINAL,20
coral (healthy),,001H158.jpg,7aa7035cb863702081dd5efdae4ae05c,euler_mean,65.4375,61.73125,2.473314,1.4985,no sep,20
coral (healthy),,001H158.jpg,7aa7035cb863702081dd5efdae4ae05c,euler_std,89.4567,121.829415,4.457284,-7.2629,SEPARATED,20
coral (healthy),,001H158.jpg,7aa7035cb863702081dd5efdae4ae05c,euler_range,315.0,405.7,23.401068,-3.8759,SEPARATED,20
coral (healthy),,001H158.jpg,7aa7035cb863702081dd5efdae4ae05c,bilateral_symmetry,0.7592,0.77125,0.007805,-1.5439,no sep,20
coral (healthy),,001H158.jpg,7aa7035cb863702081dd5efdae4ae05c,f_dim,1.8998,1.954205,0.003789,-14.3572,SEPARATED,20
coral (healthy),,001H158.jpg,7aa7035cb863702081dd5efdae4ae05c,lacunarity_mean,1.8404,1.437055,0.022942,17.5813,SEPARATED,20
coral (healthy),,001H158.jpg,7aa7035cb863702081dd5efdae4ae05c,multifractal_width,0.5242,0.688765,0.045217,-3.6394,SEPARATED,20
coral (healthy),,001H158.jpg,7aa7035cb863702081dd5efdae4ae05c,orientation_coherence,0.5085,0.453555,0.002878,19.0907,SEPARATED,20
coral (healthy),,001H158.jpg,7aa7035cb863702081dd5efdae4ae05c,multiscale_entropy_slope,-0.0729,-0.07873,0.004427,1.317,no sep,20
coral (healthy),,001H158.jpg,7aa7035cb863702081dd5efdae4ae05c,junctions,5207.0,5157.9,127.451913,0.3852,no sep,20
coral (healthy),,001H158.jpg,7aa7035cb863702081dd5efdae4ae05c,clustering,0.276722,0.279316,0.002613,-0.9927,no sep,20
coral (healthy),,001H158.jpg,7aa7035cb863702081dd5efdae4ae05c,plateau,0.812368,0.80438,0.006559,1.2178,no sep,20
coral (healthy),,001H158.jpg,7aa7035cb863702081dd5efdae4ae05c,entropy,7.5768,7.5768,0.0,0.0,no sep,20
coral (healthy),,001H158.jpg,7aa7035cb863702081dd5efdae4ae05c,forbidden_coverage,0.0311,0.0,0.0,nan,zero-var,20
coral (healthy),,001H158.jpg,7aa7035cb863702081dd5efdae4ae05c,tau_ratio_score,0.0,0.0,0.0,0.0,no sep,20
coral (healthy),,001H384.jpg,5fbaa6ca032678ee972d7d6f6df3aedd,betti_0,599.0,599.0,0.0,0.0,no sep,20
coral (healthy),,001H384.jpg,5fbaa6ca032678ee972d7d6f6df3aedd,betti_1,80.0,132.65,7.240684,-7.2714,SEPARATED,20
coral (healthy),,001H384.jpg,5fbaa6ca032678ee972d7d6f6df3aedd,persistence_entropy_h1,4.5284,4.830535,0.040488,-7.4623,SEPARATED,20
coral (healthy),,001H384.jpg,5fbaa6ca032678ee972d7d6f6df3aedd,total_persistence_h1,129.504,159.70705,5.152659,-5.8616,SEPARATED,20
coral (healthy),,001H384.jpg,5fbaa6ca032678ee972d7d6f6df3aedd,euler_mean,3.0,-13.21251,7.350688,2.2056,MARGINAL,20
coral (healthy),,001H384.jpg,5fbaa6ca032678ee972d7d6f6df3aedd,euler_std,157.2848,227.50846,7.423603,-9.4595,SEPARATED,20
coral (healthy),,001H384.jpg,5fbaa6ca032678ee972d7d6f6df3aedd,euler_range,586.0,817.3,47.964675,-4.8223,SEPARATED,20
coral (healthy),,001H384.jpg,5fbaa6ca032678ee972d7d6f6df3aedd,bilateral_symmetry,0.8815,0.8625,0.005177,3.6698,SEPARATED,20
coral (healthy),,001H384.jpg,5fbaa6ca032678ee972d7d6f6df3aedd,f_dim,1.9016,1.99484,0.000361,-258.2043,SEPARATED,20
coral (healthy),,001H384.jpg,5fbaa6ca032678ee972d7d6f6df3aedd,lacunarity_mean,1.7256,1.15044,0.002362,243.4759,SEPARATED,20
coral (healthy),,001H384.jpg,5fbaa6ca032678ee972d7d6f6df3aedd,multifractal_width,1.4903,1.618475,0.325249,-0.3941,no sep,20
coral (healthy),,001H384.jpg,5fbaa6ca032678ee972d7d6f6df3aedd,orientation_coherence,0.4783,0.334655,0.00215,66.7974,SEPARATED,20
coral (healthy),,001H384.jpg,5fbaa6ca032678ee972d7d6f6df3aedd,multiscale_entropy_slope,-0.1197,-0.108355,0.00331,-3.4274,SEPARATED,20
coral (healthy),,001H384.jpg,5fbaa6ca032678ee972d7d6f6df3aedd,junctions,3534.0,5145.25,142.642516,-11.2957,SEPARATED,20
coral (healthy),,001H384.jpg,5fbaa6ca032678ee972d7d6f6df3aedd,clustering,0.278847,0.279824,0.001761,-0.5547,no sep,20
coral (healthy),,001H384.jpg,5fbaa6ca032678ee972d7d6f6df3aedd,plateau,0.813809,0.810276,0.005588,0.6321,no sep,20
coral (healthy),,001H384.jpg,5fbaa6ca032678ee972d7d6f6df3aedd,entropy,7.2018,7.2018,0.0,0.0,no sep,20
coral (healthy),,001H384.jpg,5fbaa6ca032678ee972d7d6f6df3aedd,forbidden_coverage,0.3511,0.384225,0.040233,-0.8233,no sep,20
coral (healthy),,001H384.jpg,5fbaa6ca032678ee972d7d6f6df3aedd,tau_ratio_score,0.0,0.0,0.0,0.0,no sep,20
coral (healthy),,001H341.jpg,8fa40fa7452d3db84b8f6ff07720a939,betti_0,599.0,599.0,0.0,0.0,no sep,20
coral (healthy),,001H341.jpg,8fa40fa7452d3db84b8f6ff07720a939,betti_1,77.0,88.05,10.547393,-1.0477,no sep,20
coral (healthy),,001H341.jpg,8fa40fa7452d3db84b8f6ff07720a939,persistence_entropy_h1,4.6424,4.6191,0.08494,0.2743,no sep,20
coral (healthy),,001H341.jpg,8fa40fa7452d3db84b8f6ff07720a939,total_persistence_h1,138.5664,141.019915,7.196347,-0.3409,no sep,20
coral (healthy),,001H341.jpg,8fa40fa7452d3db84b8f6ff07720a939,euler_mean,46.7188,106.660925,3.116453,-19.2341,SEPARATED,20
coral (healthy),,001H341.jpg,8fa40fa7452d3db84b8f6ff07720a939,euler_std,86.2182,153.8368,12.614578,-5.3604,SEPARATED,20
coral (healthy),,001H341.jpg,8fa40fa7452d3db84b8f6ff07720a939,euler_range,335.0,632.6,62.553497,-4.7575,SEPARATED,20
coral (healthy),,001H341.jpg,8fa40fa7452d3db84b8f6ff07720a939,bilateral_symmetry,0.7959,0.80468,0.007232,-1.214,no sep,20
coral (healthy),,001H341.jpg,8fa40fa7452d3db84b8f6ff07720a939,f_dim,1.9078,1.9555,0.004849,-9.8379,SEPARATED,20
coral (healthy),,001H341.jpg,8fa40fa7452d3db84b8f6ff07720a939,lacunarity_mean,1.7148,1.39608,0.027091,11.7649,SEPARATED,20
coral (healthy),,001H341.jpg,8fa40fa7452d3db84b8f6ff07720a939,multifractal_width,0.7058,1.85965,0.192074,-6.0073,SEPARATED,20
coral (healthy),,001H341.jpg,8fa40fa7452d3db84b8f6ff07720a939,orientation_coherence,0.5363,0.39286,0.003079,46.5911,SEPARATED,20
coral (healthy),,001H341.jpg,8fa40fa7452d3db84b8f6ff07720a939,multiscale_entropy_slope,-0.0465,-0.05438,0.00506,1.5572,no sep,20
coral (healthy),,001H341.jpg,8fa40fa7452d3db84b8f6ff07720a939,junctions,4730.0,6592.65,214.367739,-8.689,SEPARATED,20
coral (healthy),,001H341.jpg,8fa40fa7452d3db84b8f6ff07720a939,clustering,0.276838,0.273112,0.001494,2.4947,MARGINAL,20
coral (healthy),,001H341.jpg,8fa40fa7452d3db84b8f6ff07720a939,plateau,0.8,0.796438,0.005335,0.6677,no sep,20
coral (healthy),,001H341.jpg,8fa40fa7452d3db84b8f6ff07720a939,entropy,7.2332,7.2332,0.0,0.0,no sep,20
coral (healthy),,001H341.jpg,8fa40fa7452d3db84b8f6ff07720a939,forbidden_coverage,0.28,0.02023,0.010576,24.562,SEPARATED,20
coral (healthy),,001H341.jpg,8fa40fa7452d3db84b8f6ff07720a939,tau_ratio_score,0.0,0.0,0.0,0.0,no sep,20
coral (healthy),,001H371.jpg,c13062e77548d3c63b1ea6280d4d494e,betti_0,142.0,590.8,35.742971,-12.5563,SEPARATED,20
coral (healthy),,001H371.jpg,c13062e77548d3c63b1ea6280d4d494e,betti_1,16.0,89.8,18.691174,-3.9484,SEPARATED,20
coral (healthy),,001H371.jpg,c13062e77548d3c63b1ea6280d4d494e,persistence_entropy_h1,4.298,4.62041,0.082844,-3.8918,SEPARATED,20
coral (healthy),,001H371.jpg,c13062e77548d3c63b1ea6280d4d494e,total_persistence_h1,75.7345,145.56233,8.843806,-7.8957,SEPARATED,20
coral (healthy),,001H371.jpg,c13062e77548d3c63b1ea6280d4d494e,euler_mean,-6.5,27.495305,3.811962,-8.9181,SEPARATED,20
coral (healthy),,001H371.jpg,c13062e77548d3c63b1ea6280d4d494e,euler_std,94.0376,81.07369,8.300426,1.5618,no sep,20
coral (healthy),,001H371.jpg,c13062e77548d3c63b1ea6280d4d494e,euler_range,466.0,317.75,44.236721,3.3513,SEPARATED,20
coral (healthy),,001H371.jpg,c13062e77548d3c63b1ea6280d4d494e,bilateral_symmetry,0.8396,0.878225,0.016546,-2.3343,MARGINAL,20
coral (healthy),,001H371.jpg,c13062e77548d3c63b1ea6280d4d494e,f_dim,1.7596,1.837405,0.030389,-2.5603,MARGINAL,20
coral (healthy),,001H371.jpg,c13062e77548d3c63b1ea6280d4d494e,lacunarity_mean,3.168,2.313985,0.251521,3.3954,SEPARATED,20
coral (healthy),,001H371.jpg,c13062e77548d3c63b1ea6280d4d494e,multifractal_width,0.5419,0.380485,0.113397,1.4235,no sep,20
coral (healthy),,001H371.jpg,c13062e77548d3c63b1ea6280d4d494e,orientation_coherence,0.5294,0.46029,0.003784,18.2629,SEPARATED,20
coral (healthy),,001H371.jpg,c13062e77548d3c63b1ea6280d4d494e,multiscale_entropy_slope,-0.0805,-0.06155,0.006848,-2.7672,MARGINAL,20
coral (healthy),,001H371.jpg,c13062e77548d3c63b1ea6280d4d494e,junctions,1570.0,2488.35,128.432969,-7.1504,SEPARATED,20
coral (healthy),,001H371.jpg,c13062e77548d3c63b1ea6280d4d494e,clustering,0.296815,0.292198,0.002666,1.7321,no sep,20
coral (healthy),,001H371.jpg,c13062e77548d3c63b1ea6280d4d494e,plateau,0.86051,0.832709,0.007035,3.952,SEPARATED,20
coral (healthy),,001H371.jpg,c13062e77548d3c63b1ea6280d4d494e,entropy,6.9747,6.9747,0.0,0.0,no sep,20
coral (healthy),,001H371.jpg,c13062e77548d3c63b1ea6280d4d494e,forbidden_coverage,0.9644,0.038005,0.016304,56.8208,SEPARATED,20
coral (healthy),,001H371.jpg,c13062e77548d3c63b1ea6280d4d494e,tau_ratio_score,0.0311,0.0,0.0,nan,zero-var,20
coral (healthy),,001H009.jpg,76c2077f13f288ceeca362b0a612c634,betti_0,599.0,599.0,0.0,0.0,no sep,20
coral (healthy),,001H009.jpg,76c2077f13f288ceeca362b0a612c634,betti_1,111.0,131.55,8.709047,-2.3596,MARGINAL,20
coral (healthy),,001H009.jpg,76c2077f13f288ceeca362b0a612c634,persistence_entropy_h1,4.6856,4.826965,0.050563,-2.7958,MARGINAL,20
coral (healthy),,001H009.jpg,76c2077f13f288ceeca362b0a612c634,total_persistence_h1,142.945,156.63261,5.234173,-2.615,MARGINAL,20
coral (healthy),,001H009.jpg,76c2077f13f288ceeca362b0a612c634,euler_mean,17.1875,5.75311,5.543397,2.0627,MARGINAL,20
coral (healthy),,001H009.jpg,76c2077f13f288ceeca362b0a612c634,euler_std,92.9991,140.27108,5.372806,-8.7984,SEPARATED,20
coral (healthy),,001H009.jpg,76c2077f13f288ceeca362b0a612c634,euler_range,321.0,459.15,30.553682,-4.5215,SEPARATED,20
coral (healthy),,001H009.jpg,76c2077f13f288ceeca362b0a612c634,bilateral_symmetry,0.83,0.823875,0.005396,1.135,no sep,20
coral (healthy),,001H009.jpg,76c2077f13f288ceeca362b0a612c634,f_dim,1.921,1.985305,0.001674,-38.4058,SEPARATED,20
coral (healthy),,001H009.jpg,76c2077f13f288ceeca362b0a612c634,lacunarity_mean,1.6234,1.23113,0.011103,35.3316,SEPARATED,20
coral (healthy),,001H009.jpg,76c2077f13f288ceeca362b0a612c634,multifractal_width,0.798,0.90833,0.122541,-0.9004,no sep,20
coral (healthy),,001H009.jpg,76c2077f13f288ceeca362b0a612c634,orientation_coherence,0.4906,0.39588,0.001892,50.0569,SEPARATED,20
coral (healthy),,001H009.jpg,76c2077f13f288ceeca362b0a612c634,multiscale_entropy_slope,-0.0944,-0.079545,0.003061,-4.8531,SEPARATED,20
coral (healthy),,001H009.jpg,76c2077f13f288ceeca362b0a612c634,junctions,3808.0,4817.4,175.755626,-5.7432,SEPARATED,20
coral (healthy),,001H009.jpg,76c2077f13f288ceeca362b0a612c634,clustering,0.279149,0.280595,0.002238,-0.6458,no sep,20
coral (healthy),,001H009.jpg,76c2077f13f288ceeca362b0a612c634,plateau,0.806723,0.804956,0.00563,0.3137,no sep,20
coral (healthy),,001H009.jpg,76c2077f13f288ceeca362b0a612c634,entropy,7.4353,7.4353,0.0,0.0,no sep,20
coral (healthy),,001H009.jpg,76c2077f13f288ceeca362b0a612c634,forbidden_coverage,0.2089,0.001325,0.002465,84.2044,SEPARATED,20
coral (healthy),,001H009.jpg,76c2077f13f288ceeca362b0a612c634,tau_ratio_score,0.0,0.0,0.0,0.0,no sep,20
coral (healthy),,001H389.jpg,3515f1bef84b97ee38de073a5b6ae200,betti_0,599.0,599.0,0.0,0.0,no sep,20
coral (healthy),,001H389.jpg,3515f1bef84b97ee38de073a5b6ae200,betti_1,56.0,109.0,16.124515,-3.2869,SEPARATED,20
coral (healthy),,001H389.jpg,3515f1bef84b97ee38de073a5b6ae200,persistence_entropy_h1,4.3767,4.75059,0.095745,-3.9051,SEPARATED,20
coral (healthy),,001H389.jpg,3515f1bef84b97ee38de073a5b6ae200,total_persistence_h1,97.6249,151.44264,9.430649,-5.7067,SEPARATED,20
coral (healthy),,001H389.jpg,3515f1bef84b97ee38de073a5b6ae200,euler_mean,25.5625,4.68281,3.558098,5.8682,SEPARATED,20
coral (healthy),,001H389.jpg,3515f1bef84b97ee38de073a5b6ae200,euler_std,50.7918,48.121105,4.76649,0.5603,no sep,20
coral (healthy),,001H389.jpg,3515f1bef84b97ee38de073a5b6ae200,euler_range,200.0,207.75,29.058346,-0.2667,no sep,20
coral (healthy),,001H389.jpg,3515f1bef84b97ee38de073a5b6ae200,bilateral_symmetry,0.8801,0.885485,0.010515,-0.5121,no sep,20
coral (healthy),,001H389.jpg,3515f1bef84b97ee38de073a5b6ae200,f_dim,1.729,1.894135,0.021932,-7.5296,SEPARATED,20
coral (healthy),,001H389.jpg,3515f1bef84b97ee38de073a5b6ae200,lacunarity_mean,3.6083,1.79934,0.151549,11.9364,SEPARATED,20
coral (healthy),,001H389.jpg,3515f1bef84b97ee38de073a5b6ae200,multifractal_width,0.3707,0.470505,0.088974,-1.1217,no sep,20
coral (healthy),,001H389.jpg,3515f1bef84b97ee38de073a5b6ae200,orientation_coherence,0.5079,0.43369,0.005949,12.475,SEPARATED,20
coral (healthy),,001H389.jpg,3515f1bef84b97ee38de073a5b6ae200,multiscale_entropy_slope,-0.0207,-0.03864,0.006036,2.972,MARGINAL,20
coral (healthy),,001H389.jpg,3515f1bef84b97ee38de073a5b6ae200,junctions,2117.0,3359.6,141.782016,-8.7642,SEPARATED,20
coral (healthy),,001H389.jpg,3515f1bef84b97ee38de073a5b6ae200,clustering,0.277174,0.28035,0.002337,-1.3589,no sep,20
coral (healthy),,001H389.jpg,3515f1bef84b97ee38de073a5b6ae200,plateau,0.802551,0.802354,0.004451,0.0443,no sep,20
coral (healthy),,001H389.jpg,3515f1bef84b97ee38de073a5b6ae200,entropy,7.5572,7.5572,0.0,0.0,no sep,20
coral (healthy),,001H389.jpg,3515f1bef84b97ee38de073a5b6ae200,forbidden_coverage,0.16,0.00022,0.000959,166.6184,SEPARATED,20
coral (healthy),,001H389.jpg,3515f1bef84b97ee38de073a5b6ae200,tau_ratio_score,0.0,0.0,0.0,0.0,no sep,20
coral (healthy),,001H130.jpg,77892f907c1ff81f46a142ea44583844,betti_0,599.0,582.8,48.932198,0.3311,no sep,20
coral (healthy),,001H130.jpg,77892f907c1ff81f46a142ea44583844,betti_1,74.0,76.1,19.054921,-0.1102,no sep,20
coral (healthy),,001H130.jpg,77892f907c1ff81f46a142ea44583844,persistence_entropy_h1,4.5601,4.592385,0.090847,-0.3554,no sep,20
coral (healthy),,001H130.jpg,77892f907c1ff81f46a142ea44583844,total_persistence_h1,135.9299,144.87755,10.157026,-0.8809,no sep,20
coral (healthy),,001H130.jpg,77892f907c1ff81f46a142ea44583844,euler_mean,24.7812,18.415625,2.288906,2.7811,MARGINAL,20
coral (healthy),,001H130.jpg,77892f907c1ff81f46a142ea44583844,euler_std,47.265,51.58877,6.530349,-0.6621,no sep,20
coral (healthy),,001H130.jpg,77892f907c1ff81f46a142ea44583844,euler_range,190.0,204.85,35.636042,-0.4167,no sep,20
coral (healthy),,001H130.jpg,77892f907c1ff81f46a142ea44583844,bilateral_symmetry,0.8509,0.85874,0.023149,-0.3387,no sep,20
coral (healthy),,001H130.jpg,77892f907c1ff81f46a142ea44583844,f_dim,1.8344,1.88605,0.017311,-2.9837,MARGINAL,20
coral (healthy),,001H130.jpg,77892f907c1ff81f46a142ea44583844,lacunarity_mean,2.3476,1.84227,0.124456,4.0603,SEPARATED,20
coral (healthy),,001H130.jpg,77892f907c1ff81f46a142ea44583844,multifractal_width,0.3179,0.38261,0.049409,-1.3097,no sep,20
coral (healthy),,001H130.jpg,77892f907c1ff81f46a142ea44583844,orientation_coherence,0.4353,0.39125,0.00491,8.971,SEPARATED,20
coral (healthy),,001H130.jpg,77892f907c1ff81f46a142ea44583844,multiscale_entropy_slope,-0.0425,-0.041125,0.005298,-0.2596,no sep,20
coral (healthy),,001H130.jpg,77892f907c1ff81f46a142ea44583844,junctions,3008.0,3769.4,214.622319,-3.5476,SEPARATED,20
coral (healthy),,001H130.jpg,77892f907c1ff81f46a142ea44583844,clustering,0.281139,0.276748,0.0028,1.5684,no sep,20
coral (healthy),,001H130.jpg,77892f907c1ff81f46a142ea44583844,plateau,0.795545,0.804419,0.007753,-1.1446,no sep,20
coral (healthy),,001H130.jpg,77892f907c1ff81f46a142ea44583844,entropy,7.4672,7.4672,0.0,0.0,no sep,20
coral (healthy),,001H130.jpg,77892f907c1ff81f46a142ea44583844,forbidden_coverage,0.2178,0.00022,0.000959,226.8922,SEPARATED,20
coral (healthy),,001H130.jpg,77892f907c1ff81f46a142ea44583844,tau_ratio_score,0.0,0.0,0.0,0.0,no sep,20
coral (healthy),,001H358.jpg,7348facce7d0931c240c84b141f0e51b,betti_0,599.0,599.0,0.0,0.0,no sep,20
coral (healthy),,001H358.jpg,7348facce7d0931c240c84b141f0e51b,betti_1,106.0,131.1,11.317685,-2.2178,MARGINAL,20
coral (healthy),,001H358.jpg,7348facce7d0931c240c84b141f0e51b,persistence_entropy_h1,4.729,4.8364,0.041757,-2.572,MARGINAL,20
coral (healthy),,001H358.jpg,7348facce7d0931c240c84b141f0e51b,total_persistence_h1,136.3578,158.117585,6.014758,-3.6177,SEPARATED,20
coral (healthy),,001H358.jpg,7348facce7d0931c240c84b141f0e51b,euler_mean,31.8438,29.792195,5.966032,0.3439,no sep,20
coral (healthy),,001H358.jpg,7348facce7d0931c240c84b141f0e51b,euler_std,137.2824,211.401725,8.088132,-9.164,SEPARATED,20
coral (healthy),,001H358.jpg,7348facce7d0931c240c84b141f0e51b,euler_range,472.0,755.9,51.261974,-5.5382,SEPARATED,20
coral (healthy),,001H358.jpg,7348facce7d0931c240c84b141f0e51b,bilateral_symmetry,0.8679,0.85838,0.004887,1.9479,no sep,20
coral (healthy),,001H358.jpg,7348facce7d0931c240c84b141f0e51b,f_dim,1.8812,1.995555,0.00051,-224.064,SEPARATED,20
coral (healthy),,001H358.jpg,7348facce7d0931c240c84b141f0e51b,lacunarity_mean,1.9259,1.146535,0.00407,191.4707,SEPARATED,20
coral (healthy),,001H358.jpg,7348facce7d0931c240c84b141f0e51b,multifractal_width,0.2809,0.279635,0.018948,0.0668,no sep,20
coral (healthy),,001H358.jpg,7348facce7d0931c240c84b141f0e51b,orientation_coherence,0.4772,0.346595,0.00226,57.8018,SEPARATED,20
coral (healthy),,001H358.jpg,7348facce7d0931c240c84b141f0e51b,multiscale_entropy_slope,-0.1051,-0.11363,0.004891,1.744,no sep,20
coral (healthy),,001H358.jpg,7348facce7d0931c240c84b141f0e51b,junctions,4275.0,6034.7,195.600639,-8.9964,SEPARATED,20
coral (healthy),,001H358.jpg,7348facce7d0931c240c84b141f0e51b,clustering,0.274386,0.275204,0.002282,-0.3585,no sep,20
coral (healthy),,001H358.jpg,7348facce7d0931c240c84b141f0e51b,plateau,0.802105,0.803746,0.005561,-0.295,no sep,20
coral (healthy),,001H358.jpg,7348facce7d0931c240c84b141f0e51b,entropy,7.253,7.253,0.0,0.0,no sep,20
coral (healthy),,001H358.jpg,7348facce7d0931c240c84b141f0e51b,forbidden_coverage,0.1378,0.01734,0.007021,17.1569,SEPARATED,20
coral (healthy),,001H358.jpg,7348facce7d0931c240c84b141f0e51b,tau_ratio_score,0.0,0.0,0.0,0.0,no sep,20
coral (healthy),,001H151.jpg,4294b49d03a929b55491dbadad99ef59,betti_0,599.0,599.0,0.0,0.0,no sep,20
coral (healthy),,001H151.jpg,4294b49d03a929b55491dbadad99ef59,betti_1,49.0,135.1,9.66385,-8.9095,SEPARATED,20
coral (healthy),,001H151.jpg,4294b49d03a929b55491dbadad99ef59,persistence_entropy_h1,4.5702,4.846985,0.054167,-5.1098,SEPARATED,20
coral (healthy),,001H151.jpg,4294b49d03a929b55491dbadad99ef59,total_persistence_h1,113.5136,156.91743,4.256067,-10.1981,SEPARATED,20
coral (healthy),,001H151.jpg,4294b49d03a929b55491dbadad99ef59,euler_mean,13.5938,19.8875,4.124724,-1.5258,no sep,20
coral (healthy),,001H151.jpg,4294b49d03a929b55491dbadad99ef59,euler_std,99.2629,185.594765,4.989252,-17.3036,SEPARATED,20
coral (healthy),,001H151.jpg,4294b49d03a929b55491dbadad99ef59,euler_range,356.0,659.75,32.721362,-9.2829,SEPARATED,20
coral (healthy),,001H151.jpg,4294b49d03a929b55491dbadad99ef59,bilateral_symmetry,0.8725,0.84625,0.006203,4.2319,SEPARATED,20
coral (healthy),,001H151.jpg,4294b49d03a929b55491dbadad99ef59,f_dim,1.8423,1.994155,0.000749,-202.6581,SEPARATED,20
coral (healthy),,001H151.jpg,4294b49d03a929b55491dbadad99ef59,lacunarity_mean,2.2133,1.16157,0.004545,231.3809,SEPARATED,20
coral (healthy),,001H151.jpg,4294b49d03a929b55491dbadad99ef59,multifractal_width,1.5935,1.98552,0.308395,-1.2712,no sep,20
coral (healthy),,001H151.jpg,4294b49d03a929b55491dbadad99ef59,orientation_coherence,0.6244,0.397695,0.001822,124.4491,SEPARATED,20
coral (healthy),,001H151.jpg,4294b49d03a929b55491dbadad99ef59,multiscale_entropy_slope,-0.1061,-0.11397,0.002178,3.6136,SEPARATED,20
coral (healthy),,001H151.jpg,4294b49d03a929b55491dbadad99ef59,junctions,3066.0,5606.05,129.045525,-19.6834,SEPARATED,20
coral (healthy),,001H151.jpg,4294b49d03a929b55491dbadad99ef59,clustering,0.27477,0.276325,0.002256,-0.6896,no sep,20
coral (healthy),,001H151.jpg,4294b49d03a929b55491dbadad99ef59,plateau,0.804305,0.801144,0.005426,0.5826,no sep,20
coral (healthy),,001H151.jpg,4294b49d03a929b55491dbadad99ef59,entropy,7.3296,7.3296,0.0,0.0,no sep,20
coral (healthy),,001H151.jpg,4294b49d03a929b55491dbadad99ef59,forbidden_coverage,0.3778,0.205995,0.028085,6.1172,SEPARATED,20
coral (healthy),,001H151.jpg,4294b49d03a929b55491dbadad99ef59,tau_ratio_score,0.0011,0.0,0.0,nan,zero-var,20
coral (healthy),,001H041.jpg,cf62f11a5812630a5dca73020b8e035c,betti_0,599.0,599.0,0.0,0.0,no sep,20
coral (healthy),,001H041.jpg,cf62f11a5812630a5dca73020b8e035c,betti_1,99.0,138.45,6.981941,-5.6503,SEPARATED,20
coral (healthy),,001H041.jpg,cf62f11a5812630a5dca73020b8e035c,persistence_entropy_h1,4.6713,4.896125,0.047606,-4.7227,SEPARATED,20
coral (healthy),,001H041.jpg,cf62f11a5812630a5dca73020b8e035c,total_persistence_h1,126.4863,165.12912,6.156788,-6.2765,SEPARATED,20
coral (healthy),,001H041.jpg,cf62f11a5812630a5dca73020b8e035c,euler_mean,5.4688,12.3125,11.103449,-0.6164,no sep,20
coral (healthy),,001H041.jpg,cf62f11a5812630a5dca73020b8e035c,euler_std,92.1487,120.988185,5.64939,-5.1049,SEPARATED,20
coral (healthy),,001H041.jpg,cf62f11a5812630a5dca73020b8e035c,euler_range,336.0,344.45,26.596005,-0.3177,no sep,20
coral (healthy),,001H041.jpg,cf62f11a5812630a5dca73020b8e035c,bilateral_symmetry,0.8625,0.841155,0.012719,1.6782,no sep,20
coral (healthy),,001H041.jpg,cf62f11a5812630a5dca73020b8e035c,f_dim,1.8493,1.98364,0.001238,-108.487,SEPARATED,20
coral (healthy),,001H041.jpg,cf62f11a5812630a5dca73020b8e035c,lacunarity_mean,2.1274,1.23461,0.006984,127.8262,SEPARATED,20
coral (healthy),,001H041.jpg,cf62f11a5812630a5dca73020b8e035c,multifractal_width,0.8912,1.46152,0.300643,-1.897,no sep,20
coral (healthy),,001H041.jpg,cf62f11a5812630a5dca73020b8e035c,orientation_coherence,0.6084,0.45,0.003618,43.7776,SEPARATED,20
coral (healthy),,001H041.jpg,cf62f11a5812630a5dca73020b8e035c,multiscale_entropy_slope,-0.0649,-0.061745,0.0047,-0.6713,no sep,20
coral (healthy),,001H041.jpg,cf62f11a5812630a5dca73020b8e035c,junctions,2813.0,5086.15,275.220144,-8.2594,SEPARATED,20
coral (healthy),,001H041.jpg,cf62f11a5812630a5dca73020b8e035c,clustering,0.282616,0.280692,0.00304,0.6332,no sep,20
coral (healthy),,001H041.jpg,cf62f11a5812630a5dca73020b8e035c,plateau,0.810523,0.80556,0.007634,0.65,no sep,20
coral (healthy),,001H041.jpg,cf62f11a5812630a5dca73020b8e035c,entropy,7.7633,7.7633,0.0,0.0,no sep,20
coral (healthy),,001H041.jpg,cf62f11a5812630a5dca73020b8e035c,forbidden_coverage,0.5911,0.011545,0.006198,93.504,SEPARATED,20
coral (healthy),,001H041.jpg,cf62f11a5812630a5dca73020b8e035c,tau_ratio_score,0.0,0.0,0.0,0.0,no sep,20
coral (healthy),,001H171.jpg,5859282930e0bce1c3a16b39d21b9219,betti_0,599.0,599.0,0.0,0.0,no sep,20
coral (healthy),,001H171.jpg,5859282930e0bce1c3a16b39d21b9219,betti_1,96.0,112.4,13.215143,-1.241,no sep,20
coral (healthy),,001H171.jpg,5859282930e0bce1c3a16b39d21b9219,persistence_entropy_h1,4.575,4.741825,0.062833,-2.6551,MARGINAL,20
coral (healthy),,001H171.jpg,5859282930e0bce1c3a16b39d21b9219,total_persistence_h1,125.2836,152.79582,8.463412,-3.2507,SEPARATED,20
coral (healthy),,001H171.jpg,5859282930e0bce1c3a16b39d21b9219,euler_mean,2.0625,0.59374,3.480931,0.4219,no sep,20
coral (healthy),,001H171.jpg,5859282930e0bce1c3a16b39d21b9219,euler_std,53.6137,98.10066,4.258183,-10.4474,SEPARATED,20
coral (healthy),,001H171.jpg,5859282930e0bce1c3a16b39d21b9219,euler_range,195.0,361.15,27.122454,-6.1259,SEPARATED,20
coral (healthy),,001H171.jpg,5859282930e0bce1c3a16b39d21b9219,bilateral_symmetry,0.8677,0.872725,0.0117,-0.4295,no sep,20
coral (healthy),,001H171.jpg,5859282930e0bce1c3a16b39d21b9219,f_dim,1.8197,1.92791,0.003163,-34.2123,SEPARATED,20
coral (healthy),,001H171.jpg,5859282930e0bce1c3a16b39d21b9219,lacunarity_mean,2.5506,1.62746,0.021414,43.1099,SEPARATED,20
coral (healthy),,001H171.jpg,5859282930e0bce1c3a16b39d21b9219,multifractal_width,0.321,0.294925,0.015587,1.6729,no sep,20
coral (healthy),,001H171.jpg,5859282930e0bce1c3a16b39d21b9219,orientation_coherence,0.5083,0.397635,0.003048,36.3016,SEPARATED,20
coral (healthy),,001H171.jpg,5859282930e0bce1c3a16b39d21b9219,multiscale_entropy_slope,-0.0672,-0.051485,0.003071,-5.1166,SEPARATED,20
coral (healthy),,001H171.jpg,5859282930e0bce1c3a16b39d21b9219,junctions,2068.0,2783.35,139.995455,-5.1098,SEPARATED,20
coral (healthy),,001H171.jpg,5859282930e0bce1c3a16b39d21b9219,clustering,0.282667,0.285242,0.002784,-0.9248,no sep,20
coral (healthy),,001H171.jpg,5859282930e0bce1c3a16b39d21b9219,plateau,0.809478,0.813873,0.005707,-0.7702,no sep,20
coral (healthy),,001H171.jpg,5859282930e0bce1c3a16b39d21b9219,entropy,6.8968,6.8968,0.0,0.0,no sep,20
coral (healthy),,001H171.jpg,5859282930e0bce1c3a16b39d21b9219,forbidden_coverage,0.2667,0.00932,0.00702,36.6615,SEPARATED,20
coral (healthy),,001H171.jpg,5859282930e0bce1c3a16b39d21b9219,tau_ratio_score,0.0,0.0,0.0,0.0,no sep,20
coral (healthy),,001H011.jpg,d93481c0db60da85fdb8a8ffda8cc341,betti_0,599.0,599.0,0.0,0.0,no sep,20
coral (healthy),,001H011.jpg,d93481c0db60da85fdb8a8ffda8cc341,betti_1,74.0,120.0,7.981228,-5.7635,SEPARATED,20
coral (healthy),,001H011.jpg,d93481c0db60da85fdb8a8ffda8cc341,persistence_entropy_h1,4.4083,4.763595,0.041032,-8.6589,SEPARATED,20
coral (healthy),,001H011.jpg,d93481c0db60da85fdb8a8ffda8cc341,total_persistence_h1,117.913,152.273635,6.704059,-5.1253,SEPARATED,20
coral (healthy),,001H011.jpg,d93481c0db60da85fdb8a8ffda8cc341,euler_mean,1.8438,1.795325,6.289271,0.0077,no sep,20
coral (healthy),,001H011.jpg,d93481c0db60da85fdb8a8ffda8cc341,euler_std,82.9224,136.904085,4.729886,-11.4129,SEPARATED,20
coral (healthy),,001H011.jpg,d93481c0db60da85fdb8a8ffda8cc341,euler_range,376.0,537.9,31.487934,-5.1417,SEPARATED,20
coral (healthy),,001H011.jpg,d93481c0db60da85fdb8a8ffda8cc341,bilateral_symmetry,0.8823,0.87764,0.008732,0.5336,no sep,20
coral (healthy),,001H011.jpg,d93481c0db60da85fdb8a8ffda8cc341,f_dim,1.8188,1.95109,0.004211,-31.4185,SEPARATED,20
coral (healthy),,001H011.jpg,d93481c0db60da85fdb8a8ffda8cc341,lacunarity_mean,2.5471,1.47795,0.030161,35.4483,SEPARATED,20
coral (healthy),,001H011.jpg,d93481c0db60da85fdb8a8ffda8cc341,multifractal_width,0.7586,0.71681,0.192635,0.2169,no sep,20
coral (healthy),,001H011.jpg,d93481c0db60da85fdb8a8ffda8cc341,orientation_coherence,0.4959,0.404285,0.002012,45.5448,SEPARATED,20
coral (healthy),,001H011.jpg,d93481c0db60da85fdb8a8ffda8cc341,multiscale_entropy_slope,-0.0989,-0.090415,0.004123,-2.0578,MARGINAL,20
coral (healthy),,001H011.jpg,d93481c0db60da85fdb8a8ffda8cc341,junctions,2215.0,2998.55,103.1918,-7.5931,SEPARATED,20
coral (healthy),,001H011.jpg,d93481c0db60da85fdb8a8ffda8cc341,clustering,0.293153,0.290425,0.002454,1.1114,no sep,20
coral (healthy),,001H011.jpg,d93481c0db60da85fdb8a8ffda8cc341,plateau,0.826185,0.823833,0.007269,0.3236,no sep,20
coral (healthy),,001H011.jpg,d93481c0db60da85fdb8a8ffda8cc341,entropy,6.9699,6.9699,0.0,0.0,no sep,20
coral (healthy),,001H011.jpg,d93481c0db60da85fdb8a8ffda8cc341,forbidden_coverage,0.4889,0.007095,0.005522,87.2462,SEPARATED,20
coral (healthy),,001H011.jpg,d93481c0db60da85fdb8a8ffda8cc341,tau_ratio_score,0.0,0.0,0.0,0.0,no sep,20
crystal,,001C006.png,b775ac228eff8a9d72c80d466d60a570,betti_0,599.0,599.0,0.0,0.0,no sep,20
crystal,,001C006.png,b775ac228eff8a9d72c80d466d60a570,betti_1,134.0,125.95,11.855273,0.679,no sep,20
crystal,,001C006.png,b775ac228eff8a9d72c80d466d60a570,persistence_entropy_h1,4.836,4.80029,0.052875,0.6754,no sep,20
crystal,,001C006.png,b775ac228eff8a9d72c80d466d60a570,total_persistence_h1,151.4243,155.08708,6.686214,-0.5478,no sep,20
crystal,,001C006.png,b775ac228eff8a9d72c80d466d60a570,euler_mean,12.1875,18.14219,3.055378,-1.9489,no sep,20
crystal,,001C006.png,b775ac228eff8a9d72c80d466d60a570,euler_std,286.5152,300.922665,3.844307,-3.7477,SEPARATED,20
crystal,,001C006.png,b775ac228eff8a9d72c80d466d60a570,euler_range,1163.0,1234.25,22.273022,-3.1989,SEPARATED,20
crystal,,001C006.png,b775ac228eff8a9d72c80d466d60a570,bilateral_symmetry,0.8893,0.89114,0.001066,-1.726,no sep,20
crystal,,001C006.png,b775ac228eff8a9d72c80d466d60a570,f_dim,1.9736,1.99006,0.000448,-36.7689,SEPARATED,20
crystal,,001C006.png,b775ac228eff8a9d72c80d466d60a570,lacunarity_mean,1.3422,1.21021,0.002847,46.3568,SEPARATED,20
crystal,,001C006.png,b775ac228eff8a9d72c80d466d60a570,multifractal_width,0.1155,0.130115,0.009106,-1.6051,no sep,20
crystal,,001C006.png,b775ac228eff8a9d72c80d466d60a570,orientation_coherence,0.3905,0.378085,0.002702,4.5955,SEPARATED,20
crystal,,001C006.png,b775ac228eff8a9d72c80d466d60a570,multiscale_entropy_slope,-0.2056,-0.210465,0.002261,2.1515,MARGINAL,20
crystal,,001C006.png,b775ac228eff8a9d72c80d466d60a570,junctions,4279.0,4709.85,115.350889,-3.7351,SEPARATED,20
crystal,,001C006.png,b775ac228eff8a9d72c80d466d60a570,clustering,0.284049,0.282398,0.001919,0.8599,no sep,20
crystal,,001C006.png,b775ac228eff8a9d72c80d466d60a570,plateau,0.820986,0.808496,0.006046,2.066,MARGINAL,20
crystal,,001C006.png,b775ac228eff8a9d72c80d466d60a570,entropy,6.7965,6.7965,0.0,0.0,no sep,20
crystal,,001C006.png,b775ac228eff8a9d72c80d466d60a570,forbidden_coverage,0.0,0.0,0.0,0.0,no sep,20
crystal,,001C006.png,b775ac228eff8a9d72c80d466d60a570,tau_ratio_score,0.0,0.0,0.0,0.0,no sep,20
crystal,,001C007.png,d29942111ece0f2e01789bb22b67dc97,betti_0,599.0,599.0,0.0,0.0,no sep,20
crystal,,001C007.png,d29942111ece0f2e01789bb22b67dc97,betti_1,139.0,133.1,11.4057,0.5173,no sep,20
crystal,,001C007.png,d29942111ece0f2e01789bb22b67dc97,persistence_entropy_h1,4.8731,4.84024,0.053203,0.6176,no sep,20
crystal,,001C007.png,d29942111ece0f2e01789bb22b67dc97,total_persistence_h1,160.1807,155.923035,4.823521,0.8827,no sep,20
crystal,,001C007.png,d29942111ece0f2e01789bb22b67dc97,euler_mean,11.4062,11.010945,1.578123,0.2505,no sep,20
crystal,,001C007.png,d29942111ece0f2e01789bb22b67dc97,euler_std,200.3363,207.236855,2.548757,-2.7074,MARGINAL,20
crystal,,001C007.png,d29942111ece0f2e01789bb22b67dc97,euler_range,795.0,828.7,16.483628,-2.0445,MARGINAL,20
crystal,,001C007.png,d29942111ece0f2e01789bb22b67dc97,bilateral_symmetry,0.875,0.875295,0.00079,-0.3736,no sep,20
crystal,,001C007.png,d29942111ece0f2e01789bb22b67dc97,f_dim,1.9489,1.96078,0.001157,-10.272,SEPARATED,20
crystal,,001C007.png,d29942111ece0f2e01789bb22b67dc97,lacunarity_mean,1.4987,1.423625,0.006421,11.6913,SEPARATED,20
crystal,,001C007.png,d29942111ece0f2e01789bb22b67dc97,multifractal_width,0.8669,1.290505,0.32478,-1.3043,no sep,20
crystal,,001C007.png,d29942111ece0f2e01789bb22b67dc97,orientation_coherence,0.6564,0.651165,0.001993,2.6266,MARGINAL,20
crystal,,001C007.png,d29942111ece0f2e01789bb22b67dc97,multiscale_entropy_slope,-0.2102,-0.21707,0.002794,2.4584,MARGINAL,20
crystal,,001C007.png,d29942111ece0f2e01789bb22b67dc97,junctions,1534.0,1793.35,78.112915,-3.3202,SEPARATED,20
crystal,,001C007.png,d29942111ece0f2e01789bb22b67dc97,clustering,0.299435,0.291613,0.00374,2.0916,MARGINAL,20
crystal,,001C007.png,d29942111ece0f2e01789bb22b67dc97,plateau,0.819426,0.821113,0.009826,-0.1716,no sep,20
crystal,,001C007.png,d29942111ece0f2e01789bb22b67dc97,entropy,6.8742,6.8742,0.0,0.0,no sep,20
crystal,,001C007.png,d29942111ece0f2e01789bb22b67dc97,forbidden_coverage,0.8,0.17133,0.018932,33.2074,SEPARATED,20
crystal,,001C007.png,d29942111ece0f2e01789bb22b67dc97,tau_ratio_score,0.0,0.0,0.0,0.0,no sep,20
crystal,,001C002.png,007d03c15b60ff477667f37fe8ef87f6,betti_0,599.0,497.5,165.903436,0.6118,no sep,20
crystal,,001C002.png,007d03c15b60ff477667f37fe8ef87f6,betti_1,71.0,34.25,13.575253,2.7071,MARGINAL,20
crystal,,001C002.png,007d03c15b60ff477667f37fe8ef87f6,persistence_entropy_h1,4.6651,4.171225,0.194816,2.5351,MARGINAL,20
crystal,,001C002.png,007d03c15b60ff477667f37fe8ef87f6,total_persistence_h1,126.9232,88.360775,9.987863,3.8609,SEPARATED,20
crystal,,001C002.png,007d03c15b60ff477667f37fe8ef87f6,euler_mean,28.4062,29.295335,1.575157,-0.5645,no sep,20
crystal,,001C002.png,007d03c15b60ff477667f37fe8ef87f6,euler_std,122.6547,107.029895,10.397468,1.5028,no sep,20
crystal,,001C002.png,007d03c15b60ff477667f37fe8ef87f6,euler_range,712.0,583.85,80.166873,1.5985,no sep,20
crystal,,001C002.png,007d03c15b60ff477667f37fe8ef87f6,bilateral_symmetry,0.7618,0.759215,0.005387,0.4798,no sep,20
crystal,,001C002.png,007d03c15b60ff477667f37fe8ef87f6,f_dim,1.9254,1.93559,0.000976,-10.4388,SEPARATED,20
crystal,,001C002.png,007d03c15b60ff477667f37fe8ef87f6,lacunarity_mean,1.6826,1.66211,0.017181,1.1926,no sep,20
crystal,,001C002.png,007d03c15b60ff477667f37fe8ef87f6,multifractal_width,0.5843,0.59518,0.004133,-2.6323,MARGINAL,20
crystal,,001C002.png,007d03c15b60ff477667f37fe8ef87f6,orientation_coherence,0.9931,0.96166,0.003431,9.1625,SEPARATED,20
crystal,,001C002.png,007d03c15b60ff477667f37fe8ef87f6,multiscale_entropy_slope,-0.5997,-0.604705,0.003726,1.3431,no sep,20
crystal,,001C002.png,007d03c15b60ff477667f37fe8ef87f6,junctions,23.0,475.35,66.841061,-6.7675,SEPARATED,20
crystal,,001C002.png,007d03c15b60ff477667f37fe8ef87f6,clustering,0.492754,0.303303,0.005938,31.905,SEPARATED,20
crystal,,001C002.png,007d03c15b60ff477667f37fe8ef87f6,plateau,1.0,0.846099,0.016335,9.4216,SEPARATED,20
crystal,,001C002.png,007d03c15b60ff477667f37fe8ef87f6,entropy,7.4097,7.4097,0.0,0.0,no sep,20
crystal,,001C002.png,007d03c15b60ff477667f37fe8ef87f6,forbidden_coverage,0.3867,0.68734,0.031804,-9.453,SEPARATED,20
crystal,,001C002.png,007d03c15b60ff477667f37fe8ef87f6,tau_ratio_score,0.0,0.0,0.0,0.0,no sep,20
crystal,,001C001.png.png,6e855d9c45ed8082810877f346ad5f91,betti_0,599.0,599.0,0.0,0.0,no sep,20
crystal,,001C001.png.png,6e855d9c45ed8082810877f346ad5f91,betti_1,123.0,121.05,8.363462,0.2332,no sep,20
crystal,,001C001.png.png,6e855d9c45ed8082810877f346ad5f91,persistence_entropy_h1,4.8658,4.81532,0.042801,1.1794,no sep,20
crystal,,001C001.png.png,6e855d9c45ed8082810877f346ad5f91,total_persistence_h1,145.7072,137.848035,6.265952,1.2543,no sep,20
crystal,,001C001.png.png,6e855d9c45ed8082810877f346ad5f91,euler_mean,71.9375,66.10937,1.404639,4.1492,SEPARATED,20
crystal,,001C001.png.png,6e855d9c45ed8082810877f346ad5f91,euler_std,69.7889,71.190675,1.973333,-0.7104,no sep,20
crystal,,001C001.png.png,6e855d9c45ed8082810877f346ad5f91,euler_range,254.0,261.45,11.042984,-0.6746,no sep,20
crystal,,001C001.png.png,6e855d9c45ed8082810877f346ad5f91,bilateral_symmetry,0.7874,0.781055,0.005578,1.1375,no sep,20
crystal,,001C001.png.png,6e855d9c45ed8082810877f346ad5f91,f_dim,1.7319,1.81298,0.006214,-13.0483,SEPARATED,20
crystal,,001C001.png.png,6e855d9c45ed8082810877f346ad5f91,lacunarity_mean,3.405,2.511445,0.063031,14.1765,SEPARATED,20
crystal,,001C001.png.png,6e855d9c45ed8082810877f346ad5f91,multifractal_width,0.8755,0.89313,0.029746,-0.5927,no sep,20
crystal,,001C001.png.png,6e855d9c45ed8082810877f346ad5f91,orientation_coherence,0.7674,0.73689,0.004455,6.8487,SEPARATED,20
crystal,,001C001.png.png,6e855d9c45ed8082810877f346ad5f91,multiscale_entropy_slope,-0.0829,-0.08751,0.0048,0.9604,no sep,20
crystal,,001C001.png.png,6e855d9c45ed8082810877f346ad5f91,junctions,3716.0,3252.4,267.516056,1.733,no sep,20
crystal,,001C001.png.png,6e855d9c45ed8082810877f346ad5f91,clustering,0.244917,0.245308,0.005126,-0.0763,no sep,20
crystal,,001C001.png.png,6e855d9c45ed8082810877f346ad5f91,plateau,0.702906,0.711356,0.015715,-0.5377,no sep,20
crystal,,001C001.png.png,6e855d9c45ed8082810877f346ad5f91,entropy,7.3308,7.3308,0.0,0.0,no sep,20
crystal,,001C001.png.png,6e855d9c45ed8082810877f346ad5f91,forbidden_coverage,0.0,0.0,0.0,0.0,no sep,20
crystal,,001C001.png.png,6e855d9c45ed8082810877f346ad5f91,tau_ratio_score,0.0,0.0,0.0,0.0,no sep,20
crystal,,001C004.png,9a154ffd2d5796504419a426d00c6e6b,betti_0,599.0,599.0,0.0,0.0,no sep,20
crystal,,001C004.png,9a154ffd2d5796504419a426d00c6e6b,betti_1,87.0,120.6,5.919459,-5.6762,SEPARATED,20
crystal,,001C004.png,9a154ffd2d5796504419a426d00c6e6b,persistence_entropy_h1,4.6076,4.7438,0.038282,-3.5578,SEPARATED,20
crystal,,001C004.png,9a154ffd2d5796504419a426d00c6e6b,total_persistence_h1,143.8956,152.774595,6.053285,-1.4668,no sep,20
crystal,,001C004.png,9a154ffd2d5796504419a426d00c6e6b,euler_mean,183.5,-111.787485,12.952497,22.7977,SEPARATED,20
crystal,,001C004.png,9a154ffd2d5796504419a426d00c6e6b,euler_std,431.9797,586.600025,28.321198,-5.4595,SEPARATED,20
crystal,,001C004.png,9a154ffd2d5796504419a426d00c6e6b,euler_range,1314.0,1830.1,114.135402,-4.5218,SEPARATED,20
crystal,,001C004.png,9a154ffd2d5796504419a426d00c6e6b,bilateral_symmetry,0.6754,0.72323,0.018558,-2.5773,MARGINAL,20
crystal,,001C004.png,9a154ffd2d5796504419a426d00c6e6b,f_dim,1.9999,1.99992,6e-05,-0.3333,no sep,20
crystal,,001C004.png,9a154ffd2d5796504419a426d00c6e6b,lacunarity_mean,1.0758,1.071185,0.000739,6.244,SEPARATED,20
crystal,,001C004.png,9a154ffd2d5796504419a426d00c6e6b,multifractal_width,0.8336,0.405865,0.077369,5.5285,SEPARATED,20
crystal,,001C004.png,9a154ffd2d5796504419a426d00c6e6b,orientation_coherence,0.3607,0.320185,0.006125,6.6149,SEPARATED,20
crystal,,001C004.png,9a154ffd2d5796504419a426d00c6e6b,multiscale_entropy_slope,-0.1669,-0.17569,0.004969,1.7688,no sep,20
crystal,,001C004.png,9a154ffd2d5796504419a426d00c6e6b,junctions,21019.0,11960.55,412.988072,21.9339,SEPARATED,20
crystal,,001C004.png,9a154ffd2d5796504419a426d00c6e6b,clustering,0.205867,0.244055,0.002454,-15.5626,SEPARATED,20
crystal,,001C004.png,9a154ffd2d5796504419a426d00c6e6b,plateau,0.751178,0.78174,0.005087,-6.008,SEPARATED,20
crystal,,001C004.png,9a154ffd2d5796504419a426d00c6e6b,entropy,7.8987,7.8987,0.0,0.0,no sep,20
crystal,,001C004.png,9a154ffd2d5796504419a426d00c6e6b,forbidden_coverage,0.0133,0.013995,0.005851,-0.1188,no sep,20
crystal,,001C004.png,9a154ffd2d5796504419a426d00c6e6b,tau_ratio_score,0.0,0.0,0.0,0.0,no sep,20
crystal,,001C003.png,ae64499c01c7b7dad265a510b21fdcf9,betti_0,599.0,599.0,0.0,0.0,no sep,20
crystal,,001C003.png,ae64499c01c7b7dad265a510b21fdcf9,betti_1,135.0,137.65,10.393628,-0.255,no sep,20
crystal,,001C003.png,ae64499c01c7b7dad265a510b21fdcf9,persistence_entropy_h1,4.8052,4.862575,0.069651,-0.8238,no sep,20
crystal,,001C003.png,ae64499c01c7b7dad265a510b21fdcf9,total_persistence_h1,167.2967,157.719795,5.654061,1.6938,no sep,20
crystal,,001C003.png,ae64499c01c7b7dad265a510b21fdcf9,euler_mean,261.375,76.1922,8.838921,20.9508,SEPARATED,20
crystal,,001C003.png,ae64499c01c7b7dad265a510b21fdcf9,euler_std,824.5767,491.60475,8.090762,41.1546,SEPARATED,20
crystal,,001C003.png,ae64499c01c7b7dad265a510b21fdcf9,euler_range,2755.0,1620.8,42.963473,26.3992,SEPARATED,20
crystal,,001C003.png,ae64499c01c7b7dad265a510b21fdcf9,bilateral_symmetry,0.7993,0.812175,0.004501,-2.8604,MARGINAL,20
crystal,,001C003.png,ae64499c01c7b7dad265a510b21fdcf9,f_dim,1.9887,1.99183,0.000372,-8.4226,SEPARATED,20
crystal,,001C003.png,ae64499c01c7b7dad265a510b21fdcf9,lacunarity_mean,1.2454,1.230225,0.002218,6.8429,SEPARATED,20
crystal,,001C003.png,ae64499c01c7b7dad265a510b21fdcf9,multifractal_width,0.391,0.278535,0.019773,5.6879,SEPARATED,20
crystal,,001C003.png,ae64499c01c7b7dad265a510b21fdcf9,orientation_coherence,0.4517,0.501595,0.003725,-13.3942,SEPARATED,20
crystal,,001C003.png,ae64499c01c7b7dad265a510b21fdcf9,multiscale_entropy_slope,-0.3474,-0.20104,0.005397,-27.1189,SEPARATED,20
crystal,,001C003.png,ae64499c01c7b7dad265a510b21fdcf9,junctions,7920.0,2937.25,143.794254,34.6519,SEPARATED,20
crystal,,001C003.png,ae64499c01c7b7dad265a510b21fdcf9,clustering,0.295006,0.308001,0.002672,-4.8641,SEPARATED,20
crystal,,001C003.png,ae64499c01c7b7dad265a510b21fdcf9,plateau,0.864773,0.857422,0.005058,1.4532,no sep,20
crystal,,001C003.png,ae64499c01c7b7dad265a510b21fdcf9,entropy,7.4175,7.4175,0.0,0.0,no sep,20
crystal,,001C003.png,ae64499c01c7b7dad265a510b21fdcf9,forbidden_coverage,0.0933,0.12822,0.020142,-1.7337,no sep,20
crystal,,001C003.png,ae64499c01c7b7dad265a510b21fdcf9,tau_ratio_score,0.0,0.0,0.0,0.0,no sep,20
crystal,,001C005.png,a7740b780be577a104642de173507bf1,betti_0,599.0,599.0,0.0,0.0,no sep,20
crystal,,001C005.png,a7740b780be577a104642de173507bf1,betti_1,143.0,132.75,11.85696,0.8645,no sep,20
crystal,,001C005.png,a7740b780be577a104642de173507bf1,persistence_entropy_h1,4.8933,4.850275,0.043586,0.9871,no sep,20
crystal,,001C005.png,a7740b780be577a104642de173507bf1,total_persistence_h1,158.6649,156.83189,5.213496,0.3516,no sep,20
crystal,,001C005.png,a7740b780be577a104642de173507bf1,euler_mean,20.125,17.604685,5.607978,0.4494,no sep,20
crystal,,001C005.png,a7740b780be577a104642de173507bf1,euler_std,241.9673,249.82062,4.183529,-1.8772,no sep,20
crystal,,001C005.png,a7740b780be577a104642de173507bf1,euler_range,1062.0,1105.25,25.833844,-1.6742,no sep,20
crystal,,001C005.png,a7740b780be577a104642de173507bf1,bilateral_symmetry,0.8921,0.896565,0.001735,-2.573,MARGINAL,20
crystal,,001C005.png,a7740b780be577a104642de173507bf1,f_dim,1.8369,1.919595,0.005007,-16.5144,SEPARATED,20
crystal,,001C005.png,a7740b780be577a104642de173507bf1,lacunarity_mean,2.5492,1.754805,0.037389,21.2468,SEPARATED,20
crystal,,001C005.png,a7740b780be577a104642de173507bf1,multifractal_width,0.1104,0.11469,0.002355,-1.8215,no sep,20
crystal,,001C005.png,a7740b780be577a104642de173507bf1,orientation_coherence,0.4604,0.458475,0.004726,0.4073,no sep,20
crystal,,001C005.png,a7740b780be577a104642de173507bf1,multiscale_entropy_slope,-0.2385,-0.24303,0.001771,2.5572,MARGINAL,20
crystal,,001C005.png,a7740b780be577a104642de173507bf1,junctions,1993.0,2238.25,138.015171,-1.777,no sep,20
crystal,,001C005.png,a7740b780be577a104642de173507bf1,clustering,0.295367,0.302931,0.004067,-1.8598,no sep,20
crystal,,001C005.png,a7740b780be577a104642de173507bf1,plateau,0.828901,0.84224,0.006642,-2.0083,MARGINAL,20
crystal,,001C005.png,a7740b780be577a104642de173507bf1,entropy,6.6035,6.6035,0.0,0.0,no sep,20
crystal,,001C005.png,a7740b780be577a104642de173507bf1,forbidden_coverage,0.0089,0.0,0.0,nan,zero-var,20
crystal,,001C005.png,a7740b780be577a104642de173507bf1,tau_ratio_score,0.0,0.0,0.0,0.0,no sep,20
faces (FG-NET),,040A21.JPG,499849e6bea709905f586decd6c82b27,betti_0,599.0,599.0,0.0,0.0,no sep,20
faces (FG-NET),,040A21.JPG,499849e6bea709905f586decd6c82b27,betti_1,48.0,57.8,7.704544,-1.272,no sep,20
faces (FG-NET),,040A21.JPG,499849e6bea709905f586decd6c82b27,persistence_entropy_h1,3.9386,4.174565,0.086535,-2.7268,MARGINAL,20
faces (FG-NET),,040A21.JPG,499849e6bea709905f586decd6c82b27,total_persistence_h1,101.5575,117.980805,5.786668,-2.8381,MARGINAL,20
faces (FG-NET),,040A21.JPG,499849e6bea709905f586decd6c82b27,euler_mean,11.1562,-3.93907,1.698464,8.8876,SEPARATED,20
faces (FG-NET),,040A21.JPG,499849e6bea709905f586decd6c82b27,euler_std,23.9545,26.875885,2.420612,-1.2069,no sep,20
faces (FG-NET),,040A21.JPG,499849e6bea709905f586decd6c82b27,euler_range,135.0,131.75,15.788841,0.2058,no sep,20
faces (FG-NET),,040A21.JPG,499849e6bea709905f586decd6c82b27,bilateral_symmetry,0.9145,0.795875,0.022929,5.1735,SEPARATED,20
faces (FG-NET),,040A21.JPG,499849e6bea709905f586decd6c82b27,f_dim,1.6015,1.834105,0.004913,-47.3469,SEPARATED,20
faces (FG-NET),,040A21.JPG,499849e6bea709905f586decd6c82b27,lacunarity_mean,5.9203,2.274795,0.042148,86.4933,SEPARATED,20
faces (FG-NET),,040A21.JPG,499849e6bea709905f586decd6c82b27,multifractal_width,0.3107,0.303555,0.05403,0.1322,no sep,20
faces (FG-NET),,040A21.JPG,499849e6bea709905f586decd6c82b27,orientation_coherence,0.5618,0.464705,0.00349,27.8193,SEPARATED,20
faces (FG-NET),,040A21.JPG,499849e6bea709905f586decd6c82b27,multiscale_entropy_slope,-0.0321,-0.007195,0.003851,-6.4675,SEPARATED,20
faces (FG-NET),,040A21.JPG,499849e6bea709905f586decd6c82b27,junctions,992.0,2193.3,111.391247,-10.7845,SEPARATED,20
faces (FG-NET),,040A21.JPG,499849e6bea709905f586decd6c82b27,clustering,0.284722,0.282951,0.003552,0.4987,no sep,20
faces (FG-NET),,040A21.JPG,499849e6bea709905f586decd6c82b27,plateau,0.802419,0.81313,0.00794,-1.3489,no sep,20
faces (FG-NET),,040A21.JPG,499849e6bea709905f586decd6c82b27,entropy,7.0408,7.0408,0.0,0.0,no sep,20
faces (FG-NET),,040A21.JPG,499849e6bea709905f586decd6c82b27,forbidden_coverage,0.2222,0.333545,0.030256,-3.68,SEPARATED,20
faces (FG-NET),,040A21.JPG,499849e6bea709905f586decd6c82b27,tau_ratio_score,0.0,0.0,0.0,0.0,no sep,20
faces (FG-NET),,001A19.JPG,20c999138ef91d65a590842026d25b7f,betti_0,599.0,586.0,56.665686,0.2294,no sep,20
faces (FG-NET),,001A19.JPG,20c999138ef91d65a590842026d25b7f,betti_1,25.0,51.95,10.375331,-2.5975,MARGINAL,20
faces (FG-NET),,001A19.JPG,20c999138ef91d65a590842026d25b7f,persistence_entropy_h1,3.5288,4.16619,0.128845,-4.947,SEPARATED,20
faces (FG-NET),,001A19.JPG,20c999138ef91d65a590842026d25b7f,total_persistence_h1,88.705,122.055695,8.169217,-4.0825,SEPARATED,20
faces (FG-NET),,001A19.JPG,20c999138ef91d65a590842026d25b7f,euler_mean,1.0312,5.62343,0.813491,-5.6451,SEPARATED,20
faces (FG-NET),,001A19.JPG,20c999138ef91d65a590842026d25b7f,euler_std,23.4207,17.090635,1.631476,3.88,SEPARATED,20
faces (FG-NET),,001A19.JPG,20c999138ef91d65a590842026d25b7f,euler_range,170.0,90.9,15.423683,5.1285,SEPARATED,20
faces (FG-NET),,001A19.JPG,20c999138ef91d65a590842026d25b7f,bilateral_symmetry,0.8742,0.867565,0.022379,0.2965,no sep,20
faces (FG-NET),,001A19.JPG,20c999138ef91d65a590842026d25b7f,f_dim,1.3997,1.675835,0.010221,-27.0173,SEPARATED,20
faces (FG-NET),,001A19.JPG,20c999138ef91d65a590842026d25b7f,lacunarity_mean,13.8541,4.387415,0.16647,56.8674,SEPARATED,20
faces (FG-NET),,001A19.JPG,20c999138ef91d65a590842026d25b7f,multifractal_width,0.2158,0.30825,0.044716,-2.0675,MARGINAL,20
faces (FG-NET),,001A19.JPG,20c999138ef91d65a590842026d25b7f,orientation_coherence,0.5211,0.557445,0.006786,-5.3557,SEPARATED,20
faces (FG-NET),,001A19.JPG,20c999138ef91d65a590842026d25b7f,multiscale_entropy_slope,-0.0349,0.016375,0.004299,-11.928,SEPARATED,20
faces (FG-NET),,001A19.JPG,20c999138ef91d65a590842026d25b7f,junctions,472.0,1112.45,66.517272,-9.6283,SEPARATED,20
faces (FG-NET),,001A19.JPG,20c999138ef91d65a590842026d25b7f,clustering,0.274953,0.275931,0.004474,-0.2187,no sep,20
faces (FG-NET),,001A19.JPG,20c999138ef91d65a590842026d25b7f,plateau,0.773305,0.801196,0.007937,-3.5141,SEPARATED,20
faces (FG-NET),,001A19.JPG,20c999138ef91d65a590842026d25b7f,entropy,6.674,6.674,0.0,0.0,no sep,20
faces (FG-NET),,001A19.JPG,20c999138ef91d65a590842026d25b7f,forbidden_coverage,0.2178,0.224005,0.028955,-0.2143,no sep,20
faces (FG-NET),,001A19.JPG,20c999138ef91d65a590842026d25b7f,tau_ratio_score,0.0,0.0,0.0,0.0,no sep,20
faces (FG-NET),,076A16.JPG,34a6ebaacd8567a120c5c4b0d1b2e151,betti_0,599.0,522.7,116.986794,0.6522,no sep,20
faces (FG-NET),,076A16.JPG,34a6ebaacd8567a120c5c4b0d1b2e151,betti_1,25.0,42.0,10.168579,-1.6718,no sep,20
faces (FG-NET),,076A16.JPG,34a6ebaacd8567a120c5c4b0d1b2e151,persistence_entropy_h1,3.9364,4.26607,0.11558,-2.8523,MARGINAL,20
faces (FG-NET),,076A16.JPG,34a6ebaacd8567a120c5c4b0d1b2e151,total_persistence_h1,89.603,110.17693,7.929595,-2.5946,MARGINAL,20
faces (FG-NET),,076A16.JPG,34a6ebaacd8567a120c5c4b0d1b2e151,euler_mean,-3.3125,9.879685,1.12739,-11.7015,SEPARATED,20
faces (FG-NET),,076A16.JPG,34a6ebaacd8567a120c5c4b0d1b2e151,euler_std,44.5101,24.573335,2.813187,7.0869,SEPARATED,20
faces (FG-NET),,076A16.JPG,34a6ebaacd8567a120c5c4b0d1b2e151,euler_range,277.0,145.2,19.968976,6.6002,SEPARATED,20
faces (FG-NET),,076A16.JPG,34a6ebaacd8567a120c5c4b0d1b2e151,bilateral_symmetry,0.8268,0.788245,0.035625,1.0822,no sep,20
faces (FG-NET),,076A16.JPG,34a6ebaacd8567a120c5c4b0d1b2e151,f_dim,1.3875,1.724765,0.020993,-16.0659,SEPARATED,20
faces (FG-NET),,076A16.JPG,34a6ebaacd8567a120c5c4b0d1b2e151,lacunarity_mean,13.71,3.567085,0.276498,36.6835,SEPARATED,20
faces (FG-NET),,076A16.JPG,34a6ebaacd8567a120c5c4b0d1b2e151,multifractal_width,0.1104,0.194975,0.016524,-5.1183,SEPARATED,20
faces (FG-NET),,076A16.JPG,34a6ebaacd8567a120c5c4b0d1b2e151,orientation_coherence,0.5763,0.50468,0.007694,9.3083,SEPARATED,20
faces (FG-NET),,076A16.JPG,34a6ebaacd8567a120c5c4b0d1b2e151,multiscale_entropy_slope,-0.0615,0.003465,0.006525,-9.9557,SEPARATED,20
faces (FG-NET),,076A16.JPG,34a6ebaacd8567a120c5c4b0d1b2e151,junctions,331.0,1270.85,84.826455,-11.0797,SEPARATED,20
faces (FG-NET),,076A16.JPG,34a6ebaacd8567a120c5c4b0d1b2e151,clustering,0.292716,0.276012,0.004462,3.7437,SEPARATED,20
faces (FG-NET),,076A16.JPG,34a6ebaacd8567a120c5c4b0d1b2e151,plateau,0.800604,0.782099,0.012314,1.5029,no sep,20
faces (FG-NET),,076A16.JPG,34a6ebaacd8567a120c5c4b0d1b2e151,entropy,6.8193,6.8193,0.0,0.0,no sep,20
faces (FG-NET),,076A16.JPG,34a6ebaacd8567a120c5c4b0d1b2e151,forbidden_coverage,0.2933,0.021555,0.012673,21.4433,SEPARATED,20
faces (FG-NET),,076A16.JPG,34a6ebaacd8567a120c5c4b0d1b2e151,tau_ratio_score,0.0,0.0,0.0,0.0,no sep,20
faces (FG-NET),,077A08.JPG,096e4a23ad4c26ee091b4141a02af21a,betti_0,599.0,599.0,0.0,0.0,no sep,20
faces (FG-NET),,077A08.JPG,096e4a23ad4c26ee091b4141a02af21a,betti_1,27.0,88.9,11.82751,-5.2336,SEPARATED,20
faces (FG-NET),,077A08.JPG,096e4a23ad4c26ee091b4141a02af21a,persistence_entropy_h1,3.8253,4.5382,0.08691,-8.2027,SEPARATED,20
faces (FG-NET),,077A08.JPG,096e4a23ad4c26ee091b4141a02af21a,total_persistence_h1,98.2698,148.56305,7.530096,-6.679,SEPARATED,20
faces (FG-NET),,077A08.JPG,096e4a23ad4c26ee091b4141a02af21a,euler_mean,1.8125,3.34061,1.535523,-0.9952,no sep,20
faces (FG-NET),,077A08.JPG,096e4a23ad4c26ee091b4141a02af21a,euler_std,13.7624,24.085335,1.933531,-5.3389,SEPARATED,20
faces (FG-NET),,077A08.JPG,096e4a23ad4c26ee091b4141a02af21a,euler_range,72.0,100.95,11.298119,-2.5624,MARGINAL,20
faces (FG-NET),,077A08.JPG,096e4a23ad4c26ee091b4141a02af21a,bilateral_symmetry,0.9113,0.871125,0.011118,3.6134,SEPARATED,20
faces (FG-NET),,077A08.JPG,096e4a23ad4c26ee091b4141a02af21a,f_dim,1.3968,1.491735,0.045654,-2.0794,MARGINAL,20
faces (FG-NET),,077A08.JPG,096e4a23ad4c26ee091b4141a02af21a,lacunarity_mean,12.8983,9.286855,1.736776,2.0794,MARGINAL,20
faces (FG-NET),,077A08.JPG,096e4a23ad4c26ee091b4141a02af21a,multifractal_width,0.2831,0.35533,0.075235,-0.9601,no sep,20
faces (FG-NET),,077A08.JPG,096e4a23ad4c26ee091b4141a02af21a,orientation_coherence,0.6015,0.51747,0.004442,18.9178,SEPARATED,20
faces (FG-NET),,077A08.JPG,096e4a23ad4c26ee091b4141a02af21a,multiscale_entropy_slope,-0.0431,-0.013875,0.004421,-6.6109,SEPARATED,20
faces (FG-NET),,077A08.JPG,096e4a23ad4c26ee091b4141a02af21a,junctions,367.0,797.75,55.393028,-7.7762,SEPARATED,20
faces (FG-NET),,077A08.JPG,096e4a23ad4c26ee091b4141a02af21a,clustering,0.289737,0.285155,0.007706,0.5945,no sep,20
faces (FG-NET),,077A08.JPG,096e4a23ad4c26ee091b4141a02af21a,plateau,0.798365,0.810751,0.014177,-0.8737,no sep,20
faces (FG-NET),,077A08.JPG,096e4a23ad4c26ee091b4141a02af21a,entropy,6.9737,6.9737,0.0,0.0,no sep,20
faces (FG-NET),,077A08.JPG,096e4a23ad4c26ee091b4141a02af21a,forbidden_coverage,0.3289,0.005095,0.005499,58.8887,SEPARATED,20
faces (FG-NET),,077A08.JPG,096e4a23ad4c26ee091b4141a02af21a,tau_ratio_score,0.0,0.0,0.0,0.0,no sep,20
faces (FG-NET),,029A31.JPG,4ec4de9c3ef9ae6228145d74120e2b3b,betti_0,599.0,542.15,115.352189,0.4928,no sep,20
faces (FG-NET),,029A31.JPG,4ec4de9c3ef9ae6228145d74120e2b3b,betti_1,25.0,45.8,13.658697,-1.5228,no sep,20
faces (FG-NET),,029A31.JPG,4ec4de9c3ef9ae6228145d74120e2b3b,persistence_entropy_h1,3.9661,4.182595,0.1349,-1.6049,no sep,20
faces (FG-NET),,029A31.JPG,4ec4de9c3ef9ae6228145d74120e2b3b,total_persistence_h1,91.5509,102.478085,9.505873,-1.1495,no sep,20
faces (FG-NET),,029A31.JPG,4ec4de9c3ef9ae6228145d74120e2b3b,euler_mean,1.8438,4.43279,0.69823,-3.7079,SEPARATED,20
faces (FG-NET),,029A31.JPG,4ec4de9c3ef9ae6228145d74120e2b3b,euler_std,11.0513,13.70131,1.366149,-1.9398,no sep,20
faces (FG-NET),,029A31.JPG,4ec4de9c3ef9ae6228145d74120e2b3b,euler_range,58.0,70.1,11.982904,-1.0098,no sep,20
faces (FG-NET),,029A31.JPG,4ec4de9c3ef9ae6228145d74120e2b3b,bilateral_symmetry,0.9442,0.882705,0.01998,3.0778,SEPARATED,20
faces (FG-NET),,029A31.JPG,4ec4de9c3ef9ae6228145d74120e2b3b,f_dim,1.0448,1.02136,0.035674,0.6571,no sep,20
faces (FG-NET),,029A31.JPG,4ec4de9c3ef9ae6228145d74120e2b3b,lacunarity_mean,54.6635,107.14489,95.089617,-0.5519,no sep,20
faces (FG-NET),,029A31.JPG,4ec4de9c3ef9ae6228145d74120e2b3b,multifractal_width,0.2251,0.484315,0.109679,-2.3634,MARGINAL,20
faces (FG-NET),,029A31.JPG,4ec4de9c3ef9ae6228145d74120e2b3b,orientation_coherence,0.6222,0.59298,0.003817,7.6547,SEPARATED,20
faces (FG-NET),,029A31.JPG,4ec4de9c3ef9ae6228145d74120e2b3b,multiscale_entropy_slope,-0.028,-0.01464,0.002966,-4.5041,SEPARATED,20
faces (FG-NET),,029A31.JPG,4ec4de9c3ef9ae6228145d74120e2b3b,junctions,185.0,469.35,49.146999,-5.7857,SEPARATED,20
faces (FG-NET),,029A31.JPG,4ec4de9c3ef9ae6228145d74120e2b3b,clustering,0.288288,0.270388,0.009815,1.8237,no sep,20
faces (FG-NET),,029A31.JPG,4ec4de9c3ef9ae6228145d74120e2b3b,plateau,0.767568,0.779405,0.020217,-0.5855,no sep,20
faces (FG-NET),,029A31.JPG,4ec4de9c3ef9ae6228145d74120e2b3b,entropy,6.7883,6.7883,0.0,0.0,no sep,20
faces (FG-NET),,029A31.JPG,4ec4de9c3ef9ae6228145d74120e2b3b,forbidden_coverage,0.2089,0.013995,0.011702,16.6552,SEPARATED,20
faces (FG-NET),,029A31.JPG,4ec4de9c3ef9ae6228145d74120e2b3b,tau_ratio_score,0.0,0.0,0.0,0.0,no sep,20
faces (FG-NET),,007A38.JPG,aedd15e176c20042e997ff9df197034b,betti_0,599.0,450.75,169.137185,0.8765,no sep,20
faces (FG-NET),,007A38.JPG,aedd15e176c20042e997ff9df197034b,betti_1,43.0,32.75,11.878026,0.8629,no sep,20
faces (FG-NET),,007A38.JPG,aedd15e176c20042e997ff9df197034b,persistence_entropy_h1,3.9659,4.1411,0.14035,-1.2483,no sep,20
faces (FG-NET),,007A38.JPG,aedd15e176c20042e997ff9df197034b,total_persistence_h1,90.348,97.06304,9.689684,-0.693,no sep,20
faces (FG-NET),,007A38.JPG,aedd15e176c20042e997ff9df197034b,euler_mean,4.8438,8.990615,2.350088,-1.7645,no sep,20
faces (FG-NET),,007A38.JPG,aedd15e176c20042e997ff9df197034b,euler_std,49.1465,23.29059,3.348128,7.7225,SEPARATED,20
faces (FG-NET),,007A38.JPG,aedd15e176c20042e997ff9df197034b,euler_range,213.0,139.05,26.083472,2.8351,MARGINAL,20
faces (FG-NET),,007A38.JPG,aedd15e176c20042e997ff9df197034b,bilateral_symmetry,0.8945,0.82062,0.029598,2.4961,MARGINAL,20
faces (FG-NET),,007A38.JPG,aedd15e176c20042e997ff9df197034b,f_dim,1.5329,1.70709,0.01654,-10.5315,SEPARATED,20
faces (FG-NET),,007A38.JPG,aedd15e176c20042e997ff9df197034b,lacunarity_mean,8.0756,3.7169,0.260729,16.7173,SEPARATED,20
faces (FG-NET),,007A38.JPG,aedd15e176c20042e997ff9df197034b,multifractal_width,0.0981,0.162445,0.024954,-2.5786,MARGINAL,20
faces (FG-NET),,007A38.JPG,aedd15e176c20042e997ff9df197034b,orientation_coherence,0.5614,0.53341,0.010034,2.7894,MARGINAL,20
faces (FG-NET),,007A38.JPG,aedd15e176c20042e997ff9df197034b,multiscale_entropy_slope,-0.0435,-0.007705,0.006164,-5.807,SEPARATED,20
faces (FG-NET),,007A38.JPG,aedd15e176c20042e997ff9df197034b,junctions,471.0,1221.35,108.198556,-6.9349,SEPARATED,20
faces (FG-NET),,007A38.JPG,aedd15e176c20042e997ff9df197034b,clustering,0.28804,0.283895,0.004297,0.9645,no sep,20
faces (FG-NET),,007A38.JPG,aedd15e176c20042e997ff9df197034b,plateau,0.832272,0.793104,0.014802,2.6462,MARGINAL,20
faces (FG-NET),,007A38.JPG,aedd15e176c20042e997ff9df197034b,entropy,6.9997,6.9997,0.0,0.0,no sep,20
faces (FG-NET),,007A38.JPG,aedd15e176c20042e997ff9df197034b,forbidden_coverage,0.1333,0.01265,0.009883,12.2082,SEPARATED,20
faces (FG-NET),,007A38.JPG,aedd15e176c20042e997ff9df197034b,tau_ratio_score,0.0,0.0,0.0,0.0,no sep,20
faces (FG-NET),,022A27.JPG,e89e0325f154b98d9024a8cbebd1d59a,betti_0,207.0,583.8,45.915792,-8.2063,SEPARATED,20
faces (FG-NET),,022A27.JPG,e89e0325f154b98d9024a8cbebd1d59a,betti_1,24.0,63.85,13.100668,-3.0418,SEPARATED,20
faces (FG-NET),,022A27.JPG,e89e0325f154b98d9024a8cbebd1d59a,persistence_entropy_h1,3.9759,4.45929,0.100846,-4.7933,SEPARATED,20
faces (FG-NET),,022A27.JPG,e89e0325f154b98d9024a8cbebd1d59a,total_persistence_h1,94.8241,129.19513,6.633013,-5.1818,SEPARATED,20
faces (FG-NET),,022A27.JPG,e89e0325f154b98d9024a8cbebd1d59a,euler_mean,9.3125,7.94844,0.977349,1.3957,no sep,20
faces (FG-NET),,022A27.JPG,e89e0325f154b98d9024a8cbebd1d59a,euler_std,15.113,21.13807,1.65097,-3.6494,SEPARATED,20
faces (FG-NET),,022A27.JPG,e89e0325f154b98d9024a8cbebd1d59a,euler_range,83.0,100.2,13.529967,-1.2713,no sep,20
faces (FG-NET),,022A27.JPG,e89e0325f154b98d9024a8cbebd1d59a,bilateral_symmetry,0.9116,0.833775,0.032685,2.3811,MARGINAL,20
faces (FG-NET),,022A27.JPG,e89e0325f154b98d9024a8cbebd1d59a,f_dim,1.1826,1.64629,0.026991,-17.1794,SEPARATED,20
faces (FG-NET),,022A27.JPG,e89e0325f154b98d9024a8cbebd1d59a,lacunarity_mean,29.5421,4.840185,0.543449,45.454,SEPARATED,20
faces (FG-NET),,022A27.JPG,e89e0325f154b98d9024a8cbebd1d59a,multifractal_width,0.3166,0.36947,0.086771,-0.6093,no sep,20
faces (FG-NET),,022A27.JPG,e89e0325f154b98d9024a8cbebd1d59a,orientation_coherence,0.6511,0.51864,0.008069,16.4165,SEPARATED,20
faces (FG-NET),,022A27.JPG,e89e0325f154b98d9024a8cbebd1d59a,multiscale_entropy_slope,-0.0363,-0.022495,0.004331,-3.1872,SEPARATED,20
faces (FG-NET),,022A27.JPG,e89e0325f154b98d9024a8cbebd1d59a,junctions,276.0,1131.45,66.066993,-12.9482,SEPARATED,20
faces (FG-NET),,022A27.JPG,e89e0325f154b98d9024a8cbebd1d59a,clustering,0.284219,0.272628,0.004739,2.446,MARGINAL,20
faces (FG-NET),,022A27.JPG,e89e0325f154b98d9024a8cbebd1d59a,plateau,0.826087,0.777771,0.014453,3.343,SEPARATED,20
faces (FG-NET),,022A27.JPG,e89e0325f154b98d9024a8cbebd1d59a,entropy,7.0472,7.0472,0.0,0.0,no sep,20
faces (FG-NET),,022A27.JPG,e89e0325f154b98d9024a8cbebd1d59a,forbidden_coverage,0.2133,0.0,0.0,nan,zero-var,20
faces (FG-NET),,022A27.JPG,e89e0325f154b98d9024a8cbebd1d59a,tau_ratio_score,0.0,0.0,0.0,0.0,no sep,20
faces (FG-NET),,072A14.JPG,5bf4cfa50959814f120de0cfed4d4e57,betti_0,599.0,599.0,0.0,0.0,no sep,20
faces (FG-NET),,072A14.JPG,5bf4cfa50959814f120de0cfed4d4e57,betti_1,51.0,71.55,11.115192,-1.8488,no sep,20
faces (FG-NET),,072A14.JPG,5bf4cfa50959814f120de0cfed4d4e57,persistence_entropy_h1,4.0747,4.487505,0.07506,-5.4996,SEPARATED,20
faces (FG-NET),,072A14.JPG,5bf4cfa50959814f120de0cfed4d4e57,total_persistence_h1,109.959,143.69768,9.305265,-3.6258,SEPARATED,20
faces (FG-NET),,072A14.JPG,5bf4cfa50959814f120de0cfed4d4e57,euler_mean,9.5938,7.02969,1.243836,2.0615,MARGINAL,20
faces (FG-NET),,072A14.JPG,5bf4cfa50959814f120de0cfed4d4e57,euler_std,16.4333,18.763425,1.632647,-1.4272,no sep,20
faces (FG-NET),,072A14.JPG,5bf4cfa50959814f120de0cfed4d4e57,euler_range,106.0,77.75,8.671073,3.258,SEPARATED,20
faces (FG-NET),,072A14.JPG,5bf4cfa50959814f120de0cfed4d4e57,bilateral_symmetry,0.8552,0.79389,0.033006,1.8575,no sep,20
faces (FG-NET),,072A14.JPG,5bf4cfa50959814f120de0cfed4d4e57,f_dim,1.443,1.74556,0.012197,-24.8056,SEPARATED,20
faces (FG-NET),,072A14.JPG,5bf4cfa50959814f120de0cfed4d4e57,lacunarity_mean,10.5773,3.322945,0.152814,47.4718,SEPARATED,20
faces (FG-NET),,072A14.JPG,5bf4cfa50959814f120de0cfed4d4e57,multifractal_width,0.2169,0.28043,0.042953,-1.4791,no sep,20
faces (FG-NET),,072A14.JPG,5bf4cfa50959814f120de0cfed4d4e57,orientation_coherence,0.6631,0.5467,0.005703,20.4088,SEPARATED,20
faces (FG-NET),,072A14.JPG,5bf4cfa50959814f120de0cfed4d4e57,multiscale_entropy_slope,-0.0464,-0.02509,0.004607,-4.6255,SEPARATED,20
faces (FG-NET),,072A14.JPG,5bf4cfa50959814f120de0cfed4d4e57,junctions,655.0,1372.45,87.031876,-8.2435,SEPARATED,20
faces (FG-NET),,072A14.JPG,5bf4cfa50959814f120de0cfed4d4e57,clustering,0.282612,0.272955,0.003831,2.5205,MARGINAL,20
faces (FG-NET),,072A14.JPG,5bf4cfa50959814f120de0cfed4d4e57,plateau,0.816794,0.792482,0.009371,2.5943,MARGINAL,20
faces (FG-NET),,072A14.JPG,5bf4cfa50959814f120de0cfed4d4e57,entropy,7.4608,7.4608,0.0,0.0,no sep,20
faces (FG-NET),,072A14.JPG,5bf4cfa50959814f120de0cfed4d4e57,forbidden_coverage,0.3644,0.005985,0.007209,49.7184,SEPARATED,20
faces (FG-NET),,072A14.JPG,5bf4cfa50959814f120de0cfed4d4e57,tau_ratio_score,0.0,0.0,0.0,0.0,no sep,20
faces (FG-NET),,007A37.JPG,f4ee433016897445dd72cb24fe1064a7,betti_0,111.0,599.0,0.0,nan,zero-var,20
faces (FG-NET),,007A37.JPG,f4ee433016897445dd72cb24fe1064a7,betti_1,14.0,53.2,8.340264,-4.7001,SEPARATED,20
faces (FG-NET),,007A37.JPG,f4ee433016897445dd72cb24fe1064a7,persistence_entropy_h1,3.3991,4.18632,0.09942,-7.9182,SEPARATED,20
faces (FG-NET),,007A37.JPG,f4ee433016897445dd72cb24fe1064a7,total_persistence_h1,86.1248,120.8425,8.943098,-3.8821,SEPARATED,20
faces (FG-NET),,007A37.JPG,f4ee433016897445dd72cb24fe1064a7,euler_mean,4.25,6.70468,1.130578,-2.1712,MARGINAL,20
faces (FG-NET),,007A37.JPG,f4ee433016897445dd72cb24fe1064a7,euler_std,8.2386,28.705495,2.777627,-7.3685,SEPARATED,20
faces (FG-NET),,007A37.JPG,f4ee433016897445dd72cb24fe1064a7,euler_range,48.0,177.55,21.558003,-6.0094,SEPARATED,20
faces (FG-NET),,007A37.JPG,f4ee433016897445dd72cb24fe1064a7,bilateral_symmetry,0.8433,0.814465,0.017529,1.645,no sep,20
faces (FG-NET),,007A37.JPG,f4ee433016897445dd72cb24fe1064a7,f_dim,1.0382,1.76018,0.015584,-46.3276,SEPARATED,20
faces (FG-NET),,007A37.JPG,f4ee433016897445dd72cb24fe1064a7,lacunarity_mean,61.1855,3.059515,0.203156,286.1146,SEPARATED,20
faces (FG-NET),,007A37.JPG,f4ee433016897445dd72cb24fe1064a7,multifractal_width,0.1767,0.286945,0.026215,-4.2055,SEPARATED,20
faces (FG-NET),,007A37.JPG,f4ee433016897445dd72cb24fe1064a7,orientation_coherence,0.647,0.582775,0.007981,8.0472,SEPARATED,20
faces (FG-NET),,007A37.JPG,f4ee433016897445dd72cb24fe1064a7,multiscale_entropy_slope,-0.0301,0.004725,0.005066,-6.8749,SEPARATED,20
faces (FG-NET),,007A37.JPG,f4ee433016897445dd72cb24fe1064a7,junctions,337.0,1310.8,107.270499,-9.078,SEPARATED,20
faces (FG-NET),,007A37.JPG,f4ee433016897445dd72cb24fe1064a7,clustering,0.263765,0.264965,0.004502,-0.2664,no sep,20
faces (FG-NET),,007A37.JPG,f4ee433016897445dd72cb24fe1064a7,plateau,0.732938,0.74573,0.016901,-0.7569,no sep,20
faces (FG-NET),,007A37.JPG,f4ee433016897445dd72cb24fe1064a7,entropy,6.8554,6.8554,0.0,0.0,no sep,20
faces (FG-NET),,007A37.JPG,f4ee433016897445dd72cb24fe1064a7,forbidden_coverage,0.1111,0.0,0.0,nan,zero-var,20
faces (FG-NET),,007A37.JPG,f4ee433016897445dd72cb24fe1064a7,tau_ratio_score,0.0,0.0,0.0,0.0,no sep,20
faces (FG-NET),,043A17.JPG,8f4d485458d10509690cee61e50994c4,betti_0,49.0,158.75,206.073015,-0.5326,no sep,20
faces (FG-NET),,043A17.JPG,8f4d485458d10509690cee61e50994c4,betti_1,4.0,11.4,6.74092,-1.0978,no sep,20
faces (FG-NET),,043A17.JPG,8f4d485458d10509690cee61e50994c4,persistence_entropy_h1,2.4001,3.370065,0.306986,-3.1596,SEPARATED,20
faces (FG-NET),,043A17.JPG,8f4d485458d10509690cee61e50994c4,total_persistence_h1,35.3745,43.23773,10.032753,-0.7838,no sep,20
faces (FG-NET),,043A17.JPG,8f4d485458d10509690cee61e50994c4,euler_mean,9.6875,3.317185,0.828572,7.6883,SEPARATED,20
faces (FG-NET),,043A17.JPG,8f4d485458d10509690cee61e50994c4,euler_std,26.2481,9.014355,1.604523,10.7407,SEPARATED,20
faces (FG-NET),,043A17.JPG,8f4d485458d10509690cee61e50994c4,euler_range,125.0,49.9,13.315029,5.6402,SEPARATED,20
faces (FG-NET),,043A17.JPG,8f4d485458d10509690cee61e50994c4,bilateral_symmetry,0.9357,0.92638,0.014869,0.6268,no sep,20
faces (FG-NET),,043A17.JPG,8f4d485458d10509690cee61e50994c4,f_dim,1.0,1.0,0.0,0.0,no sep,20
faces (FG-NET),,043A17.JPG,8f4d485458d10509690cee61e50994c4,lacunarity_mean,3271.2885,311.28423,870.228844,3.4014,SEPARATED,20
faces (FG-NET),,043A17.JPG,8f4d485458d10509690cee61e50994c4,multifractal_width,0.095,0.175165,0.034663,-2.3127,MARGINAL,20
faces (FG-NET),,043A17.JPG,8f4d485458d10509690cee61e50994c4,orientation_coherence,0.5057,0.588675,0.008835,-9.3911,SEPARATED,20
faces (FG-NET),,043A17.JPG,8f4d485458d10509690cee61e50994c4,multiscale_entropy_slope,-0.0377,0.000405,0.004516,-8.4371,SEPARATED,20
faces (FG-NET),,043A17.JPG,8f4d485458d10509690cee61e50994c4,junctions,8.0,86.0,18.182409,-4.2899,SEPARATED,20
faces (FG-NET),,043A17.JPG,8f4d485458d10509690cee61e50994c4,clustering,0.319444,0.280266,0.016966,2.3092,MARGINAL,20
faces (FG-NET),,043A17.JPG,8f4d485458d10509690cee61e50994c4,plateau,0.625,0.805836,0.047283,-3.8245,SEPARATED,20
faces (FG-NET),,043A17.JPG,8f4d485458d10509690cee61e50994c4,entropy,5.9605,5.9605,0.0,0.0,no sep,20
faces (FG-NET),,043A17.JPG,8f4d485458d10509690cee61e50994c4,forbidden_coverage,0.1422,0.0231,0.026634,4.4718,SEPARATED,20
faces (FG-NET),,043A17.JPG,8f4d485458d10509690cee61e50994c4,tau_ratio_score,0.0,0.0,0.0,0.0,no sep,20
faces (FG-NET),,041A06.JPG,2dcb87854cc26f61a9c6ded075bc1ae0,betti_0,195.0,583.25,47.415056,-8.1883,SEPARATED,20
faces (FG-NET),,041A06.JPG,2dcb87854cc26f61a9c6ded075bc1ae0,betti_1,20.0,62.75,15.012911,-2.8475,MARGINAL,20
faces (FG-NET),,041A06.JPG,2dcb87854cc26f61a9c6ded075bc1ae0,persistence_entropy_h1,3.7376,4.445195,0.117358,-6.0293,SEPARATED,20
faces (FG-NET),,041A06.JPG,2dcb87854cc26f61a9c6ded075bc1ae0,total_persistence_h1,84.9712,129.70645,7.360797,-6.0775,SEPARATED,20
faces (FG-NET),,041A06.JPG,2dcb87854cc26f61a9c6ded075bc1ae0,euler_mean,5.1875,9.44843,1.683752,-2.5306,MARGINAL,20
faces (FG-NET),,041A06.JPG,2dcb87854cc26f61a9c6ded075bc1ae0,euler_std,34.7621,20.125645,2.81702,5.1957,SEPARATED,20
faces (FG-NET),,041A06.JPG,2dcb87854cc26f61a9c6ded075bc1ae0,euler_range,227.0,101.8,15.711779,7.9685,SEPARATED,20
faces (FG-NET),,041A06.JPG,2dcb87854cc26f61a9c6ded075bc1ae0,bilateral_symmetry,0.8611,0.83115,0.024481,1.2234,no sep,20
faces (FG-NET),,041A06.JPG,2dcb87854cc26f61a9c6ded075bc1ae0,f_dim,1.3843,1.708815,0.009067,-35.7895,SEPARATED,20
faces (FG-NET),,041A06.JPG,2dcb87854cc26f61a9c6ded075bc1ae0,lacunarity_mean,13.603,3.788495,0.118401,82.8922,SEPARATED,20
faces (FG-NET),,041A06.JPG,2dcb87854cc26f61a9c6ded075bc1ae0,multifractal_width,0.1358,0.24937,0.041843,-2.7142,MARGINAL,20
faces (FG-NET),,041A06.JPG,2dcb87854cc26f61a9c6ded075bc1ae0,orientation_coherence,0.5479,0.513515,0.004706,7.306,SEPARATED,20
faces (FG-NET),,041A06.JPG,2dcb87854cc26f61a9c6ded075bc1ae0,multiscale_entropy_slope,-0.0753,-0.002335,0.007956,-9.1712,SEPARATED,20
faces (FG-NET),,041A06.JPG,2dcb87854cc26f61a9c6ded075bc1ae0,junctions,439.0,1367.2,87.865579,-10.5639,SEPARATED,20
faces (FG-NET),,041A06.JPG,2dcb87854cc26f61a9c6ded075bc1ae0,clustering,0.27512,0.279869,0.0046,-1.0324,no sep,20
faces (FG-NET),,041A06.JPG,2dcb87854cc26f61a9c6ded075bc1ae0,plateau,0.794989,0.786967,0.0117,0.6856,no sep,20
faces (FG-NET),,041A06.JPG,2dcb87854cc26f61a9c6ded075bc1ae0,entropy,7.0427,7.0427,0.0,0.0,no sep,20
faces (FG-NET),,041A06.JPG,2dcb87854cc26f61a9c6ded075bc1ae0,forbidden_coverage,0.1911,0.003755,0.002903,64.5271,SEPARATED,20
faces (FG-NET),,041A06.JPG,2dcb87854cc26f61a9c6ded075bc1ae0,tau_ratio_score,0.0,0.0,0.0,0.0,no sep,20
faces (FG-NET),,005A45.JPG,9f11c048472ff4e81fd44fc3601705c0,betti_0,164.0,599.0,0.0,nan,zero-var,20
faces (FG-NET),,005A45.JPG,9f11c048472ff4e81fd44fc3601705c0,betti_1,22.0,60.5,10.772651,-3.5739,SEPARATED,20
faces (FG-NET),,005A45.JPG,9f11c048472ff4e81fd44fc3601705c0,persistence_entropy_h1,3.8236,4.382565,0.086022,-6.4979,SEPARATED,20
faces (FG-NET),,005A45.JPG,9f11c048472ff4e81fd44fc3601705c0,total_persistence_h1,90.7111,125.902745,7.311566,-4.8131,SEPARATED,20
faces (FG-NET),,005A45.JPG,9f11c048472ff4e81fd44fc3601705c0,euler_mean,8.3125,11.743755,1.595207,-2.151,MARGINAL,20
faces (FG-NET),,005A45.JPG,9f11c048472ff4e81fd44fc3601705c0,euler_std,10.693,18.47532,2.007564,-3.8765,SEPARATED,20
faces (FG-NET),,005A45.JPG,9f11c048472ff4e81fd44fc3601705c0,euler_range,41.0,94.05,13.051724,-4.0646,SEPARATED,20
faces (FG-NET),,005A45.JPG,9f11c048472ff4e81fd44fc3601705c0,bilateral_symmetry,0.8435,0.787025,0.027998,2.0171,MARGINAL,20
faces (FG-NET),,005A45.JPG,9f11c048472ff4e81fd44fc3601705c0,f_dim,1.3519,1.785325,0.008387,-51.6756,SEPARATED,20
faces (FG-NET),,005A45.JPG,9f11c048472ff4e81fd44fc3601705c0,lacunarity_mean,15.4559,2.791555,0.096669,131.0067,SEPARATED,20
faces (FG-NET),,005A45.JPG,9f11c048472ff4e81fd44fc3601705c0,multifractal_width,0.1368,0.22089,0.020394,-4.1233,SEPARATED,20
faces (FG-NET),,005A45.JPG,9f11c048472ff4e81fd44fc3601705c0,orientation_coherence,0.5891,0.55386,0.004825,7.3035,SEPARATED,20
faces (FG-NET),,005A45.JPG,9f11c048472ff4e81fd44fc3601705c0,multiscale_entropy_slope,-0.0407,0.009335,0.005687,-8.7984,SEPARATED,20
faces (FG-NET),,005A45.JPG,9f11c048472ff4e81fd44fc3601705c0,junctions,407.0,1541.15,114.894419,-9.8712,SEPARATED,20
faces (FG-NET),,005A45.JPG,9f11c048472ff4e81fd44fc3601705c0,clustering,0.280644,0.278713,0.004075,0.474,no sep,20
faces (FG-NET),,005A45.JPG,9f11c048472ff4e81fd44fc3601705c0,plateau,0.786241,0.783132,0.014068,0.221,no sep,20
faces (FG-NET),,005A45.JPG,9f11c048472ff4e81fd44fc3601705c0,entropy,7.0168,7.0168,0.0,0.0,no sep,20
faces (FG-NET),,005A45.JPG,9f11c048472ff4e81fd44fc3601705c0,forbidden_coverage,0.3333,0.00022,0.000959,347.3354,SEPARATED,20
faces (FG-NET),,005A45.JPG,9f11c048472ff4e81fd44fc3601705c0,tau_ratio_score,0.0,0.0,0.0,0.0,no sep,20
faces (FG-NET),,003A47.JPG,d110d2747b0896614fed160d2dedd0dd,betti_0,599.0,599.0,0.0,0.0,no sep,20
faces (FG-NET),,003A47.JPG,d110d2747b0896614fed160d2dedd0dd,betti_1,33.0,54.9,8.508231,-2.574,MARGINAL,20
faces (FG-NET),,003A47.JPG,d110d2747b0896614fed160d2dedd0dd,persistence_entropy_h1,3.64,4.15338,0.130053,-3.9475,SEPARATED,20
faces (FG-NET),,003A47.JPG,d110d2747b0896614fed160d2dedd0dd,total_persistence_h1,81.8305,114.6335,8.331742,-3.9371,SEPARATED,20
faces (FG-NET),,003A47.JPG,d110d2747b0896614fed160d2dedd0dd,euler_mean,1.9062,2.723435,0.741902,-1.1015,no sep,20
faces (FG-NET),,003A47.JPG,d110d2747b0896614fed160d2dedd0dd,euler_std,11.4219,13.35338,1.072103,-1.8016,no sep,20
faces (FG-NET),,003A47.JPG,d110d2747b0896614fed160d2dedd0dd,euler_range,58.0,62.2,6.830813,-0.6149,no sep,20
faces (FG-NET),,003A47.JPG,d110d2747b0896614fed160d2dedd0dd,bilateral_symmetry,0.9246,0.886585,0.016201,2.3465,MARGINAL,20
faces (FG-NET),,003A47.JPG,d110d2747b0896614fed160d2dedd0dd,f_dim,1.0,1.0,0.0,0.0,no sep,20
faces (FG-NET),,003A47.JPG,d110d2747b0896614fed160d2dedd0dd,lacunarity_mean,254.5812,275.723025,258.331015,-0.0818,no sep,20
faces (FG-NET),,003A47.JPG,d110d2747b0896614fed160d2dedd0dd,multifractal_width,0.2729,0.448365,0.110759,-1.5842,no sep,20
faces (FG-NET),,003A47.JPG,d110d2747b0896614fed160d2dedd0dd,orientation_coherence,0.5961,0.55885,0.004443,8.3831,SEPARATED,20
faces (FG-NET),,003A47.JPG,d110d2747b0896614fed160d2dedd0dd,multiscale_entropy_slope,-0.0279,-0.008445,0.002973,-6.5429,SEPARATED,20
faces (FG-NET),,003A47.JPG,d110d2747b0896614fed160d2dedd0dd,junctions,205.0,369.05,46.666342,-3.5154,SEPARATED,20
faces (FG-NET),,003A47.JPG,d110d2747b0896614fed160d2dedd0dd,clustering,0.247696,0.27437,0.010454,-2.5516,MARGINAL,20
faces (FG-NET),,003A47.JPG,d110d2747b0896614fed160d2dedd0dd,plateau,0.756098,0.784046,0.027931,-1.0006,no sep,20
faces (FG-NET),,003A47.JPG,d110d2747b0896614fed160d2dedd0dd,entropy,6.9334,6.9334,0.0,0.0,no sep,20
faces (FG-NET),,003A47.JPG,d110d2747b0896614fed160d2dedd0dd,forbidden_coverage,0.1422,0.001325,0.002465,57.147,SEPARATED,20
faces (FG-NET),,003A47.JPG,d110d2747b0896614fed160d2dedd0dd,tau_ratio_score,0.0,0.0,0.0,0.0,no sep,20
faces (FG-NET),,075A01.JPG,76debc303961c0847b8a05aeecde98e1,betti_0,599.0,599.0,0.0,0.0,no sep,20
faces (FG-NET),,075A01.JPG,76debc303961c0847b8a05aeecde98e1,betti_1,59.0,57.45,9.069041,0.1709,no sep,20
faces (FG-NET),,075A01.JPG,76debc303961c0847b8a05aeecde98e1,persistence_entropy_h1,4.1242,4.20145,0.122784,-0.6292,no sep,20
faces (FG-NET),,075A01.JPG,76debc303961c0847b8a05aeecde98e1,total_persistence_h1,109.4099,119.347325,10.527179,-0.944,no sep,20
faces (FG-NET),,075A01.JPG,76debc303961c0847b8a05aeecde98e1,euler_mean,9.0,2.69688,0.666965,9.4504,SEPARATED,20
faces (FG-NET),,075A01.JPG,76debc303961c0847b8a05aeecde98e1,euler_std,35.5598,15.173185,1.766954,11.5377,SEPARATED,20
faces (FG-NET),,075A01.JPG,76debc303961c0847b8a05aeecde98e1,euler_range,216.0,71.65,12.281185,11.7538,SEPARATED,20
faces (FG-NET),,075A01.JPG,76debc303961c0847b8a05aeecde98e1,bilateral_symmetry,0.9023,0.87024,0.020796,1.5417,no sep,20
faces (FG-NET),,075A01.JPG,76debc303961c0847b8a05aeecde98e1,f_dim,1.0,1.00314,0.013687,-0.2294,no sep,20
faces (FG-NET),,075A01.JPG,76debc303961c0847b8a05aeecde98e1,lacunarity_mean,104.9364,353.813235,293.32781,-0.8485,no sep,20
faces (FG-NET),,075A01.JPG,76debc303961c0847b8a05aeecde98e1,multifractal_width,0.1811,0.29234,0.061615,-1.8054,no sep,20
faces (FG-NET),,075A01.JPG,76debc303961c0847b8a05aeecde98e1,orientation_coherence,0.6301,0.569095,0.004141,14.7326,SEPARATED,20
faces (FG-NET),,075A01.JPG,76debc303961c0847b8a05aeecde98e1,multiscale_entropy_slope,-0.0459,0.000825,0.003541,-13.1943,SEPARATED,20
faces (FG-NET),,075A01.JPG,76debc303961c0847b8a05aeecde98e1,junctions,280.0,494.3,40.804534,-5.2519,SEPARATED,20
faces (FG-NET),,075A01.JPG,76debc303961c0847b8a05aeecde98e1,clustering,0.275,0.276008,0.007437,-0.1356,no sep,20
faces (FG-NET),,075A01.JPG,76debc303961c0847b8a05aeecde98e1,plateau,0.796429,0.794433,0.020151,0.099,no sep,20
faces (FG-NET),,075A01.JPG,76debc303961c0847b8a05aeecde98e1,entropy,6.7902,6.7902,0.0,0.0,no sep,20
faces (FG-NET),,075A01.JPG,76debc303961c0847b8a05aeecde98e1,forbidden_coverage,0.2089,0.00044,0.00132,157.9242,SEPARATED,20
faces (FG-NET),,075A01.JPG,76debc303961c0847b8a05aeecde98e1,tau_ratio_score,0.0,0.0,0.0,0.0,no sep,20
faces (FG-NET),,042A14.JPG,ab48191398ad698a7bd72048d1162eb4,betti_0,149.0,536.4,110.350985,-3.5106,SEPARATED,20
faces (FG-NET),,042A14.JPG,ab48191398ad698a7bd72048d1162eb4,betti_1,16.0,46.35,10.199387,-2.9757,MARGINAL,20
faces (FG-NET),,042A14.JPG,ab48191398ad698a7bd72048d1162eb4,persistence_entropy_h1,3.3714,4.22328,0.141048,-6.0396,SEPARATED,20
faces (FG-NET),,042A14.JPG,ab48191398ad698a7bd72048d1162eb4,total_persistence_h1,72.0755,117.523805,11.691647,-3.8872,SEPARATED,20
faces (FG-NET),,042A14.JPG,ab48191398ad698a7bd72048d1162eb4,euler_mean,3.3438,4.956245,1.005326,-1.6039,no sep,20
faces (FG-NET),,042A14.JPG,ab48191398ad698a7bd72048d1162eb4,euler_std,11.0697,13.975945,2.043504,-1.4222,no sep,20
faces (FG-NET),,042A14.JPG,ab48191398ad698a7bd72048d1162eb4,euler_range,67.0,71.6,13.074402,-0.3518,no sep,20
faces (FG-NET),,042A14.JPG,ab48191398ad698a7bd72048d1162eb4,bilateral_symmetry,0.9144,0.885225,0.019094,1.5279,no sep,20
faces (FG-NET),,042A14.JPG,ab48191398ad698a7bd72048d1162eb4,f_dim,1.0,1.2246,0.130941,-1.7153,no sep,20
faces (FG-NET),,042A14.JPG,ab48191398ad698a7bd72048d1162eb4,lacunarity_mean,1.0,29.87129,17.108331,-1.6876,no sep,20
faces (FG-NET),,042A14.JPG,ab48191398ad698a7bd72048d1162eb4,multifractal_width,0.2308,0.45611,0.098914,-2.2778,MARGINAL,20
faces (FG-NET),,042A14.JPG,ab48191398ad698a7bd72048d1162eb4,orientation_coherence,0.548,0.59811,0.008602,-5.8254,SEPARATED,20
faces (FG-NET),,042A14.JPG,ab48191398ad698a7bd72048d1162eb4,multiscale_entropy_slope,-0.0357,-0.022835,0.005342,-2.4083,MARGINAL,20
faces (FG-NET),,042A14.JPG,ab48191398ad698a7bd72048d1162eb4,junctions,79.0,524.6,55.20634,-8.0715,SEPARATED,20
faces (FG-NET),,042A14.JPG,ab48191398ad698a7bd72048d1162eb4,clustering,0.288326,0.271564,0.005888,2.8469,MARGINAL,20
faces (FG-NET),,042A14.JPG,ab48191398ad698a7bd72048d1162eb4,plateau,0.78481,0.789333,0.017747,-0.2549,no sep,20
faces (FG-NET),,042A14.JPG,ab48191398ad698a7bd72048d1162eb4,entropy,7.0157,7.0157,0.0,0.0,no sep,20
faces (FG-NET),,042A14.JPG,ab48191398ad698a7bd72048d1162eb4,forbidden_coverage,0.1067,0.00022,0.000959,111.0372,SEPARATED,20
faces (FG-NET),,042A14.JPG,ab48191398ad698a7bd72048d1162eb4,tau_ratio_score,0.0,0.0,0.0,0.0,no sep,20
faces (FG-NET),,048A50.JPG,057a25dcace176de856bc8662d3f7173,betti_0,599.0,599.0,0.0,0.0,no sep,20
faces (FG-NET),,048A50.JPG,057a25dcace176de856bc8662d3f7173,betti_1,26.0,107.2,12.294714,-6.6045,SEPARATED,20
faces (FG-NET),,048A50.JPG,057a25dcace176de856bc8662d3f7173,persistence_entropy_h1,4.0324,4.678195,0.065134,-9.9149,SEPARATED,20
faces (FG-NET),,048A50.JPG,057a25dcace176de856bc8662d3f7173,total_persistence_h1,107.44,152.601935,5.948999,-7.5915,SEPARATED,20
faces (FG-NET),,048A50.JPG,057a25dcace176de856bc8662d3f7173,euler_mean,14.25,3.349995,1.362455,8.0003,SEPARATED,20
faces (FG-NET),,048A50.JPG,057a25dcace176de856bc8662d3f7173,euler_std,31.808,24.536325,0.956495,7.6024,SEPARATED,20
faces (FG-NET),,048A50.JPG,057a25dcace176de856bc8662d3f7173,euler_range,127.0,92.85,6.85766,4.9798,SEPARATED,20
faces (FG-NET),,048A50.JPG,057a25dcace176de856bc8662d3f7173,bilateral_symmetry,0.9158,0.84035,0.018763,4.0212,SEPARATED,20
faces (FG-NET),,048A50.JPG,057a25dcace176de856bc8662d3f7173,f_dim,1.237,1.019075,0.040208,5.4199,SEPARATED,20
faces (FG-NET),,048A50.JPG,057a25dcace176de856bc8662d3f7173,lacunarity_mean,25.3107,106.73855,64.417724,-1.2641,no sep,20
faces (FG-NET),,048A50.JPG,057a25dcace176de856bc8662d3f7173,multifractal_width,1.0289,0.84758,0.072255,2.5094,MARGINAL,20
faces (FG-NET),,048A50.JPG,057a25dcace176de856bc8662d3f7173,orientation_coherence,0.5652,0.572315,0.004331,-1.6427,no sep,20
faces (FG-NET),,048A50.JPG,057a25dcace176de856bc8662d3f7173,multiscale_entropy_slope,-0.0543,-0.0313,0.003146,-7.3099,SEPARATED,20
faces (FG-NET),,048A50.JPG,057a25dcace176de856bc8662d3f7173,junctions,414.0,761.95,66.233281,-5.2534,SEPARATED,20
faces (FG-NET),,048A50.JPG,057a25dcace176de856bc8662d3f7173,clustering,0.264359,0.282721,0.006258,-2.9342,MARGINAL,20
faces (FG-NET),,048A50.JPG,057a25dcace176de856bc8662d3f7173,plateau,0.821256,0.808674,0.012571,1.0008,no sep,20
faces (FG-NET),,048A50.JPG,057a25dcace176de856bc8662d3f7173,entropy,7.2362,7.2362,0.0,0.0,no sep,20
faces (FG-NET),,048A50.JPG,057a25dcace176de856bc8662d3f7173,forbidden_coverage,0.1867,0.00022,0.000959,194.4611,SEPARATED,20
faces (FG-NET),,048A50.JPG,057a25dcace176de856bc8662d3f7173,tau_ratio_score,0.0,0.0,0.0,0.0,no sep,20
faces (FG-NET),,073A00.JPG,c1817702243783ceb27398d8b648a04c,betti_0,599.0,599.0,0.0,0.0,no sep,20
faces (FG-NET),,073A00.JPG,c1817702243783ceb27398d8b648a04c,betti_1,34.0,67.45,11.042984,-3.0291,SEPARATED,20
faces (FG-NET),,073A00.JPG,c1817702243783ceb27398d8b648a04c,persistence_entropy_h1,3.5473,4.27639,0.114947,-6.3428,SEPARATED,20
faces (FG-NET),,073A00.JPG,c1817702243783ceb27398d8b648a04c,total_persistence_h1,81.3288,125.77053,11.490842,-3.8676,SEPARATED,20
faces (FG-NET),,073A00.JPG,c1817702243783ceb27398d8b648a04c,euler_mean,1.4375,0.474995,1.636248,0.5882,no sep,20
faces (FG-NET),,073A00.JPG,c1817702243783ceb27398d8b648a04c,euler_std,15.4615,20.94611,3.746411,-1.464,no sep,20
faces (FG-NET),,073A00.JPG,c1817702243783ceb27398d8b648a04c,euler_range,95.0,98.25,15.443041,-0.2105,no sep,20
faces (FG-NET),,073A00.JPG,c1817702243783ceb27398d8b648a04c,bilateral_symmetry,0.9217,0.83024,0.020839,4.3889,SEPARATED,20
faces (FG-NET),,073A00.JPG,c1817702243783ceb27398d8b648a04c,f_dim,1.4409,1.58775,0.025994,-5.6495,SEPARATED,20
faces (FG-NET),,073A00.JPG,c1817702243783ceb27398d8b648a04c,lacunarity_mean,11.0364,6.03907,0.577413,8.6547,SEPARATED,20
faces (FG-NET),,073A00.JPG,c1817702243783ceb27398d8b648a04c,multifractal_width,0.7845,0.96813,0.273899,-0.6704,no sep,20
faces (FG-NET),,073A00.JPG,c1817702243783ceb27398d8b648a04c,orientation_coherence,0.5976,0.58149,0.008577,1.8783,no sep,20
faces (FG-NET),,073A00.JPG,c1817702243783ceb27398d8b648a04c,multiscale_entropy_slope,-0.0453,-0.0155,0.004746,-6.2793,SEPARATED,20
faces (FG-NET),,073A00.JPG,c1817702243783ceb27398d8b648a04c,junctions,298.0,1066.9,125.82007,-6.1111,SEPARATED,20
faces (FG-NET),,073A00.JPG,c1817702243783ceb27398d8b648a04c,clustering,0.299031,0.280698,0.00591,3.1022,SEPARATED,20
faces (FG-NET),,073A00.JPG,c1817702243783ceb27398d8b648a04c,plateau,0.85906,0.799791,0.015565,3.8079,SEPARATED,20
faces (FG-NET),,073A00.JPG,c1817702243783ceb27398d8b648a04c,entropy,7.2381,7.2381,0.0,0.0,no sep,20
faces (FG-NET),,073A00.JPG,c1817702243783ceb27398d8b648a04c,forbidden_coverage,0.3289,0.00955,0.008355,38.2214,SEPARATED,20
faces (FG-NET),,073A00.JPG,c1817702243783ceb27398d8b648a04c,tau_ratio_score,0.0,0.0,0.0,0.0,no sep,20
faces (FG-NET),,024A05.JPG,97ab02ece4c63ca028eb6b865de79b89,betti_0,12.0,421.9,239.676845,-1.7102,no sep,20
faces (FG-NET),,024A05.JPG,97ab02ece4c63ca028eb6b865de79b89,betti_1,6.0,24.95,8.851412,-2.1409,MARGINAL,20
faces (FG-NET),,024A05.JPG,97ab02ece4c63ca028eb6b865de79b89,persistence_entropy_h1,2.3488,3.866095,0.186128,-8.1519,SEPARATED,20
faces (FG-NET),,024A05.JPG,97ab02ece4c63ca028eb6b865de79b89,total_persistence_h1,38.9097,75.7336,11.369283,-3.2389,SEPARATED,20
faces (FG-NET),,024A05.JPG,97ab02ece4c63ca028eb6b865de79b89,euler_mean,7.5312,7.195315,1.337424,0.2511,no sep,20
faces (FG-NET),,024A05.JPG,97ab02ece4c63ca028eb6b865de79b89,euler_std,17.4123,18.501795,1.749672,-0.6227,no sep,20
faces (FG-NET),,024A05.JPG,97ab02ece4c63ca028eb6b865de79b89,euler_range,109.0,88.65,11.235101,1.8113,no sep,20
faces (FG-NET),,024A05.JPG,97ab02ece4c63ca028eb6b865de79b89,bilateral_symmetry,0.9219,0.883875,0.015513,2.4511,MARGINAL,20
faces (FG-NET),,024A05.JPG,97ab02ece4c63ca028eb6b865de79b89,f_dim,1.0,1.562495,0.008396,-66.9934,SEPARATED,20
faces (FG-NET),,024A05.JPG,97ab02ece4c63ca028eb6b865de79b89,lacunarity_mean,168.536,6.529585,0.222854,726.9633,SEPARATED,20
faces (FG-NET),,024A05.JPG,97ab02ece4c63ca028eb6b865de79b89,multifractal_width,0.1622,0.27341,0.027764,-4.0056,SEPARATED,20
faces (FG-NET),,024A05.JPG,97ab02ece4c63ca028eb6b865de79b89,orientation_coherence,0.5156,0.588565,0.007604,-9.5961,SEPARATED,20
faces (FG-NET),,024A05.JPG,97ab02ece4c63ca028eb6b865de79b89,multiscale_entropy_slope,-0.0406,-0.01475,0.003452,-7.488,SEPARATED,20
faces (FG-NET),,024A05.JPG,97ab02ece4c63ca028eb6b865de79b89,junctions,139.0,591.5,58.436718,-7.7434,SEPARATED,20
faces (FG-NET),,024A05.JPG,97ab02ece4c63ca028eb6b865de79b89,clustering,0.26219,0.27126,0.00648,-1.3996,no sep,20
faces (FG-NET),,024A05.JPG,97ab02ece4c63ca028eb6b865de79b89,plateau,0.776978,0.782353,0.018454,-0.2912,no sep,20
faces (FG-NET),,024A05.JPG,97ab02ece4c63ca028eb6b865de79b89,entropy,6.5812,6.5812,0.0,0.0,no sep,20
faces (FG-NET),,024A05.JPG,97ab02ece4c63ca028eb6b865de79b89,forbidden_coverage,0.3289,0.009105,0.005534,57.7823,SEPARATED,20
faces (FG-NET),,024A05.JPG,97ab02ece4c63ca028eb6b865de79b89,tau_ratio_score,0.0,0.0,0.0,0.0,no sep,20
faces (FG-NET),,011A17.JPG,6cf35cb06ed362ca6ba4b534bb95e366,betti_0,599.0,599.0,0.0,0.0,no sep,20
faces (FG-NET),,011A17.JPG,6cf35cb06ed362ca6ba4b534bb95e366,betti_1,34.0,81.25,8.190696,-5.7687,SEPARATED,20
faces (FG-NET),,011A17.JPG,6cf35cb06ed362ca6ba4b534bb95e366,persistence_entropy_h1,3.7936,4.491635,0.088196,-7.9146,SEPARATED,20
faces (FG-NET),,011A17.JPG,6cf35cb06ed362ca6ba4b534bb95e366,total_persistence_h1,110.655,141.924335,8.672188,-3.6057,SEPARATED,20
faces (FG-NET),,011A17.JPG,6cf35cb06ed362ca6ba4b534bb95e366,euler_mean,7.0938,5.43906,1.126889,1.4684,no sep,20
faces (FG-NET),,011A17.JPG,6cf35cb06ed362ca6ba4b534bb95e366,euler_std,19.7395,20.280795,1.691947,-0.3199,no sep,20
faces (FG-NET),,011A17.JPG,6cf35cb06ed362ca6ba4b534bb95e366,euler_range,110.0,83.0,7.348469,3.6742,SEPARATED,20
faces (FG-NET),,011A17.JPG,6cf35cb06ed362ca6ba4b534bb95e366,bilateral_symmetry,0.8128,0.805145,0.016879,0.4535,no sep,20
faces (FG-NET),,011A17.JPG,6cf35cb06ed362ca6ba4b534bb95e366,f_dim,1.53,1.673695,0.00643,-22.3469,SEPARATED,20
faces (FG-NET),,011A17.JPG,6cf35cb06ed362ca6ba4b534bb95e366,lacunarity_mean,7.6149,4.30072,0.094226,35.1726,SEPARATED,20
faces (FG-NET),,011A17.JPG,6cf35cb06ed362ca6ba4b534bb95e366,multifractal_width,0.3448,0.3442,0.051074,0.0117,no sep,20
faces (FG-NET),,011A17.JPG,6cf35cb06ed362ca6ba4b534bb95e366,orientation_coherence,0.6323,0.53925,0.003873,24.0242,SEPARATED,20
faces (FG-NET),,011A17.JPG,6cf35cb06ed362ca6ba4b534bb95e366,multiscale_entropy_slope,-0.0245,-0.012555,0.003977,-3.0038,SEPARATED,20
faces (FG-NET),,011A17.JPG,6cf35cb06ed362ca6ba4b534bb95e366,junctions,581.0,1521.0,73.216118,-12.8387,SEPARATED,20
faces (FG-NET),,011A17.JPG,6cf35cb06ed362ca6ba4b534bb95e366,clustering,0.280933,0.28057,0.003523,0.1031,no sep,20
faces (FG-NET),,011A17.JPG,6cf35cb06ed362ca6ba4b534bb95e366,plateau,0.80895,0.798394,0.007703,1.3704,no sep,20
faces (FG-NET),,011A17.JPG,6cf35cb06ed362ca6ba4b534bb95e366,entropy,7.3337,7.3337,0.0,0.0,no sep,20
faces (FG-NET),,011A17.JPG,6cf35cb06ed362ca6ba4b534bb95e366,forbidden_coverage,0.2444,0.001545,0.002532,95.896,SEPARATED,20
faces (FG-NET),,011A17.JPG,6cf35cb06ed362ca6ba4b534bb95e366,tau_ratio_score,0.0,0.0,0.0,0.0,no sep,20
faces (FG-NET),,073A02.JPG,0361c455d00ca72156c7d51cdcead5e9,betti_0,599.0,584.0,65.383484,0.2294,no sep,20
faces (FG-NET),,073A02.JPG,0361c455d00ca72156c7d51cdcead5e9,betti_1,65.0,61.3,17.663805,0.2095,no sep,20
faces (FG-NET),,073A02.JPG,0361c455d00ca72156c7d51cdcead5e9,persistence_entropy_h1,4.2353,4.390805,0.178496,-0.8712,no sep,20
faces (FG-NET),,073A02.JPG,0361c455d00ca72156c7d51cdcead5e9,total_persistence_h1,112.1335,122.2367,9.963928,-1.014,no sep,20
faces (FG-NET),,073A02.JPG,0361c455d00ca72156c7d51cdcead5e9,euler_mean,11.5312,8.57969,1.659943,1.7781,no sep,20
faces (FG-NET),,073A02.JPG,0361c455d00ca72156c7d51cdcead5e9,euler_std,17.9217,17.3882,2.233489,0.2389,no sep,20
faces (FG-NET),,073A02.JPG,0361c455d00ca72156c7d51cdcead5e9,euler_range,93.0,78.9,9.422845,1.4964,no sep,20
faces (FG-NET),,073A02.JPG,0361c455d00ca72156c7d51cdcead5e9,bilateral_symmetry,0.8882,0.80267,0.035646,2.3994,MARGINAL,20
faces (FG-NET),,073A02.JPG,0361c455d00ca72156c7d51cdcead5e9,f_dim,1.3775,1.60779,0.00702,-32.807,SEPARATED,20
faces (FG-NET),,073A02.JPG,0361c455d00ca72156c7d51cdcead5e9,lacunarity_mean,14.2393,5.583865,0.141137,61.3264,SEPARATED,20
faces (FG-NET),,073A02.JPG,0361c455d00ca72156c7d51cdcead5e9,multifractal_width,0.2645,0.27646,0.046978,-0.2546,no sep,20
faces (FG-NET),,073A02.JPG,0361c455d00ca72156c7d51cdcead5e9,orientation_coherence,0.6516,0.578235,0.004086,17.9564,SEPARATED,20
faces (FG-NET),,073A02.JPG,0361c455d00ca72156c7d51cdcead5e9,multiscale_entropy_slope,-0.0349,-0.00717,0.00407,-6.8134,SEPARATED,20
faces (FG-NET),,073A02.JPG,0361c455d00ca72156c7d51cdcead5e9,junctions,456.0,1050.65,72.22484,-8.2333,SEPARATED,20
faces (FG-NET),,073A02.JPG,0361c455d00ca72156c7d51cdcead5e9,clustering,0.280458,0.27649,0.004298,0.9233,no sep,20
faces (FG-NET),,073A02.JPG,0361c455d00ca72156c7d51cdcead5e9,plateau,0.804825,0.792733,0.011511,1.0504,no sep,20
faces (FG-NET),,073A02.JPG,0361c455d00ca72156c7d51cdcead5e9,entropy,7.2373,7.2373,0.0,0.0,no sep,20
faces (FG-NET),,073A02.JPG,0361c455d00ca72156c7d51cdcead5e9,forbidden_coverage,0.5244,0.0051,0.008235,63.0635,SEPARATED,20
faces (FG-NET),,073A02.JPG,0361c455d00ca72156c7d51cdcead5e9,tau_ratio_score,0.0,0.0,0.0,0.0,no sep,20
faces (FG-NET),,009A16a.JPG,0f5adf73cf05e1bbdbd679241202c583,betti_0,257.0,599.0,0.0,nan,zero-var,20
faces (FG-NET),,009A16a.JPG,0f5adf73cf05e1bbdbd679241202c583,betti_1,27.0,74.15,8.076354,-5.838,SEPARATED,20
faces (FG-NET),,009A16a.JPG,0f5adf73cf05e1bbdbd679241202c583,persistence_entropy_h1,3.7718,4.515745,0.096247,-7.7295,SEPARATED,20
faces (FG-NET),,009A16a.JPG,0f5adf73cf05e1bbdbd679241202c583,total_persistence_h1,115.2255,140.821345,8.013182,-3.1942,SEPARATED,20
faces (FG-NET),,009A16a.JPG,0f5adf73cf05e1bbdbd679241202c583,euler_mean,3.0312,7.792175,1.201094,-3.9639,SEPARATED,20
faces (FG-NET),,009A16a.JPG,0f5adf73cf05e1bbdbd679241202c583,euler_std,13.4175,23.57577,1.380152,-7.3603,SEPARATED,20
faces (FG-NET),,009A16a.JPG,0f5adf73cf05e1bbdbd679241202c583,euler_range,72.0,121.45,10.47127,-4.7224,SEPARATED,20
faces (FG-NET),,009A16a.JPG,0f5adf73cf05e1bbdbd679241202c583,bilateral_symmetry,0.8659,0.799255,0.024838,2.6832,MARGINAL,20
faces (FG-NET),,009A16a.JPG,0f5adf73cf05e1bbdbd679241202c583,f_dim,1.2761,1.67687,0.011041,-36.2975,SEPARATED,20
faces (FG-NET),,009A16a.JPG,0f5adf73cf05e1bbdbd679241202c583,lacunarity_mean,20.4715,4.271635,0.189476,85.4981,SEPARATED,20
faces (FG-NET),,009A16a.JPG,0f5adf73cf05e1bbdbd679241202c583,multifractal_width,0.1542,0.31778,0.031399,-5.2096,SEPARATED,20
faces (FG-NET),,009A16a.JPG,0f5adf73cf05e1bbdbd679241202c583,orientation_coherence,0.6399,0.55828,0.004237,19.2655,SEPARATED,20
faces (FG-NET),,009A16a.JPG,0f5adf73cf05e1bbdbd679241202c583,multiscale_entropy_slope,-0.0405,0.004285,0.004151,-10.7879,SEPARATED,20
faces (FG-NET),,009A16a.JPG,0f5adf73cf05e1bbdbd679241202c583,junctions,431.0,1158.8,84.628364,-8.6,SEPARATED,20
faces (FG-NET),,009A16a.JPG,0f5adf73cf05e1bbdbd679241202c583,clustering,0.265532,0.274195,0.005637,-1.5368,no sep,20
faces (FG-NET),,009A16a.JPG,0f5adf73cf05e1bbdbd679241202c583,plateau,0.765661,0.779423,0.013935,-0.9875,no sep,20
faces (FG-NET),,009A16a.JPG,0f5adf73cf05e1bbdbd679241202c583,entropy,7.1183,7.1183,0.0,0.0,no sep,20
faces (FG-NET),,009A16a.JPG,0f5adf73cf05e1bbdbd679241202c583,forbidden_coverage,0.1689,0.00066,0.001571,107.0832,SEPARATED,20
faces (FG-NET),,009A16a.JPG,0f5adf73cf05e1bbdbd679241202c583,tau_ratio_score,0.0,0.0,0.0,0.0,no sep,20
faces (FG-NET),,081A01.JPG,d3383bd02773f4500dd9c9649eb8efe0,betti_0,599.0,528.8,123.525949,0.5683,no sep,20
faces (FG-NET),,081A01.JPG,d3383bd02773f4500dd9c9649eb8efe0,betti_1,31.0,37.0,9.984989,-0.6009,no sep,20
faces (FG-NET),,081A01.JPG,d3383bd02773f4500dd9c9649eb8efe0,persistence_entropy_h1,3.8666,4.0979,0.174408,-1.3262,no sep,20
faces (FG-NET),,081A01.JPG,d3383bd02773f4500dd9c9649eb8efe0,total_persistence_h1,84.5339,108.634465,12.076421,-1.9957,no sep,20
faces (FG-NET),,081A01.JPG,d3383bd02773f4500dd9c9649eb8efe0,euler_mean,3.3125,6.668745,2.629927,-1.2762,no sep,20
faces (FG-NET),,081A01.JPG,d3383bd02773f4500dd9c9649eb8efe0,euler_std,8.9038,20.40866,4.959005,-2.32,MARGINAL,20
faces (FG-NET),,081A01.JPG,d3383bd02773f4500dd9c9649eb8efe0,euler_range,35.0,91.2,21.786693,-2.5796,MARGINAL,20
faces (FG-NET),,081A01.JPG,d3383bd02773f4500dd9c9649eb8efe0,bilateral_symmetry,0.8442,0.804845,0.040968,0.9606,no sep,20
faces (FG-NET),,081A01.JPG,d3383bd02773f4500dd9c9649eb8efe0,f_dim,1.4583,1.730235,0.023462,-11.5902,SEPARATED,20
faces (FG-NET),,081A01.JPG,d3383bd02773f4500dd9c9649eb8efe0,lacunarity_mean,10.441,3.370465,0.315663,22.399,SEPARATED,20
faces (FG-NET),,081A01.JPG,d3383bd02773f4500dd9c9649eb8efe0,multifractal_width,0.1831,1.041515,0.352353,-2.4362,MARGINAL,20
faces (FG-NET),,081A01.JPG,d3383bd02773f4500dd9c9649eb8efe0,orientation_coherence,0.583,0.54902,0.014728,2.3072,MARGINAL,20
faces (FG-NET),,081A01.JPG,d3383bd02773f4500dd9c9649eb8efe0,multiscale_entropy_slope,-0.0434,0.006255,0.009382,-5.2927,SEPARATED,20
faces (FG-NET),,081A01.JPG,d3383bd02773f4500dd9c9649eb8efe0,junctions,316.0,1359.95,148.220604,-7.0432,SEPARATED,20
faces (FG-NET),,081A01.JPG,d3383bd02773f4500dd9c9649eb8efe0,clustering,0.283404,0.277709,0.003516,1.6198,no sep,20
faces (FG-NET),,081A01.JPG,d3383bd02773f4500dd9c9649eb8efe0,plateau,0.803797,0.786194,0.013189,1.3347,no sep,20
faces (FG-NET),,081A01.JPG,d3383bd02773f4500dd9c9649eb8efe0,entropy,7.0319,7.0319,0.0,0.0,no sep,20
faces (FG-NET),,081A01.JPG,d3383bd02773f4500dd9c9649eb8efe0,forbidden_coverage,0.3467,0.014215,0.014442,23.0215,SEPARATED,20
faces (FG-NET),,081A01.JPG,d3383bd02773f4500dd9c9649eb8efe0,tau_ratio_score,0.0,0.0,0.0,0.0,no sep,20
faces (FG-NET),,080A14.JPG,1cfe6415081c38b09f302be2596c74be,betti_0,599.0,599.0,0.0,0.0,no sep,20
faces (FG-NET),,080A14.JPG,1cfe6415081c38b09f302be2596c74be,betti_1,29.0,88.75,10.852995,-5.5054,SEPARATED,20
faces (FG-NET),,080A14.JPG,1cfe6415081c38b09f302be2596c74be,persistence_entropy_h1,3.7929,4.52407,0.088359,-8.275,SEPARATED,20
faces (FG-NET),,080A14.JPG,1cfe6415081c38b09f302be2596c74be,total_persistence_h1,84.4503,149.43686,7.718007,-8.4201,SEPARATED,20
faces (FG-NET),,080A14.JPG,1cfe6415081c38b09f302be2596c74be,euler_mean,1.5625,6.071885,1.163635,-3.8753,SEPARATED,20
faces (FG-NET),,080A14.JPG,1cfe6415081c38b09f302be2596c74be,euler_std,19.8115,18.495125,2.30739,0.5705,no sep,20
faces (FG-NET),,080A14.JPG,1cfe6415081c38b09f302be2596c74be,euler_range,122.0,82.8,8.908423,4.4003,SEPARATED,20
faces (FG-NET),,080A14.JPG,1cfe6415081c38b09f302be2596c74be,bilateral_symmetry,0.9171,0.855735,0.010388,5.9074,SEPARATED,20
faces (FG-NET),,080A14.JPG,1cfe6415081c38b09f302be2596c74be,f_dim,1.1239,1.58493,0.031553,-14.6113,SEPARATED,20
faces (FG-NET),,080A14.JPG,1cfe6415081c38b09f302be2596c74be,lacunarity_mean,46.613,6.062985,0.723852,56.0198,SEPARATED,20
faces (FG-NET),,080A14.JPG,1cfe6415081c38b09f302be2596c74be,multifractal_width,0.3007,0.35723,0.05319,-1.0628,no sep,20
faces (FG-NET),,080A14.JPG,1cfe6415081c38b09f302be2596c74be,orientation_coherence,0.5922,0.66224,0.007588,-9.231,SEPARATED,20
faces (FG-NET),,080A14.JPG,1cfe6415081c38b09f302be2596c74be,multiscale_entropy_slope,-0.0425,0.00992,0.004492,-11.6709,SEPARATED,20
faces (FG-NET),,080A14.JPG,1cfe6415081c38b09f302be2596c74be,junctions,241.0,963.9,90.098779,-8.0234,SEPARATED,20
faces (FG-NET),,080A14.JPG,1cfe6415081c38b09f302be2596c74be,clustering,0.280775,0.273935,0.006324,1.0816,no sep,20
faces (FG-NET),,080A14.JPG,1cfe6415081c38b09f302be2596c74be,plateau,0.80083,0.784157,0.015663,1.0645,no sep,20
faces (FG-NET),,080A14.JPG,1cfe6415081c38b09f302be2596c74be,entropy,7.1193,7.1193,0.0,0.0,no sep,20
faces (FG-NET),,080A14.JPG,1cfe6415081c38b09f302be2596c74be,forbidden_coverage,0.44,0.01065,0.006946,61.8122,SEPARATED,20
faces (FG-NET),,080A14.JPG,1cfe6415081c38b09f302be2596c74be,tau_ratio_score,0.0,0.0,0.0,0.0,no sep,20
faces (FG-NET),,012A07.JPG,b229fd2ad919cf0129c97f61f90ed514,betti_0,599.0,599.0,0.0,0.0,no sep,20
faces (FG-NET),,012A07.JPG,b229fd2ad919cf0129c97f61f90ed514,betti_1,26.0,57.5,10.16612,-3.0985,SEPARATED,20
faces (FG-NET),,012A07.JPG,b229fd2ad919cf0129c97f61f90ed514,persistence_entropy_h1,3.5347,4.29979,0.08978,-8.5218,SEPARATED,20
faces (FG-NET),,012A07.JPG,b229fd2ad919cf0129c97f61f90ed514,total_persistence_h1,80.9405,123.0142,11.590284,-3.6301,SEPARATED,20
faces (FG-NET),,012A07.JPG,b229fd2ad919cf0129c97f61f90ed514,euler_mean,3.125,5.83281,0.703109,-3.8512,SEPARATED,20
faces (FG-NET),,012A07.JPG,b229fd2ad919cf0129c97f61f90ed514,euler_std,8.4474,12.43904,1.22591,-3.2561,SEPARATED,20
faces (FG-NET),,012A07.JPG,b229fd2ad919cf0129c97f61f90ed514,euler_range,47.0,54.7,9.685556,-0.795,no sep,20
faces (FG-NET),,012A07.JPG,b229fd2ad919cf0129c97f61f90ed514,bilateral_symmetry,0.862,0.867735,0.019609,-0.2925,no sep,20
faces (FG-NET),,012A07.JPG,b229fd2ad919cf0129c97f61f90ed514,f_dim,1.0,1.0,0.0,0.0,no sep,20
faces (FG-NET),,012A07.JPG,b229fd2ad919cf0129c97f61f90ed514,lacunarity_mean,1295.5305,186.90222,177.60126,6.2422,SEPARATED,20
faces (FG-NET),,012A07.JPG,b229fd2ad919cf0129c97f61f90ed514,multifractal_width,0.2044,0.531785,0.098792,-3.3139,SEPARATED,20
faces (FG-NET),,012A07.JPG,b229fd2ad919cf0129c97f61f90ed514,orientation_coherence,0.6616,0.667085,0.003251,-1.6874,no sep,20
faces (FG-NET),,012A07.JPG,b229fd2ad919cf0129c97f61f90ed514,multiscale_entropy_slope,-0.0268,-0.02272,0.002266,-1.8007,no sep,20
faces (FG-NET),,012A07.JPG,b229fd2ad919cf0129c97f61f90ed514,junctions,73.0,148.15,27.297024,-2.753,MARGINAL,20
faces (FG-NET),,012A07.JPG,b229fd2ad919cf0129c97f61f90ed514,clustering,0.240487,0.275659,0.011606,-3.0306,SEPARATED,20
faces (FG-NET),,012A07.JPG,b229fd2ad919cf0129c97f61f90ed514,plateau,0.712329,0.783297,0.032301,-2.1971,MARGINAL,20
faces (FG-NET),,012A07.JPG,b229fd2ad919cf0129c97f61f90ed514,entropy,6.9027,6.9027,0.0,0.0,no sep,20
faces (FG-NET),,012A07.JPG,b229fd2ad919cf0129c97f61f90ed514,forbidden_coverage,0.1867,0.005555,0.006275,28.8682,SEPARATED,20
faces (FG-NET),,012A07.JPG,b229fd2ad919cf0129c97f61f90ed514,tau_ratio_score,0.0,0.0,0.0,0.0,no sep,20
faces (FG-NET),,055A08.JPG,84e3d14554b942c2ca254941abe026d4,betti_0,599.0,589.85,39.883925,0.2294,no sep,20
faces (FG-NET),,055A08.JPG,84e3d14554b942c2ca254941abe026d4,betti_1,37.0,76.4,14.451298,-2.7264,MARGINAL,20
faces (FG-NET),,055A08.JPG,84e3d14554b942c2ca254941abe026d4,persistence_entropy_h1,3.8802,4.47178,0.081437,-7.2642,SEPARATED,20
faces (FG-NET),,055A08.JPG,84e3d14554b942c2ca254941abe026d4,total_persistence_h1,76.7962,134.86034,10.352435,-5.6087,SEPARATED,20
faces (FG-NET),,055A08.JPG,84e3d14554b942c2ca254941abe026d4,euler_mean,9.0625,5.104695,0.754183,5.2478,SEPARATED,20
faces (FG-NET),,055A08.JPG,84e3d14554b942c2ca254941abe026d4,euler_std,13.5898,13.03019,0.852306,0.6566,no sep,20
faces (FG-NET),,055A08.JPG,84e3d14554b942c2ca254941abe026d4,euler_range,70.0,58.95,5.454127,2.026,MARGINAL,20
faces (FG-NET),,055A08.JPG,84e3d14554b942c2ca254941abe026d4,bilateral_symmetry,0.9055,0.87829,0.023387,1.1635,no sep,20
faces (FG-NET),,055A08.JPG,84e3d14554b942c2ca254941abe026d4,f_dim,1.0,1.00237,0.010331,-0.2294,no sep,20
faces (FG-NET),,055A08.JPG,84e3d14554b942c2ca254941abe026d4,lacunarity_mean,217.4086,328.92923,434.858825,-0.2565,no sep,20
faces (FG-NET),,055A08.JPG,84e3d14554b942c2ca254941abe026d4,multifractal_width,0.2272,0.51108,0.064054,-4.4319,SEPARATED,20
faces (FG-NET),,055A08.JPG,84e3d14554b942c2ca254941abe026d4,orientation_coherence,0.6204,0.613085,0.003712,1.9709,no sep,20
faces (FG-NET),,055A08.JPG,84e3d14554b942c2ca254941abe026d4,multiscale_entropy_slope,-0.0349,-0.02198,0.003055,-4.229,SEPARATED,20
faces (FG-NET),,055A08.JPG,84e3d14554b942c2ca254941abe026d4,junctions,127.0,316.1,42.150801,-4.4863,SEPARATED,20
faces (FG-NET),,055A08.JPG,84e3d14554b942c2ca254941abe026d4,clustering,0.27909,0.270475,0.00804,1.0716,no sep,20
faces (FG-NET),,055A08.JPG,84e3d14554b942c2ca254941abe026d4,plateau,0.771654,0.786823,0.022024,-0.6888,no sep,20
faces (FG-NET),,055A08.JPG,84e3d14554b942c2ca254941abe026d4,entropy,7.0734,7.0734,0.0,0.0,no sep,20
faces (FG-NET),,055A08.JPG,84e3d14554b942c2ca254941abe026d4,forbidden_coverage,0.2311,0.00022,0.000959,240.7614,SEPARATED,20
faces (FG-NET),,055A08.JPG,84e3d14554b942c2ca254941abe026d4,tau_ratio_score,0.0,0.0,0.0,0.0,no sep,20
faces (FG-NET),,025A28.JPG,854aab79119165b4d13decc866ff6e67,betti_0,17.0,197.35,233.008428,-0.774,no sep,20
faces (FG-NET),,025A28.JPG,854aab79119165b4d13decc866ff6e67,betti_1,6.0,18.15,9.577447,-1.2686,no sep,20
faces (FG-NET),,025A28.JPG,854aab79119165b4d13decc866ff6e67,persistence_entropy_h1,3.5664,4.064775,0.219903,-2.2663,MARGINAL,20
faces (FG-NET),,025A28.JPG,854aab79119165b4d13decc866ff6e67,total_persistence_h1,56.0202,70.64124,8.315178,-1.7584,no sep,20
faces (FG-NET),,025A28.JPG,854aab79119165b4d13decc866ff6e67,euler_mean,9.625,5.8,1.394098,2.7437,MARGINAL,20
faces (FG-NET),,025A28.JPG,854aab79119165b4d13decc866ff6e67,euler_std,32.8079,12.981435,2.541333,7.8016,SEPARATED,20
faces (FG-NET),,025A28.JPG,854aab79119165b4d13decc866ff6e67,euler_range,230.0,73.7,20.359519,7.677,SEPARATED,20
faces (FG-NET),,025A28.JPG,854aab79119165b4d13decc866ff6e67,bilateral_symmetry,0.9487,0.86854,0.034486,2.3244,MARGINAL,20
faces (FG-NET),,025A28.JPG,854aab79119165b4d13decc866ff6e67,f_dim,1.0,1.534395,0.025359,-21.0734,SEPARATED,20
faces (FG-NET),,025A28.JPG,854aab79119165b4d13decc866ff6e67,lacunarity_mean,68.6475,7.57103,0.731361,83.5107,SEPARATED,20
faces (FG-NET),,025A28.JPG,854aab79119165b4d13decc866ff6e67,multifractal_width,0.0966,0.129775,0.02033,-1.6319,no sep,20
faces (FG-NET),,025A28.JPG,854aab79119165b4d13decc866ff6e67,orientation_coherence,0.4998,0.55426,0.006289,-8.6601,SEPARATED,20
faces (FG-NET),,025A28.JPG,854aab79119165b4d13decc866ff6e67,multiscale_entropy_slope,-0.0509,-0.0121,0.005724,-6.7781,SEPARATED,20
faces (FG-NET),,025A28.JPG,854aab79119165b4d13decc866ff6e67,junctions,298.0,691.85,73.544731,-5.3552,SEPARATED,20
faces (FG-NET),,025A28.JPG,854aab79119165b4d13decc866ff6e67,clustering,0.272558,0.272361,0.008013,0.0246,no sep,20
faces (FG-NET),,025A28.JPG,854aab79119165b4d13decc866ff6e67,plateau,0.802013,0.790739,0.015,0.7516,no sep,20
faces (FG-NET),,025A28.JPG,854aab79119165b4d13decc866ff6e67,entropy,6.499,6.499,0.0,0.0,no sep,20
faces (FG-NET),,025A28.JPG,854aab79119165b4d13decc866ff6e67,forbidden_coverage,0.1156,0.114225,0.026745,0.0514,no sep,20
faces (FG-NET),,025A28.JPG,854aab79119165b4d13decc866ff6e67,tau_ratio_score,0.0,0.0,0.0,0.0,no sep,20
faces (FG-NET),,003A60.JPG,bca10ceac6409b700873acb25bcb665b,betti_0,599.0,518.5,110.693496,0.7272,no sep,20
faces (FG-NET),,003A60.JPG,bca10ceac6409b700873acb25bcb665b,betti_1,61.0,44.55,15.441745,1.0653,no sep,20
faces (FG-NET),,003A60.JPG,bca10ceac6409b700873acb25bcb665b,persistence_entropy_h1,4.3026,4.333095,0.154643,-0.1972,no sep,20
faces (FG-NET),,003A60.JPG,bca10ceac6409b700873acb25bcb665b,total_persistence_h1,100.598,109.74884,6.895276,-1.3271,no sep,20
faces (FG-NET),,003A60.JPG,bca10ceac6409b700873acb25bcb665b,euler_mean,15.25,12.09688,2.026582,1.5559,no sep,20
faces (FG-NET),,003A60.JPG,bca10ceac6409b700873acb25bcb665b,euler_std,17.9931,17.34355,1.368413,0.4747,no sep,20
faces (FG-NET),,003A60.JPG,bca10ceac6409b700873acb25bcb665b,euler_range,73.0,75.3,9.42921,-0.2439,no sep,20
faces (FG-NET),,003A60.JPG,bca10ceac6409b700873acb25bcb665b,bilateral_symmetry,0.912,0.80136,0.050274,2.2008,MARGINAL,20
faces (FG-NET),,003A60.JPG,bca10ceac6409b700873acb25bcb665b,f_dim,1.5625,1.717535,0.006536,-23.7188,SEPARATED,20
faces (FG-NET),,003A60.JPG,bca10ceac6409b700873acb25bcb665b,lacunarity_mean,6.9283,3.65571,0.085497,38.2773,SEPARATED,20
faces (FG-NET),,003A60.JPG,bca10ceac6409b700873acb25bcb665b,multifractal_width,0.1293,0.176025,0.035103,-1.3311,no sep,20
faces (FG-NET),,003A60.JPG,bca10ceac6409b700873acb25bcb665b,orientation_coherence,0.5492,0.46573,0.003772,22.1311,SEPARATED,20
faces (FG-NET),,003A60.JPG,bca10ceac6409b700873acb25bcb665b,multiscale_entropy_slope,-0.0418,-0.01713,0.005083,-4.853,SEPARATED,20
faces (FG-NET),,003A60.JPG,bca10ceac6409b700873acb25bcb665b,junctions,965.0,1489.35,66.510356,-7.8837,SEPARATED,20
faces (FG-NET),,003A60.JPG,bca10ceac6409b700873acb25bcb665b,clustering,0.278987,0.281617,0.005089,-0.517,no sep,20
faces (FG-NET),,003A60.JPG,bca10ceac6409b700873acb25bcb665b,plateau,0.821762,0.804195,0.010119,1.7361,no sep,20
faces (FG-NET),,003A60.JPG,bca10ceac6409b700873acb25bcb665b,entropy,6.9702,6.9702,0.0,0.0,no sep,20
faces (FG-NET),,003A60.JPG,bca10ceac6409b700873acb25bcb665b,forbidden_coverage,0.1867,0.05579,0.010933,11.9741,SEPARATED,20
faces (FG-NET),,003A60.JPG,bca10ceac6409b700873acb25bcb665b,tau_ratio_score,0.0,0.0,0.0,0.0,no sep,20
faces (FG-NET),,053A04.JPG,9621b883d2c0f6d5ed2e8a5988fc3957,betti_0,599.0,560.9,95.482407,0.399,no sep,20
faces (FG-NET),,053A04.JPG,9621b883d2c0f6d5ed2e8a5988fc3957,betti_1,50.0,60.55,19.900942,-0.5301,no sep,20
faces (FG-NET),,053A04.JPG,9621b883d2c0f6d5ed2e8a5988fc3957,persistence_entropy_h1,4.0037,4.331235,0.159567,-2.0526,MARGINAL,20
faces (FG-NET),,053A04.JPG,9621b883d2c0f6d5ed2e8a5988fc3957,total_persistence_h1,88.8103,124.375025,12.675907,-2.8057,MARGINAL,20
faces (FG-NET),,053A04.JPG,9621b883d2c0f6d5ed2e8a5988fc3957,euler_mean,6.3438,5.240625,1.223715,0.9015,no sep,20
faces (FG-NET),,053A04.JPG,9621b883d2c0f6d5ed2e8a5988fc3957,euler_std,9.3629,15.725405,2.231196,-2.8516,MARGINAL,20
faces (FG-NET),,053A04.JPG,9621b883d2c0f6d5ed2e8a5988fc3957,euler_range,44.0,71.1,11.924345,-2.2727,MARGINAL,20
faces (FG-NET),,053A04.JPG,9621b883d2c0f6d5ed2e8a5988fc3957,bilateral_symmetry,0.89,0.84022,0.019502,2.5526,MARGINAL,20
faces (FG-NET),,053A04.JPG,9621b883d2c0f6d5ed2e8a5988fc3957,f_dim,1.254,1.648555,0.007921,-49.8108,SEPARATED,20
faces (FG-NET),,053A04.JPG,9621b883d2c0f6d5ed2e8a5988fc3957,lacunarity_mean,23.4706,4.65736,0.140824,133.5938,SEPARATED,20
faces (FG-NET),,053A04.JPG,9621b883d2c0f6d5ed2e8a5988fc3957,multifractal_width,0.1847,0.43815,0.073015,-3.4712,SEPARATED,20
faces (FG-NET),,053A04.JPG,9621b883d2c0f6d5ed2e8a5988fc3957,orientation_coherence,0.6577,0.547805,0.00505,21.7627,SEPARATED,20
faces (FG-NET),,053A04.JPG,9621b883d2c0f6d5ed2e8a5988fc3957,multiscale_entropy_slope,-0.0372,-0.027725,0.003942,-2.4036,MARGINAL,20
faces (FG-NET),,053A04.JPG,9621b883d2c0f6d5ed2e8a5988fc3957,junctions,393.0,1174.1,87.827046,-8.8936,SEPARATED,20
faces (FG-NET),,053A04.JPG,9621b883d2c0f6d5ed2e8a5988fc3957,clustering,0.27594,0.274593,0.003363,0.4005,no sep,20
faces (FG-NET),,053A04.JPG,9621b883d2c0f6d5ed2e8a5988fc3957,plateau,0.811705,0.785114,0.01425,1.8659,no sep,20
faces (FG-NET),,053A04.JPG,9621b883d2c0f6d5ed2e8a5988fc3957,entropy,7.4985,7.4985,0.0,0.0,no sep,20
faces (FG-NET),,053A04.JPG,9621b883d2c0f6d5ed2e8a5988fc3957,forbidden_coverage,0.2311,0.00088,0.00176,130.8068,SEPARATED,20
faces (FG-NET),,053A04.JPG,9621b883d2c0f6d5ed2e8a5988fc3957,tau_ratio_score,0.0,0.0,0.0,0.0,no sep,20
faces (FG-NET),,048A17.JPG,5e36f8e2acb9fec481d945d0d8146b48,betti_0,599.0,599.0,0.0,0.0,no sep,20
faces (FG-NET),,048A17.JPG,5e36f8e2acb9fec481d945d0d8146b48,betti_1,33.0,89.7,12.337342,-4.5958,SEPARATED,20
faces (FG-NET),,048A17.JPG,5e36f8e2acb9fec481d945d0d8146b48,persistence_entropy_h1,3.6118,4.520195,0.113428,-8.0085,SEPARATED,20
faces (FG-NET),,048A17.JPG,5e36f8e2acb9fec481d945d0d8146b48,total_persistence_h1,99.0058,147.27039,7.598403,-6.3519,SEPARATED,20
faces (FG-NET),,048A17.JPG,5e36f8e2acb9fec481d945d0d8146b48,euler_mean,-0.375,0.36096,0.681533,-1.0799,no sep,20
faces (FG-NET),,048A17.JPG,5e36f8e2acb9fec481d945d0d8146b48,euler_std,6.8088,17.093495,1.481264,-6.9432,SEPARATED,20
faces (FG-NET),,048A17.JPG,5e36f8e2acb9fec481d945d0d8146b48,euler_range,34.0,65.35,5.552252,-5.6464,SEPARATED,20
faces (FG-NET),,048A17.JPG,5e36f8e2acb9fec481d945d0d8146b48,bilateral_symmetry,0.8717,0.829815,0.015639,2.6782,MARGINAL,20
faces (FG-NET),,048A17.JPG,5e36f8e2acb9fec481d945d0d8146b48,f_dim,1.1636,1.16295,0.114318,0.0057,no sep,20
faces (FG-NET),,048A17.JPG,5e36f8e2acb9fec481d945d0d8146b48,lacunarity_mean,34.9578,38.003175,18.916964,-0.161,no sep,20
faces (FG-NET),,048A17.JPG,5e36f8e2acb9fec481d945d0d8146b48,multifractal_width,0.4032,0.77858,0.111319,-3.3721,SEPARATED,20
faces (FG-NET),,048A17.JPG,5e36f8e2acb9fec481d945d0d8146b48,orientation_coherence,0.6161,0.63222,0.004252,-3.7913,SEPARATED,20
faces (FG-NET),,048A17.JPG,5e36f8e2acb9fec481d945d0d8146b48,multiscale_entropy_slope,-0.029,-0.027055,0.002608,-0.7459,no sep,20
faces (FG-NET),,048A17.JPG,5e36f8e2acb9fec481d945d0d8146b48,junctions,367.0,694.75,47.814093,-6.8547,SEPARATED,20
faces (FG-NET),,048A17.JPG,5e36f8e2acb9fec481d945d0d8146b48,clustering,0.2637,0.269102,0.004918,-1.0984,no sep,20
faces (FG-NET),,048A17.JPG,5e36f8e2acb9fec481d945d0d8146b48,plateau,0.762943,0.778935,0.015203,-1.0519,no sep,20
faces (FG-NET),,048A17.JPG,5e36f8e2acb9fec481d945d0d8146b48,entropy,7.3155,7.3155,0.0,0.0,no sep,20
faces (FG-NET),,048A17.JPG,5e36f8e2acb9fec481d945d0d8146b48,forbidden_coverage,0.2356,0.005765,0.006144,37.4107,SEPARATED,20
faces (FG-NET),,048A17.JPG,5e36f8e2acb9fec481d945d0d8146b48,tau_ratio_score,0.0,0.0,0.0,0.0,no sep,20
faces (FG-NET),,068A14.JPG,1d5b0556b38b2fd6934d6e71ede0c34e,betti_0,599.0,342.2,182.698002,1.4056,no sep,20
faces (FG-NET),,068A14.JPG,1d5b0556b38b2fd6934d6e71ede0c34e,betti_1,48.0,29.4,16.273905,1.1429,no sep,20
faces (FG-NET),,068A14.JPG,1d5b0556b38b2fd6934d6e71ede0c34e,persistence_entropy_h1,3.9681,4.1146,0.156215,-0.9378,no sep,20
faces (FG-NET),,068A14.JPG,1d5b0556b38b2fd6934d6e71ede0c34e,total_persistence_h1,105.8458,95.287325,9.204947,1.147,no sep,20
faces (FG-NET),,068A14.JPG,1d5b0556b38b2fd6934d6e71ede0c34e,euler_mean,10.7188,11.83907,2.012956,-0.5565,no sep,20
faces (FG-NET),,068A14.JPG,1d5b0556b38b2fd6934d6e71ede0c34e,euler_std,34.125,20.778225,2.834075,4.7094,SEPARATED,20
faces (FG-NET),,068A14.JPG,1d5b0556b38b2fd6934d6e71ede0c34e,euler_range,194.0,108.95,22.016982,3.8629,SEPARATED,20
faces (FG-NET),,068A14.JPG,1d5b0556b38b2fd6934d6e71ede0c34e,bilateral_symmetry,0.902,0.78881,0.055023,2.0571,MARGINAL,20
faces (FG-NET),,068A14.JPG,1d5b0556b38b2fd6934d6e71ede0c34e,f_dim,1.6322,1.642475,0.011235,-0.9146,no sep,20
faces (FG-NET),,068A14.JPG,1d5b0556b38b2fd6934d6e71ede0c34e,lacunarity_mean,5.1844,4.96874,0.206569,1.044,no sep,20
faces (FG-NET),,068A14.JPG,1d5b0556b38b2fd6934d6e71ede0c34e,multifractal_width,0.1671,0.19378,0.01857,-1.4367,no sep,20
faces (FG-NET),,068A14.JPG,1d5b0556b38b2fd6934d6e71ede0c34e,orientation_coherence,0.6331,0.45828,0.003498,49.9718,SEPARATED,20
faces (FG-NET),,068A14.JPG,1d5b0556b38b2fd6934d6e71ede0c34e,multiscale_entropy_slope,-0.0448,-0.025585,0.004239,-4.5326,SEPARATED,20
faces (FG-NET),,068A14.JPG,1d5b0556b38b2fd6934d6e71ede0c34e,junctions,899.0,1283.8,63.533141,-6.0567,SEPARATED,20
faces (FG-NET),,068A14.JPG,1d5b0556b38b2fd6934d6e71ede0c34e,clustering,0.290817,0.285794,0.004001,1.2555,no sep,20
faces (FG-NET),,068A14.JPG,1d5b0556b38b2fd6934d6e71ede0c34e,plateau,0.828699,0.811567,0.011265,1.5208,no sep,20
faces (FG-NET),,068A14.JPG,1d5b0556b38b2fd6934d6e71ede0c34e,entropy,7.0566,7.0566,0.0,0.0,no sep,20
faces (FG-NET),,068A14.JPG,1d5b0556b38b2fd6934d6e71ede0c34e,forbidden_coverage,0.4578,0.12156,0.037693,8.9205,SEPARATED,20
faces (FG-NET),,068A14.JPG,1d5b0556b38b2fd6934d6e71ede0c34e,tau_ratio_score,0.0,0.0,0.0,0.0,no sep,20
quasicrystal,,ishimasa1.jpg,9890081a092caeeb0f1068638310be38,betti_0,398.0,361.7,49.798695,0.7289,no sep,20
quasicrystal,,ishimasa1.jpg,9890081a092caeeb0f1068638310be38,betti_1,63.0,29.25,7.161529,4.7127,SEPARATED,20
quasicrystal,,ishimasa1.jpg,9890081a092caeeb0f1068638310be38,persistence_entropy_h1,4.415,3.86458,0.130188,4.2279,SEPARATED,20
quasicrystal,,ishimasa1.jpg,9890081a092caeeb0f1068638310be38,total_persistence_h1,106.1624,76.742445,9.609964,3.0614,SEPARATED,20
quasicrystal,,ishimasa1.jpg,9890081a092caeeb0f1068638310be38,euler_mean,257.3125,255.035945,5.606798,0.406,no sep,20
quasicrystal,,ishimasa1.jpg,9890081a092caeeb0f1068638310be38,euler_std,1209.5395,1287.47137,10.87555,-7.1658,SEPARATED,20
quasicrystal,,ishimasa1.jpg,9890081a092caeeb0f1068638310be38,euler_range,7588.0,7529.5,139.175249,0.4203,no sep,20
quasicrystal,,ishimasa1.jpg,9890081a092caeeb0f1068638310be38,bilateral_symmetry,0.8972,0.8989,0.000319,-5.3229,SEPARATED,20
quasicrystal,,ishimasa1.jpg,9890081a092caeeb0f1068638310be38,f_dim,1.9924,1.997165,0.000239,-19.9104,SEPARATED,20
quasicrystal,,ishimasa1.jpg,9890081a092caeeb0f1068638310be38,lacunarity_mean,1.2184,1.156435,0.001918,32.3003,SEPARATED,20
quasicrystal,,ishimasa1.jpg,9890081a092caeeb0f1068638310be38,multifractal_width,0.1095,0.092105,0.000653,26.6365,SEPARATED,20
quasicrystal,,ishimasa1.jpg,9890081a092caeeb0f1068638310be38,orientation_coherence,0.1482,0.231545,0.003309,-25.1862,SEPARATED,20
quasicrystal,,ishimasa1.jpg,9890081a092caeeb0f1068638310be38,multiscale_entropy_slope,-0.8243,-0.804045,0.004924,-4.1136,SEPARATED,20
quasicrystal,,ishimasa1.jpg,9890081a092caeeb0f1068638310be38,junctions,22869.0,16705.75,329.922396,18.6809,SEPARATED,20
quasicrystal,,ishimasa1.jpg,9890081a092caeeb0f1068638310be38,clustering,0.22162,0.238974,0.001479,-11.7357,SEPARATED,20
quasicrystal,,ishimasa1.jpg,9890081a092caeeb0f1068638310be38,plateau,0.737417,0.806116,0.004421,-15.538,SEPARATED,20
quasicrystal,,ishimasa1.jpg,9890081a092caeeb0f1068638310be38,entropy,6.278,6.278,0.0,0.0,no sep,20
quasicrystal,,ishimasa1.jpg,9890081a092caeeb0f1068638310be38,forbidden_coverage,0.0089,0.0,0.0,nan,zero-var,20
quasicrystal,,ishimasa1.jpg,9890081a092caeeb0f1068638310be38,tau_ratio_score,0.0,0.0,0.0,0.0,no sep,20
quasicrystal,,ishimasa2.jpg,8138e752f8089a989a97f10357250cb3,betti_0,39.0,91.8,97.560545,-0.5412,no sep,20
quasicrystal,,ishimasa2.jpg,8138e752f8089a989a97f10357250cb3,betti_1,0.0,3.85,2.920188,-1.3184,no sep,20
quasicrystal,,ishimasa2.jpg,8138e752f8089a989a97f10357250cb3,persistence_entropy_h1,2.503,2.952355,0.475103,-0.9458,no sep,20
quasicrystal,,ishimasa2.jpg,8138e752f8089a989a97f10357250cb3,total_persistence_h1,5.1196,23.887205,11.585443,-1.6199,no sep,20
quasicrystal,,ishimasa2.jpg,8138e752f8089a989a97f10357250cb3,euler_mean,563.6875,552.92032,13.150422,0.8188,no sep,20
quasicrystal,,ishimasa2.jpg,8138e752f8089a989a97f10357250cb3,euler_std,887.4289,840.648135,11.595562,4.0344,SEPARATED,20
quasicrystal,,ishimasa2.jpg,8138e752f8089a989a97f10357250cb3,euler_range,3764.0,3867.25,129.235009,-0.7989,no sep,20
quasicrystal,,ishimasa2.jpg,8138e752f8089a989a97f10357250cb3,bilateral_symmetry,0.8769,0.877695,0.000715,-1.1116,no sep,20
quasicrystal,,ishimasa2.jpg,8138e752f8089a989a97f10357250cb3,f_dim,1.9521,1.95326,0.002624,-0.4421,no sep,20
quasicrystal,,ishimasa2.jpg,8138e752f8089a989a97f10357250cb3,lacunarity_mean,1.5316,1.516655,0.023707,0.6304,no sep,20
quasicrystal,,ishimasa2.jpg,8138e752f8089a989a97f10357250cb3,multifractal_width,0.4122,0.399235,0.006042,2.1459,MARGINAL,20
quasicrystal,,ishimasa2.jpg,8138e752f8089a989a97f10357250cb3,orientation_coherence,0.1627,0.23526,0.00736,-9.8583,SEPARATED,20
quasicrystal,,ishimasa2.jpg,8138e752f8089a989a97f10357250cb3,multiscale_entropy_slope,-0.5322,-0.536165,0.004318,0.9181,no sep,20
quasicrystal,,ishimasa2.jpg,8138e752f8089a989a97f10357250cb3,junctions,26728.0,19342.15,970.003055,7.6143,SEPARATED,20
quasicrystal,,ishimasa2.jpg,8138e752f8089a989a97f10357250cb3,clustering,0.222214,0.236548,0.002161,-6.6339,SEPARATED,20
quasicrystal,,ishimasa2.jpg,8138e752f8089a989a97f10357250cb3,plateau,0.729086,0.744861,0.005598,-2.818,MARGINAL,20
quasicrystal,,ishimasa2.jpg,8138e752f8089a989a97f10357250cb3,entropy,6.3978,6.3978,0.0,0.0,no sep,20
quasicrystal,,ishimasa2.jpg,8138e752f8089a989a97f10357250cb3,forbidden_coverage,0.0,0.00022,0.000959,-0.2294,no sep,20
quasicrystal,,ishimasa2.jpg,8138e752f8089a989a97f10357250cb3,tau_ratio_score,0.0,0.0,0.0,0.0,no sep,20
quasicrystal,,ishimasa3.jpg,24bcf5c583a09c1f147271e5d509165b,betti_0,599.0,579.65,58.050215,0.3333,no sep,20
quasicrystal,,ishimasa3.jpg,24bcf5c583a09c1f147271e5d509165b,betti_1,38.0,61.35,18.932182,-1.2333,no sep,20
quasicrystal,,ishimasa3.jpg,24bcf5c583a09c1f147271e5d509165b,persistence_entropy_h1,4.3551,4.397385,0.161863,-0.2612,no sep,20
quasicrystal,,ishimasa3.jpg,24bcf5c583a09c1f147271e5d509165b,total_persistence_h1,83.1382,129.72899,11.234356,-4.1472,SEPARATED,20
quasicrystal,,ishimasa3.jpg,24bcf5c583a09c1f147271e5d509165b,euler_mean,1163.0938,845.959395,22.290753,14.2272,SEPARATED,20
quasicrystal,,ishimasa3.jpg,24bcf5c583a09c1f147271e5d509165b,euler_std,1441.9078,1416.82025,16.746941,1.498,no sep,20
quasicrystal,,ishimasa3.jpg,24bcf5c583a09c1f147271e5d509165b,euler_range,4739.0,5720.1,194.090417,-5.0549,SEPARATED,20
quasicrystal,,ishimasa3.jpg,24bcf5c583a09c1f147271e5d509165b,bilateral_symmetry,0.7921,0.79401,0.001459,-1.309,no sep,20
quasicrystal,,ishimasa3.jpg,24bcf5c583a09c1f147271e5d509165b,f_dim,1.9873,1.99628,0.000441,-20.3566,SEPARATED,20
quasicrystal,,ishimasa3.jpg,24bcf5c583a09c1f147271e5d509165b,lacunarity_mean,1.2512,1.16003,0.005826,15.6495,SEPARATED,20
quasicrystal,,ishimasa3.jpg,24bcf5c583a09c1f147271e5d509165b,multifractal_width,0.2036,0.184145,0.003077,6.3232,SEPARATED,20
quasicrystal,,ishimasa3.jpg,24bcf5c583a09c1f147271e5d509165b,orientation_coherence,0.1455,0.242375,0.012868,-7.5282,SEPARATED,20
quasicrystal,,ishimasa3.jpg,24bcf5c583a09c1f147271e5d509165b,multiscale_entropy_slope,-0.4111,-0.422785,0.005587,2.0914,MARGINAL,20
quasicrystal,,ishimasa3.jpg,24bcf5c583a09c1f147271e5d509165b,junctions,27438.0,19554.0,642.348971,12.2737,SEPARATED,20
quasicrystal,,ishimasa3.jpg,24bcf5c583a09c1f147271e5d509165b,clustering,0.226912,0.245651,0.002813,-6.6623,SEPARATED,20
quasicrystal,,ishimasa3.jpg,24bcf5c583a09c1f147271e5d509165b,plateau,0.670384,0.730978,0.016363,-3.7032,SEPARATED,20
quasicrystal,,ishimasa3.jpg,24bcf5c583a09c1f147271e5d509165b,entropy,7.2396,7.2396,0.0,0.0,no sep,20
quasicrystal,,ishimasa3.jpg,24bcf5c583a09c1f147271e5d509165b,forbidden_coverage,0.0,0.00044,0.00132,-0.3333,no sep,20
quasicrystal,,ishimasa3.jpg,24bcf5c583a09c1f147271e5d509165b,tau_ratio_score,0.0,0.0,0.0,0.0,no sep,20
real_faces_1k,,69762.jpg,e4a55d5b45e99f321c35bc4f2dfaf9d4,betti_0,599.0,599.0,0.0,0.0,no sep,20
real_faces_1k,,69762.jpg,e4a55d5b45e99f321c35bc4f2dfaf9d4,betti_1,44.0,90.95,9.552356,-4.915,SEPARATED,20
real_faces_1k,,69762.jpg,e4a55d5b45e99f321c35bc4f2dfaf9d4,persistence_entropy_h1,4.1297,4.56546,0.087323,-4.9902,SEPARATED,20
real_faces_1k,,69762.jpg,e4a55d5b45e99f321c35bc4f2dfaf9d4,total_persistence_h1,106.3176,146.598145,7.903852,-5.0963,SEPARATED,20
real_faces_1k,,69762.jpg,e4a55d5b45e99f321c35bc4f2dfaf9d4,euler_mean,0.5625,2.975005,2.621558,-0.9203,no sep,20
real_faces_1k,,69762.jpg,e4a55d5b45e99f321c35bc4f2dfaf9d4,euler_std,25.8951,36.0001,2.8692,-3.5219,SEPARATED,20
real_faces_1k,,69762.jpg,e4a55d5b45e99f321c35bc4f2dfaf9d4,euler_range,138.0,144.1,20.483896,-0.2978,no sep,20
real_faces_1k,,69762.jpg,e4a55d5b45e99f321c35bc4f2dfaf9d4,bilateral_symmetry,0.8087,0.731205,0.030386,2.5504,MARGINAL,20
real_faces_1k,,69762.jpg,e4a55d5b45e99f321c35bc4f2dfaf9d4,f_dim,1.7505,1.89311,0.015705,-9.0804,SEPARATED,20
real_faces_1k,,69762.jpg,e4a55d5b45e99f321c35bc4f2dfaf9d4,lacunarity_mean,3.2568,1.82598,0.106219,13.4704,SEPARATED,20
real_faces_1k,,69762.jpg,e4a55d5b45e99f321c35bc4f2dfaf9d4,multifractal_width,0.5248,0.654865,0.095309,-1.3647,no sep,20
real_faces_1k,,69762.jpg,e4a55d5b45e99f321c35bc4f2dfaf9d4,orientation_coherence,0.647,0.442165,0.002873,71.3089,SEPARATED,20
real_faces_1k,,69762.jpg,e4a55d5b45e99f321c35bc4f2dfaf9d4,multiscale_entropy_slope,-0.0454,-0.02192,0.004103,-5.7225,SEPARATED,20
real_faces_1k,,69762.jpg,e4a55d5b45e99f321c35bc4f2dfaf9d4,junctions,1617.0,3729.05,132.840685,-15.8991,SEPARATED,20
real_faces_1k,,69762.jpg,e4a55d5b45e99f321c35bc4f2dfaf9d4,clustering,0.26455,0.271979,0.002226,-3.3371,SEPARATED,20
real_faces_1k,,69762.jpg,e4a55d5b45e99f321c35bc4f2dfaf9d4,plateau,0.784168,0.783768,0.006669,0.0601,no sep,20
real_faces_1k,,69762.jpg,e4a55d5b45e99f321c35bc4f2dfaf9d4,entropy,7.6868,7.6868,0.0,0.0,no sep,20
real_faces_1k,,69762.jpg,e4a55d5b45e99f321c35bc4f2dfaf9d4,forbidden_coverage,0.1156,0.00022,0.000959,120.3181,SEPARATED,20
real_faces_1k,,69762.jpg,e4a55d5b45e99f321c35bc4f2dfaf9d4,tau_ratio_score,0.0,0.0,0.0,0.0,no sep,20
real_faces_1k,,66444.jpg,ed655adc6454530b1e16432086cfc9ae,betti_0,599.0,599.0,0.0,0.0,no sep,20
real_faces_1k,,66444.jpg,ed655adc6454530b1e16432086cfc9ae,betti_1,74.0,120.7,12.728315,-3.669,SEPARATED,20
real_faces_1k,,66444.jpg,ed655adc6454530b1e16432086cfc9ae,persistence_entropy_h1,4.3989,4.764595,0.067108,-5.4494,SEPARATED,20
real_faces_1k,,66444.jpg,ed655adc6454530b1e16432086cfc9ae,total_persistence_h1,134.7291,154.022175,5.521778,-3.494,SEPARATED,20
real_faces_1k,,66444.jpg,ed655adc6454530b1e16432086cfc9ae,euler_mean,-9.875,-2.99062,1.639833,-4.1982,SEPARATED,20
real_faces_1k,,66444.jpg,ed655adc6454530b1e16432086cfc9ae,euler_std,30.7487,56.474225,3.362365,-7.651,SEPARATED,20
real_faces_1k,,66444.jpg,ed655adc6454530b1e16432086cfc9ae,euler_range,140.0,192.8,13.62938,-3.874,SEPARATED,20
real_faces_1k,,66444.jpg,ed655adc6454530b1e16432086cfc9ae,bilateral_symmetry,0.7807,0.79542,0.020675,-0.712,no sep,20
real_faces_1k,,66444.jpg,ed655adc6454530b1e16432086cfc9ae,f_dim,1.8089,1.949785,0.008843,-15.932,SEPARATED,20
real_faces_1k,,66444.jpg,ed655adc6454530b1e16432086cfc9ae,lacunarity_mean,2.6662,1.446225,0.053588,22.7657,SEPARATED,20
real_faces_1k,,66444.jpg,ed655adc6454530b1e16432086cfc9ae,multifractal_width,0.4356,0.43469,0.042987,0.0212,no sep,20
real_faces_1k,,66444.jpg,ed655adc6454530b1e16432086cfc9ae,orientation_coherence,0.6348,0.429275,0.001878,109.4229,SEPARATED,20
real_faces_1k,,66444.jpg,ed655adc6454530b1e16432086cfc9ae,multiscale_entropy_slope,-0.0589,-0.05381,0.003027,-1.6816,no sep,20
real_faces_1k,,66444.jpg,ed655adc6454530b1e16432086cfc9ae,junctions,1778.0,4042.65,106.870611,-21.1906,SEPARATED,20
real_faces_1k,,66444.jpg,ed655adc6454530b1e16432086cfc9ae,clustering,0.281027,0.274094,0.002477,2.799,MARGINAL,20
real_faces_1k,,66444.jpg,ed655adc6454530b1e16432086cfc9ae,plateau,0.810461,0.795697,0.006734,2.1924,MARGINAL,20
real_faces_1k,,66444.jpg,ed655adc6454530b1e16432086cfc9ae,entropy,7.7625,7.7625,0.0,0.0,no sep,20
real_faces_1k,,66444.jpg,ed655adc6454530b1e16432086cfc9ae,forbidden_coverage,0.0978,0.0,0.0,nan,zero-var,20
real_faces_1k,,66444.jpg,ed655adc6454530b1e16432086cfc9ae,tau_ratio_score,0.0,0.0,0.0,0.0,no sep,20
real_faces_1k,,66022.jpg,ab7946d43e23d224dfc370bf90cc9205,betti_0,599.0,599.0,0.0,0.0,no sep,20
real_faces_1k,,66022.jpg,ab7946d43e23d224dfc370bf90cc9205,betti_1,66.0,91.55,10.288221,-2.4834,MARGINAL,20
real_faces_1k,,66022.jpg,ab7946d43e23d224dfc370bf90cc9205,persistence_entropy_h1,4.3174,4.598395,0.074691,-3.7621,SEPARATED,20
real_faces_1k,,66022.jpg,ab7946d43e23d224dfc370bf90cc9205,total_persistence_h1,111.9091,146.695835,6.314891,-5.5087,SEPARATED,20
real_faces_1k,,66022.jpg,ab7946d43e23d224dfc370bf90cc9205,euler_mean,23.3438,10.440635,1.766073,7.3061,SEPARATED,20
real_faces_1k,,66022.jpg,ab7946d43e23d224dfc370bf90cc9205,euler_std,43.0186,42.29923,2.640809,0.2724,no sep,20
real_faces_1k,,66022.jpg,ab7946d43e23d224dfc370bf90cc9205,euler_range,243.0,195.0,24.590649,1.952,no sep,20
real_faces_1k,,66022.jpg,ab7946d43e23d224dfc370bf90cc9205,bilateral_symmetry,0.7502,0.776495,0.023809,-1.1044,no sep,20
real_faces_1k,,66022.jpg,ab7946d43e23d224dfc370bf90cc9205,f_dim,1.7416,1.926565,0.006374,-29.0196,SEPARATED,20
real_faces_1k,,66022.jpg,ab7946d43e23d224dfc370bf90cc9205,lacunarity_mean,3.4433,1.58949,0.038594,48.034,SEPARATED,20
real_faces_1k,,66022.jpg,ab7946d43e23d224dfc370bf90cc9205,multifractal_width,1.0082,1.89088,0.2687,-3.285,SEPARATED,20
real_faces_1k,,66022.jpg,ab7946d43e23d224dfc370bf90cc9205,orientation_coherence,0.564,0.450875,0.003172,35.6596,SEPARATED,20
real_faces_1k,,66022.jpg,ab7946d43e23d224dfc370bf90cc9205,multiscale_entropy_slope,-0.063,0.036005,0.002782,-35.5855,SEPARATED,20
real_faces_1k,,66022.jpg,ab7946d43e23d224dfc370bf90cc9205,junctions,1983.0,4194.85,96.397757,-22.945,SEPARATED,20
real_faces_1k,,66022.jpg,ab7946d43e23d224dfc370bf90cc9205,clustering,0.271026,0.269719,0.001733,0.7543,no sep,20
real_faces_1k,,66022.jpg,ab7946d43e23d224dfc370bf90cc9205,plateau,0.780635,0.783857,0.007431,-0.4335,no sep,20
real_faces_1k,,66022.jpg,ab7946d43e23d224dfc370bf90cc9205,entropy,7.2457,7.2457,0.0,0.0,no sep,20
real_faces_1k,,66022.jpg,ab7946d43e23d224dfc370bf90cc9205,forbidden_coverage,0.0444,0.0,0.0,nan,zero-var,20
real_faces_1k,,66022.jpg,ab7946d43e23d224dfc370bf90cc9205,tau_ratio_score,0.0,0.0,0.0,0.0,no sep,20
real_faces_1k,,69624.jpg,7b02f099c15699a939403cca224e924f,betti_0,599.0,599.0,0.0,0.0,no sep,20
real_faces_1k,,69624.jpg,7b02f099c15699a939403cca224e924f,betti_1,77.0,106.9,12.449498,-2.4017,MARGINAL,20
real_faces_1k,,69624.jpg,7b02f099c15699a939403cca224e924f,persistence_entropy_h1,4.4525,4.71057,0.063343,-4.0742,SEPARATED,20
real_faces_1k,,69624.jpg,7b02f099c15699a939403cca224e924f,total_persistence_h1,128.2346,151.67373,5.945242,-3.9425,SEPARATED,20
real_faces_1k,,69624.jpg,7b02f099c15699a939403cca224e924f,euler_mean,-2.0,7.25937,3.435052,-2.6956,MARGINAL,20
real_faces_1k,,69624.jpg,7b02f099c15699a939403cca224e924f,euler_std,46.5403,60.67801,3.396797,-4.1621,SEPARATED,20
real_faces_1k,,69624.jpg,7b02f099c15699a939403cca224e924f,euler_range,173.0,199.95,15.21997,-1.7707,no sep,20
real_faces_1k,,69624.jpg,7b02f099c15699a939403cca224e924f,bilateral_symmetry,0.7057,0.738375,0.027499,-1.1882,no sep,20
real_faces_1k,,69624.jpg,7b02f099c15699a939403cca224e924f,f_dim,1.7833,1.96386,0.008902,-20.2831,SEPARATED,20
real_faces_1k,,69624.jpg,7b02f099c15699a939403cca224e924f,lacunarity_mean,2.89,1.342895,0.054892,28.1843,SEPARATED,20
real_faces_1k,,69624.jpg,7b02f099c15699a939403cca224e924f,multifractal_width,1.188,1.688675,0.36334,-1.378,no sep,20
real_faces_1k,,69624.jpg,7b02f099c15699a939403cca224e924f,orientation_coherence,0.6662,0.41493,0.002593,96.8927,SEPARATED,20
real_faces_1k,,69624.jpg,7b02f099c15699a939403cca224e924f,multiscale_entropy_slope,-0.054,-0.01546,0.005012,-7.6892,SEPARATED,20
real_faces_1k,,69624.jpg,7b02f099c15699a939403cca224e924f,junctions,1823.0,4906.3,152.683038,-20.1941,SEPARATED,20
real_faces_1k,,69624.jpg,7b02f099c15699a939403cca224e924f,clustering,0.277382,0.273915,0.002418,1.4333,no sep,20
real_faces_1k,,69624.jpg,7b02f099c15699a939403cca224e924f,plateau,0.810203,0.790649,0.006289,3.1094,SEPARATED,20
real_faces_1k,,69624.jpg,7b02f099c15699a939403cca224e924f,entropy,7.6447,7.6447,0.0,0.0,no sep,20
real_faces_1k,,69624.jpg,7b02f099c15699a939403cca224e924f,forbidden_coverage,0.0711,0.0,0.0,nan,zero-var,20
real_faces_1k,,69624.jpg,7b02f099c15699a939403cca224e924f,tau_ratio_score,0.0,0.0,0.0,0.0,no sep,20
real_faces_1k,,64484.jpg,28dc3975dc216b5a0c4c9923f789c7e8,betti_0,599.0,599.0,0.0,0.0,no sep,20
real_faces_1k,,64484.jpg,28dc3975dc216b5a0c4c9923f789c7e8,betti_1,41.0,114.3,12.570203,-5.8313,SEPARATED,20
real_faces_1k,,64484.jpg,28dc3975dc216b5a0c4c9923f789c7e8,persistence_entropy_h1,4.1166,4.74128,0.061984,-10.0781,SEPARATED,20
real_faces_1k,,64484.jpg,28dc3975dc216b5a0c4c9923f789c7e8,total_persistence_h1,106.6841,151.52665,3.988476,-11.243,SEPARATED,20
real_faces_1k,,64484.jpg,28dc3975dc216b5a0c4c9923f789c7e8,euler_mean,-13.2812,3.840625,4.598896,-3.723,SEPARATED,20
real_faces_1k,,64484.jpg,28dc3975dc216b5a0c4c9923f789c7e8,euler_std,46.2001,77.220345,4.611059,-6.7274,SEPARATED,20
real_faces_1k,,64484.jpg,28dc3975dc216b5a0c4c9923f789c7e8,euler_range,135.0,245.4,25.35429,-4.3543,SEPARATED,20
real_faces_1k,,64484.jpg,28dc3975dc216b5a0c4c9923f789c7e8,bilateral_symmetry,0.7707,0.784555,0.012934,-1.0712,no sep,20
real_faces_1k,,64484.jpg,28dc3975dc216b5a0c4c9923f789c7e8,f_dim,1.7621,1.97243,0.004328,-48.5929,SEPARATED,20
real_faces_1k,,64484.jpg,28dc3975dc216b5a0c4c9923f789c7e8,lacunarity_mean,3.04,1.29153,0.022884,76.4053,SEPARATED,20
real_faces_1k,,64484.jpg,28dc3975dc216b5a0c4c9923f789c7e8,multifractal_width,0.111,0.2306,0.020229,-5.9124,SEPARATED,20
real_faces_1k,,64484.jpg,28dc3975dc216b5a0c4c9923f789c7e8,orientation_coherence,0.589,0.377765,0.002124,99.4747,SEPARATED,20
real_faces_1k,,64484.jpg,28dc3975dc216b5a0c4c9923f789c7e8,multiscale_entropy_slope,-0.0507,-0.049185,0.003977,-0.3809,no sep,20
real_faces_1k,,64484.jpg,28dc3975dc216b5a0c4c9923f789c7e8,junctions,1744.0,5128.3,177.582403,-19.0576,SEPARATED,20
real_faces_1k,,64484.jpg,28dc3975dc216b5a0c4c9923f789c7e8,clustering,0.283193,0.272529,0.001714,6.2226,SEPARATED,20
real_faces_1k,,64484.jpg,28dc3975dc216b5a0c4c9923f789c7e8,plateau,0.813647,0.79679,0.005039,3.3454,SEPARATED,20
real_faces_1k,,64484.jpg,28dc3975dc216b5a0c4c9923f789c7e8,entropy,7.6718,7.6718,0.0,0.0,no sep,20
real_faces_1k,,64484.jpg,28dc3975dc216b5a0c4c9923f789c7e8,forbidden_coverage,0.0578,0.0,0.0,nan,zero-var,20
real_faces_1k,,64484.jpg,28dc3975dc216b5a0c4c9923f789c7e8,tau_ratio_score,0.0,0.0,0.0,0.0,no sep,20
real_faces_1k,,66460.jpg,487cf3a5d9d13d56a02776a1387494b4,betti_0,599.0,599.0,0.0,0.0,no sep,20
real_faces_1k,,66460.jpg,487cf3a5d9d13d56a02776a1387494b4,betti_1,51.0,103.4,15.544774,-3.3709,SEPARATED,20
real_faces_1k,,66460.jpg,487cf3a5d9d13d56a02776a1387494b4,persistence_entropy_h1,4.1657,4.680285,0.058038,-8.8664,SEPARATED,20
real_faces_1k,,66460.jpg,487cf3a5d9d13d56a02776a1387494b4,total_persistence_h1,92.2781,149.76227,6.913358,-8.3149,SEPARATED,20
real_faces_1k,,66460.jpg,487cf3a5d9d13d56a02776a1387494b4,euler_mean,-1.1562,6.33907,1.852383,-4.0463,SEPARATED,20
real_faces_1k,,66460.jpg,487cf3a5d9d13d56a02776a1387494b4,euler_std,23.141,47.15658,1.833804,-13.096,SEPARATED,20
real_faces_1k,,66460.jpg,487cf3a5d9d13d56a02776a1387494b4,euler_range,113.0,164.4,13.712768,-3.7483,SEPARATED,20
real_faces_1k,,66460.jpg,487cf3a5d9d13d56a02776a1387494b4,bilateral_symmetry,0.7328,0.752325,0.035311,-0.5529,no sep,20
real_faces_1k,,66460.jpg,487cf3a5d9d13d56a02776a1387494b4,f_dim,1.6107,1.936945,0.006461,-50.4933,SEPARATED,20
real_faces_1k,,66460.jpg,487cf3a5d9d13d56a02776a1387494b4,lacunarity_mean,5.5917,1.52314,0.041266,98.5932,SEPARATED,20
real_faces_1k,,66460.jpg,487cf3a5d9d13d56a02776a1387494b4,multifractal_width,0.2535,0.739745,0.266611,-1.8238,no sep,20
real_faces_1k,,66460.jpg,487cf3a5d9d13d56a02776a1387494b4,orientation_coherence,0.6769,0.47498,0.003164,63.8189,SEPARATED,20
real_faces_1k,,66460.jpg,487cf3a5d9d13d56a02776a1387494b4,multiscale_entropy_slope,-0.0415,-0.03647,0.004479,-1.123,no sep,20
real_faces_1k,,66460.jpg,487cf3a5d9d13d56a02776a1387494b4,junctions,818.0,3343.8,120.326473,-20.9912,SEPARATED,20
real_faces_1k,,66460.jpg,487cf3a5d9d13d56a02776a1387494b4,clustering,0.295436,0.276304,0.001954,9.7892,SEPARATED,20
real_faces_1k,,66460.jpg,487cf3a5d9d13d56a02776a1387494b4,plateau,0.849633,0.792802,0.00622,9.1366,SEPARATED,20
real_faces_1k,,66460.jpg,487cf3a5d9d13d56a02776a1387494b4,entropy,7.7662,7.7662,0.0,0.0,no sep,20
real_faces_1k,,66460.jpg,487cf3a5d9d13d56a02776a1387494b4,forbidden_coverage,0.1556,0.0,0.0,nan,zero-var,20
real_faces_1k,,66460.jpg,487cf3a5d9d13d56a02776a1387494b4,tau_ratio_score,0.0,0.0,0.0,0.0,no sep,20
real_faces_1k,,66746.jpg,283ba804ff33f977e7a925507672bbe4,betti_0,599.0,599.0,0.0,0.0,no sep,20
real_faces_1k,,66746.jpg,283ba804ff33f977e7a925507672bbe4,betti_1,71.0,83.25,11.388042,-1.0757,no sep,20
real_faces_1k,,66746.jpg,283ba804ff33f977e7a925507672bbe4,persistence_entropy_h1,4.3289,4.64976,0.081674,-3.9286,SEPARATED,20
real_faces_1k,,66746.jpg,283ba804ff33f977e7a925507672bbe4,total_persistence_h1,127.4189,148.204995,6.914135,-3.0063,SEPARATED,20
real_faces_1k,,66746.jpg,283ba804ff33f977e7a925507672bbe4,euler_mean,14.8438,10.39844,2.954571,1.5046,no sep,20
real_faces_1k,,66746.jpg,283ba804ff33f977e7a925507672bbe4,euler_std,22.1742,37.52828,2.477013,-6.1986,SEPARATED,20
real_faces_1k,,66746.jpg,283ba804ff33f977e7a925507672bbe4,euler_range,116.0,140.8,11.320777,-2.1907,MARGINAL,20
real_faces_1k,,66746.jpg,283ba804ff33f977e7a925507672bbe4,bilateral_symmetry,0.8883,0.79255,0.025584,3.7425,SEPARATED,20
real_faces_1k,,66746.jpg,283ba804ff33f977e7a925507672bbe4,f_dim,1.6747,1.901415,0.008087,-28.0361,SEPARATED,20
real_faces_1k,,66746.jpg,283ba804ff33f977e7a925507672bbe4,lacunarity_mean,4.4362,1.780625,0.056975,46.6094,SEPARATED,20
real_faces_1k,,66746.jpg,283ba804ff33f977e7a925507672bbe4,multifractal_width,0.4417,0.323445,0.065949,1.7931,no sep,20
real_faces_1k,,66746.jpg,283ba804ff33f977e7a925507672bbe4,orientation_coherence,0.6517,0.448885,0.002927,69.2953,SEPARATED,20
real_faces_1k,,66746.jpg,283ba804ff33f977e7a925507672bbe4,multiscale_entropy_slope,-0.0453,-0.032165,0.003667,-3.5819,SEPARATED,20
real_faces_1k,,66746.jpg,283ba804ff33f977e7a925507672bbe4,junctions,1068.0,3085.4,109.013485,-18.506,SEPARATED,20
real_faces_1k,,66746.jpg,283ba804ff33f977e7a925507672bbe4,clustering,0.286829,0.278202,0.002082,4.1439,SEPARATED,20
real_faces_1k,,66746.jpg,283ba804ff33f977e7a925507672bbe4,plateau,0.810861,0.797241,0.007855,1.734,no sep,20
real_faces_1k,,66746.jpg,283ba804ff33f977e7a925507672bbe4,entropy,7.4993,7.4993,0.0,0.0,no sep,20
real_faces_1k,,66746.jpg,283ba804ff33f977e7a925507672bbe4,forbidden_coverage,0.0489,0.00044,0.00132,36.7121,SEPARATED,20
real_faces_1k,,66746.jpg,283ba804ff33f977e7a925507672bbe4,tau_ratio_score,0.0,0.0,0.0,0.0,no sep,20
real_faces_1k,,65523.jpg,43ab2c9a9e5a32266bb8b4bad7b03521,betti_0,599.0,575.7,71.092264,0.3277,no sep,20
real_faces_1k,,65523.jpg,43ab2c9a9e5a32266bb8b4bad7b03521,betti_1,48.0,75.95,23.574297,-1.1856,no sep,20
real_faces_1k,,65523.jpg,43ab2c9a9e5a32266bb8b4bad7b03521,persistence_entropy_h1,4.1998,4.513285,0.119237,-2.6291,MARGINAL,20
real_faces_1k,,65523.jpg,43ab2c9a9e5a32266bb8b4bad7b03521,total_persistence_h1,95.3318,136.41232,14.571535,-2.8192,MARGINAL,20
real_faces_1k,,65523.jpg,43ab2c9a9e5a32266bb8b4bad7b03521,euler_mean,11.7188,14.67969,2.055901,-1.4402,no sep,20
real_faces_1k,,65523.jpg,43ab2c9a9e5a32266bb8b4bad7b03521,euler_std,33.0608,35.502305,6.823632,-0.3578,no sep,20
real_faces_1k,,65523.jpg,43ab2c9a9e5a32266bb8b4bad7b03521,euler_range,167.0,153.8,30.861951,0.4277,no sep,20
real_faces_1k,,65523.jpg,43ab2c9a9e5a32266bb8b4bad7b03521,bilateral_symmetry,0.9222,0.80626,0.040192,2.8846,MARGINAL,20
real_faces_1k,,65523.jpg,43ab2c9a9e5a32266bb8b4bad7b03521,f_dim,1.725,1.684775,0.032689,1.2305,no sep,20
real_faces_1k,,65523.jpg,43ab2c9a9e5a32266bb8b4bad7b03521,lacunarity_mean,3.6766,4.246995,0.454374,-1.2553,no sep,20
real_faces_1k,,65523.jpg,43ab2c9a9e5a32266bb8b4bad7b03521,multifractal_width,0.5928,0.682815,0.118503,-0.7596,no sep,20
real_faces_1k,,65523.jpg,43ab2c9a9e5a32266bb8b4bad7b03521,orientation_coherence,0.6192,0.421735,0.002597,76.0253,SEPARATED,20
real_faces_1k,,65523.jpg,43ab2c9a9e5a32266bb8b4bad7b03521,multiscale_entropy_slope,-0.0458,-0.0284,0.006806,-2.5566,MARGINAL,20
real_faces_1k,,65523.jpg,43ab2c9a9e5a32266bb8b4bad7b03521,junctions,1601.0,2513.55,210.759454,-4.3298,SEPARATED,20
real_faces_1k,,65523.jpg,43ab2c9a9e5a32266bb8b4bad7b03521,clustering,0.272538,0.275025,0.002357,-1.0553,no sep,20
real_faces_1k,,65523.jpg,43ab2c9a9e5a32266bb8b4bad7b03521,plateau,0.77639,0.791771,0.007935,-1.9385,no sep,20
real_faces_1k,,65523.jpg,43ab2c9a9e5a32266bb8b4bad7b03521,entropy,7.3473,7.3473,0.0,0.0,no sep,20
real_faces_1k,,65523.jpg,43ab2c9a9e5a32266bb8b4bad7b03521,forbidden_coverage,0.0889,0.00066,0.001571,56.164,SEPARATED,20
real_faces_1k,,65523.jpg,43ab2c9a9e5a32266bb8b4bad7b03521,tau_ratio_score,0.0,0.0,0.0,0.0,no sep,20
real_faces_1k,,61584.jpg,c26e702c31ad1c2ea19c3cb115405622,betti_0,599.0,599.0,0.0,0.0,no sep,20
real_faces_1k,,61584.jpg,c26e702c31ad1c2ea19c3cb115405622,betti_1,70.0,88.95,8.243027,-2.2989,MARGINAL,20
real_faces_1k,,61584.jpg,c26e702c31ad1c2ea19c3cb115405622,persistence_entropy_h1,4.4062,4.55175,0.051485,-2.827,MARGINAL,20
real_faces_1k,,61584.jpg,c26e702c31ad1c2ea19c3cb115405622,total_persistence_h1,127.3871,143.35734,6.912291,-2.3104,MARGINAL,20
real_faces_1k,,61584.jpg,c26e702c31ad1c2ea19c3cb115405622,euler_mean,2.0312,4.039055,2.773183,-0.724,no sep,20
real_faces_1k,,61584.jpg,c26e702c31ad1c2ea19c3cb115405622,euler_std,42.9327,45.555445,3.024237,-0.8672,no sep,20
real_faces_1k,,61584.jpg,c26e702c31ad1c2ea19c3cb115405622,euler_range,210.0,195.5,11.565034,1.2538,no sep,20
real_faces_1k,,61584.jpg,c26e702c31ad1c2ea19c3cb115405622,bilateral_symmetry,0.8361,0.8026,0.024772,1.3523,no sep,20
real_faces_1k,,61584.jpg,c26e702c31ad1c2ea19c3cb115405622,f_dim,1.7975,1.864145,0.014136,-4.7147,SEPARATED,20
real_faces_1k,,61584.jpg,c26e702c31ad1c2ea19c3cb115405622,lacunarity_mean,2.7204,2.06444,0.115299,5.6892,SEPARATED,20
real_faces_1k,,61584.jpg,c26e702c31ad1c2ea19c3cb115405622,multifractal_width,0.1765,0.24639,0.024714,-2.828,MARGINAL,20
real_faces_1k,,61584.jpg,c26e702c31ad1c2ea19c3cb115405622,orientation_coherence,0.6645,0.456315,0.003302,63.0566,SEPARATED,20
real_faces_1k,,61584.jpg,c26e702c31ad1c2ea19c3cb115405622,multiscale_entropy_slope,-0.072,-0.01137,0.003079,-19.6937,SEPARATED,20
real_faces_1k,,61584.jpg,c26e702c31ad1c2ea19c3cb115405622,junctions,1606.0,3112.2,107.789888,-13.9735,SEPARATED,20
real_faces_1k,,61584.jpg,c26e702c31ad1c2ea19c3cb115405622,clustering,0.273903,0.27488,0.003228,-0.3026,no sep,20
real_faces_1k,,61584.jpg,c26e702c31ad1c2ea19c3cb115405622,plateau,0.805106,0.789159,0.008584,1.8577,no sep,20
real_faces_1k,,61584.jpg,c26e702c31ad1c2ea19c3cb115405622,entropy,7.3198,7.3198,0.0,0.0,no sep,20
real_faces_1k,,61584.jpg,c26e702c31ad1c2ea19c3cb115405622,forbidden_coverage,0.1911,0.0,0.0,nan,zero-var,20
real_faces_1k,,61584.jpg,c26e702c31ad1c2ea19c3cb115405622,tau_ratio_score,0.0,0.0,0.0,0.0,no sep,20
real_faces_1k,,69837.jpg,96cdb45d034c57ad8e200d1e0b0ad2f0,betti_0,599.0,599.0,0.0,0.0,no sep,20
real_faces_1k,,69837.jpg,96cdb45d034c57ad8e200d1e0b0ad2f0,betti_1,65.0,111.65,15.074067,-3.0947,SEPARATED,20
real_faces_1k,,69837.jpg,96cdb45d034c57ad8e200d1e0b0ad2f0,persistence_entropy_h1,4.2051,4.7195,0.074842,-6.8732,SEPARATED,20
real_faces_1k,,69837.jpg,96cdb45d034c57ad8e200d1e0b0ad2f0,total_persistence_h1,120.7974,152.143685,6.294937,-4.9796,SEPARATED,20
real_faces_1k,,69837.jpg,96cdb45d034c57ad8e200d1e0b0ad2f0,euler_mean,-1.7812,11.52655,2.988561,-4.4529,SEPARATED,20
real_faces_1k,,69837.jpg,96cdb45d034c57ad8e200d1e0b0ad2f0,euler_std,33.7868,54.27009,2.32708,-8.8021,SEPARATED,20
real_faces_1k,,69837.jpg,96cdb45d034c57ad8e200d1e0b0ad2f0,euler_range,129.0,190.4,17.431007,-3.5225,SEPARATED,20
real_faces_1k,,69837.jpg,96cdb45d034c57ad8e200d1e0b0ad2f0,bilateral_symmetry,0.8296,0.79733,0.023322,1.3837,no sep,20
real_faces_1k,,69837.jpg,96cdb45d034c57ad8e200d1e0b0ad2f0,f_dim,1.7681,1.95961,0.004141,-46.2486,SEPARATED,20
real_faces_1k,,69837.jpg,96cdb45d034c57ad8e200d1e0b0ad2f0,lacunarity_mean,3.0098,1.375575,0.023361,69.9564,SEPARATED,20
real_faces_1k,,69837.jpg,96cdb45d034c57ad8e200d1e0b0ad2f0,multifractal_width,0.2903,0.52035,0.080157,-2.87,MARGINAL,20
real_faces_1k,,69837.jpg,96cdb45d034c57ad8e200d1e0b0ad2f0,orientation_coherence,0.7019,0.439105,0.003138,83.7357,SEPARATED,20
real_faces_1k,,69837.jpg,96cdb45d034c57ad8e200d1e0b0ad2f0,multiscale_entropy_slope,-0.0507,-0.04859,0.003494,-0.6038,no sep,20
real_faces_1k,,69837.jpg,96cdb45d034c57ad8e200d1e0b0ad2f0,junctions,1706.0,4034.35,174.971219,-13.307,SEPARATED,20
real_faces_1k,,69837.jpg,96cdb45d034c57ad8e200d1e0b0ad2f0,clustering,0.274782,0.272215,0.002833,0.906,no sep,20
real_faces_1k,,69837.jpg,96cdb45d034c57ad8e200d1e0b0ad2f0,plateau,0.785463,0.789377,0.00544,-0.7196,no sep,20
real_faces_1k,,69837.jpg,96cdb45d034c57ad8e200d1e0b0ad2f0,entropy,7.6463,7.6463,0.0,0.0,no sep,20
real_faces_1k,,69837.jpg,96cdb45d034c57ad8e200d1e0b0ad2f0,forbidden_coverage,0.0844,0.0,0.0,nan,zero-var,20
real_faces_1k,,69837.jpg,96cdb45d034c57ad8e200d1e0b0ad2f0,tau_ratio_score,0.0,0.0,0.0,0.0,no sep,20
real_faces_1k,,69766.jpg,9104f23a64b944690fa005ff1a1108ee,betti_0,599.0,599.0,0.0,0.0,no sep,20
real_faces_1k,,69766.jpg,9104f23a64b944690fa005ff1a1108ee,betti_1,62.0,108.95,8.546783,-5.4933,SEPARATED,20
real_faces_1k,,69766.jpg,9104f23a64b944690fa005ff1a1108ee,persistence_entropy_h1,4.2284,4.694695,0.038638,-12.0684,SEPARATED,20
real_faces_1k,,69766.jpg,9104f23a64b944690fa005ff1a1108ee,total_persistence_h1,117.8909,150.87513,7.280118,-4.5307,SEPARATED,20
real_faces_1k,,69766.jpg,9104f23a64b944690fa005ff1a1108ee,euler_mean,-0.1875,-3.96092,1.682604,2.2426,MARGINAL,20
real_faces_1k,,69766.jpg,9104f23a64b944690fa005ff1a1108ee,euler_std,20.3553,41.88325,2.176367,-9.8917,SEPARATED,20
real_faces_1k,,69766.jpg,9104f23a64b944690fa005ff1a1108ee,euler_range,76.0,146.9,8.461087,-8.3795,SEPARATED,20
real_faces_1k,,69766.jpg,9104f23a64b944690fa005ff1a1108ee,bilateral_symmetry,0.829,0.809605,0.013216,1.4676,no sep,20
real_faces_1k,,69766.jpg,9104f23a64b944690fa005ff1a1108ee,f_dim,1.6608,1.84786,0.021525,-8.6902,SEPARATED,20
real_faces_1k,,69766.jpg,9104f23a64b944690fa005ff1a1108ee,lacunarity_mean,4.6514,2.23595,0.173358,13.9333,SEPARATED,20
real_faces_1k,,69766.jpg,9104f23a64b944690fa005ff1a1108ee,multifractal_width,0.4301,0.37574,0.03112,1.7468,no sep,20
real_faces_1k,,69766.jpg,9104f23a64b944690fa005ff1a1108ee,orientation_coherence,0.678,0.44514,0.002391,97.3943,SEPARATED,20
real_faces_1k,,69766.jpg,9104f23a64b944690fa005ff1a1108ee,multiscale_entropy_slope,-0.0429,-0.037385,0.003134,-1.7597,no sep,20
real_faces_1k,,69766.jpg,9104f23a64b944690fa005ff1a1108ee,junctions,1093.0,2640.1,107.109243,-14.4441,SEPARATED,20
real_faces_1k,,69766.jpg,9104f23a64b944690fa005ff1a1108ee,clustering,0.275897,0.279328,0.002512,-1.366,no sep,20
real_faces_1k,,69766.jpg,9104f23a64b944690fa005ff1a1108ee,plateau,0.788655,0.803794,0.008674,-1.7453,no sep,20
real_faces_1k,,69766.jpg,9104f23a64b944690fa005ff1a1108ee,entropy,7.4907,7.4907,0.0,0.0,no sep,20
real_faces_1k,,69766.jpg,9104f23a64b944690fa005ff1a1108ee,forbidden_coverage,0.1556,0.0,0.0,nan,zero-var,20
real_faces_1k,,69766.jpg,9104f23a64b944690fa005ff1a1108ee,tau_ratio_score,0.0,0.0,0.0,0.0,no sep,20
real_faces_1k,,67713.jpg,47c4e1ff2433e9cb364534f7b694f5bf,betti_0,599.0,599.0,0.0,0.0,no sep,20
real_faces_1k,,67713.jpg,47c4e1ff2433e9cb364534f7b694f5bf,betti_1,72.0,108.1,13.685394,-2.6378,MARGINAL,20
real_faces_1k,,67713.jpg,47c4e1ff2433e9cb364534f7b694f5bf,persistence_entropy_h1,4.4655,4.706795,0.058481,-4.126,SEPARATED,20
real_faces_1k,,67713.jpg,47c4e1ff2433e9cb364534f7b694f5bf,total_persistence_h1,144.4959,151.00374,4.791801,-1.3581,no sep,20
real_faces_1k,,67713.jpg,47c4e1ff2433e9cb364534f7b694f5bf,euler_mean,2.625,-3.91251,1.369835,4.7725,SEPARATED,20
real_faces_1k,,67713.jpg,47c4e1ff2433e9cb364534f7b694f5bf,euler_std,24.732,44.77481,1.932512,-10.3714,SEPARATED,20
real_faces_1k,,67713.jpg,47c4e1ff2433e9cb364534f7b694f5bf,euler_range,96.0,166.0,15.453155,-4.5298,SEPARATED,20
real_faces_1k,,67713.jpg,47c4e1ff2433e9cb364534f7b694f5bf,bilateral_symmetry,0.8648,0.7894,0.016793,4.49,SEPARATED,20
real_faces_1k,,67713.jpg,47c4e1ff2433e9cb364534f7b694f5bf,f_dim,1.6975,1.9,0.004831,-41.92,SEPARATED,20
real_faces_1k,,67713.jpg,47c4e1ff2433e9cb364534f7b694f5bf,lacunarity_mean,4.1568,1.787825,0.032595,72.6792,SEPARATED,20
real_faces_1k,,67713.jpg,47c4e1ff2433e9cb364534f7b694f5bf,multifractal_width,0.5802,1.266475,0.207026,-3.3149,SEPARATED,20
real_faces_1k,,67713.jpg,47c4e1ff2433e9cb364534f7b694f5bf,orientation_coherence,0.6748,0.488455,0.003226,57.7568,SEPARATED,20
real_faces_1k,,67713.jpg,47c4e1ff2433e9cb364534f7b694f5bf,multiscale_entropy_slope,-0.0643,-0.042485,0.005022,-4.3442,SEPARATED,20
real_faces_1k,,67713.jpg,47c4e1ff2433e9cb364534f7b694f5bf,junctions,1030.0,3025.05,132.965964,-15.0042,SEPARATED,20
real_faces_1k,,67713.jpg,47c4e1ff2433e9cb364534f7b694f5bf,clustering,0.287379,0.275709,0.003129,3.7294,SEPARATED,20
real_faces_1k,,67713.jpg,47c4e1ff2433e9cb364534f7b694f5bf,plateau,0.819417,0.788531,0.009135,3.3813,SEPARATED,20
real_faces_1k,,67713.jpg,47c4e1ff2433e9cb364534f7b694f5bf,entropy,7.5742,7.5742,0.0,0.0,no sep,20
real_faces_1k,,67713.jpg,47c4e1ff2433e9cb364534f7b694f5bf,forbidden_coverage,0.1244,0.0,0.0,nan,zero-var,20
real_faces_1k,,67713.jpg,47c4e1ff2433e9cb364534f7b694f5bf,tau_ratio_score,0.0,0.0,0.0,0.0,no sep,20
real_faces_1k,,60840.jpg,c326b20d98788cd8dc7e41716a8b481c,betti_0,599.0,599.0,0.0,0.0,no sep,20
real_faces_1k,,60840.jpg,c326b20d98788cd8dc7e41716a8b481c,betti_1,30.0,88.9,13.648809,-4.3154,SEPARATED,20
real_faces_1k,,60840.jpg,c326b20d98788cd8dc7e41716a8b481c,persistence_entropy_h1,3.9884,4.559875,0.078895,-7.2435,SEPARATED,20
real_faces_1k,,60840.jpg,c326b20d98788cd8dc7e41716a8b481c,total_persistence_h1,81.6073,144.122495,5.885797,-10.6214,SEPARATED,20
real_faces_1k,,60840.jpg,c326b20d98788cd8dc7e41716a8b481c,euler_mean,-3.7188,0.16406,1.671495,-2.323,MARGINAL,20
real_faces_1k,,60840.jpg,c326b20d98788cd8dc7e41716a8b481c,euler_std,15.0463,31.31392,2.079057,-7.8245,SEPARATED,20
real_faces_1k,,60840.jpg,c326b20d98788cd8dc7e41716a8b481c,euler_range,68.0,120.5,12.58372,-4.1721,SEPARATED,20
real_faces_1k,,60840.jpg,c326b20d98788cd8dc7e41716a8b481c,bilateral_symmetry,0.7527,0.787795,0.03058,-1.1477,no sep,20
real_faces_1k,,60840.jpg,c326b20d98788cd8dc7e41716a8b481c,f_dim,1.5927,1.85552,0.018417,-14.2703,SEPARATED,20
real_faces_1k,,60840.jpg,c326b20d98788cd8dc7e41716a8b481c,lacunarity_mean,6.428,2.123555,0.161774,26.6078,SEPARATED,20
real_faces_1k,,60840.jpg,c326b20d98788cd8dc7e41716a8b481c,multifractal_width,0.6738,0.59953,0.102341,0.7257,no sep,20
real_faces_1k,,60840.jpg,c326b20d98788cd8dc7e41716a8b481c,orientation_coherence,0.756,0.469345,0.003376,84.8981,SEPARATED,20
real_faces_1k,,60840.jpg,c326b20d98788cd8dc7e41716a8b481c,multiscale_entropy_slope,-0.0452,-0.034695,0.003416,-3.0756,SEPARATED,20
real_faces_1k,,60840.jpg,c326b20d98788cd8dc7e41716a8b481c,junctions,684.0,2612.4,137.554135,-14.0192,SEPARATED,20
real_faces_1k,,60840.jpg,c326b20d98788cd8dc7e41716a8b481c,clustering,0.275341,0.277132,0.003272,-0.5472,no sep,20
real_faces_1k,,60840.jpg,c326b20d98788cd8dc7e41716a8b481c,plateau,0.790936,0.792469,0.009798,-0.1565,no sep,20
real_faces_1k,,60840.jpg,c326b20d98788cd8dc7e41716a8b481c,entropy,7.6165,7.6165,0.0,0.0,no sep,20
real_faces_1k,,60840.jpg,c326b20d98788cd8dc7e41716a8b481c,forbidden_coverage,0.2356,0.0,0.0,nan,zero-var,20
real_faces_1k,,60840.jpg,c326b20d98788cd8dc7e41716a8b481c,tau_ratio_score,0.0,0.0,0.0,0.0,no sep,20
real_faces_1k,,69210.jpg,9d3b5d0bc880fff41755c8d01b44eeb9,betti_0,599.0,599.0,0.0,0.0,no sep,20
real_faces_1k,,69210.jpg,9d3b5d0bc880fff41755c8d01b44eeb9,betti_1,48.0,100.55,11.651073,-4.5103,SEPARATED,20
real_faces_1k,,69210.jpg,9d3b5d0bc880fff41755c8d01b44eeb9,persistence_entropy_h1,4.06,4.628335,0.084097,-6.7581,SEPARATED,20
real_faces_1k,,69210.jpg,9d3b5d0bc880fff41755c8d01b44eeb9,total_persistence_h1,105.2143,145.852845,8.989698,-4.5206,SEPARATED,20
real_faces_1k,,69210.jpg,9d3b5d0bc880fff41755c8d01b44eeb9,euler_mean,1.0,-5.340635,2.347431,2.7011,MARGINAL,20
real_faces_1k,,69210.jpg,9d3b5d0bc880fff41755c8d01b44eeb9,euler_std,28.3196,52.254395,4.225831,-5.6639,SEPARATED,20
real_faces_1k,,69210.jpg,9d3b5d0bc880fff41755c8d01b44eeb9,euler_range,112.0,186.85,19.142296,-3.9102,SEPARATED,20
real_faces_1k,,69210.jpg,9d3b5d0bc880fff41755c8d01b44eeb9,bilateral_symmetry,0.8635,0.821805,0.016975,2.4563,MARGINAL,20
real_faces_1k,,69210.jpg,9d3b5d0bc880fff41755c8d01b44eeb9,f_dim,1.6621,1.788965,0.015528,-8.1703,SEPARATED,20
real_faces_1k,,69210.jpg,9d3b5d0bc880fff41755c8d01b44eeb9,lacunarity_mean,4.637,2.74373,0.141613,13.3693,SEPARATED,20
real_faces_1k,,69210.jpg,9d3b5d0bc880fff41755c8d01b44eeb9,multifractal_width,0.3641,0.44965,0.04081,-2.0963,MARGINAL,20
real_faces_1k,,69210.jpg,9d3b5d0bc880fff41755c8d01b44eeb9,orientation_coherence,0.5904,0.42641,0.003201,51.2321,SEPARATED,20
real_faces_1k,,69210.jpg,9d3b5d0bc880fff41755c8d01b44eeb9,multiscale_entropy_slope,-0.0577,-0.03353,0.006258,-3.8625,SEPARATED,20
real_faces_1k,,69210.jpg,9d3b5d0bc880fff41755c8d01b44eeb9,junctions,1172.0,2861.45,127.154031,-13.2866,SEPARATED,20
real_faces_1k,,69210.jpg,9d3b5d0bc880fff41755c8d01b44eeb9,clustering,0.269245,0.270625,0.002701,-0.5108,no sep,20
real_faces_1k,,69210.jpg,9d3b5d0bc880fff41755c8d01b44eeb9,plateau,0.785836,0.78295,0.010439,0.2764,no sep,20
real_faces_1k,,69210.jpg,9d3b5d0bc880fff41755c8d01b44eeb9,entropy,7.2227,7.2227,0.0,0.0,no sep,20
real_faces_1k,,69210.jpg,9d3b5d0bc880fff41755c8d01b44eeb9,forbidden_coverage,0.0711,0.0,0.0,nan,zero-var,20
real_faces_1k,,69210.jpg,9d3b5d0bc880fff41755c8d01b44eeb9,tau_ratio_score,0.0,0.0,0.0,0.0,no sep,20
real_faces_1k,,65448.jpg,753859288e75f2ce4f8a8f0d95caf38d,betti_0,599.0,599.0,0.0,0.0,no sep,20
real_faces_1k,,65448.jpg,753859288e75f2ce4f8a8f0d95caf38d,betti_1,89.0,86.55,12.018631,0.2039,no sep,20
real_faces_1k,,65448.jpg,753859288e75f2ce4f8a8f0d95caf38d,persistence_entropy_h1,4.614,4.669635,0.095579,-0.5821,no sep,20
real_faces_1k,,65448.jpg,753859288e75f2ce4f8a8f0d95caf38d,total_persistence_h1,127.8697,150.513275,4.854657,-4.6643,SEPARATED,20
real_faces_1k,,65448.jpg,753859288e75f2ce4f8a8f0d95caf38d,euler_mean,21.0312,13.45624,4.797567,1.5789,no sep,20
real_faces_1k,,65448.jpg,753859288e75f2ce4f8a8f0d95caf38d,euler_std,42.2185,55.592,6.382979,-2.0952,MARGINAL,20
real_faces_1k,,65448.jpg,753859288e75f2ce4f8a8f0d95caf38d,euler_range,163.0,228.95,23.793854,-2.7717,MARGINAL,20
real_faces_1k,,65448.jpg,753859288e75f2ce4f8a8f0d95caf38d,bilateral_symmetry,0.8174,0.761275,0.034104,1.6457,no sep,20
real_faces_1k,,65448.jpg,753859288e75f2ce4f8a8f0d95caf38d,f_dim,1.7715,1.93369,0.005923,-27.3835,SEPARATED,20
real_faces_1k,,65448.jpg,753859288e75f2ce4f8a8f0d95caf38d,lacunarity_mean,2.9649,1.51299,0.032964,44.0448,SEPARATED,20
real_faces_1k,,65448.jpg,753859288e75f2ce4f8a8f0d95caf38d,multifractal_width,0.1279,0.18962,0.021205,-2.9106,MARGINAL,20
real_faces_1k,,65448.jpg,753859288e75f2ce4f8a8f0d95caf38d,orientation_coherence,0.6059,0.415735,0.00406,46.8377,SEPARATED,20
real_faces_1k,,65448.jpg,753859288e75f2ce4f8a8f0d95caf38d,multiscale_entropy_slope,-0.043,-0.017485,0.005683,-4.4897,SEPARATED,20
real_faces_1k,,65448.jpg,753859288e75f2ce4f8a8f0d95caf38d,junctions,2248.0,4763.6,251.556037,-10.0002,SEPARATED,20
real_faces_1k,,65448.jpg,753859288e75f2ce4f8a8f0d95caf38d,clustering,0.277778,0.27292,0.002728,1.7809,no sep,20
real_faces_1k,,65448.jpg,753859288e75f2ce4f8a8f0d95caf38d,plateau,0.812278,0.794688,0.006335,2.7767,MARGINAL,20
real_faces_1k,,65448.jpg,753859288e75f2ce4f8a8f0d95caf38d,entropy,7.5088,7.5088,0.0,0.0,no sep,20
real_faces_1k,,65448.jpg,753859288e75f2ce4f8a8f0d95caf38d,forbidden_coverage,0.0533,0.00488,0.006119,7.9132,SEPARATED,20
real_faces_1k,,65448.jpg,753859288e75f2ce4f8a8f0d95caf38d,tau_ratio_score,0.0,0.0,0.0,0.0,no sep,20
real_faces_1k,,69827.jpg,e7a54a84d05411daebbfec2e999238e2,betti_0,599.0,599.0,0.0,0.0,no sep,20
real_faces_1k,,69827.jpg,e7a54a84d05411daebbfec2e999238e2,betti_1,34.0,93.0,14.021412,-4.2079,SEPARATED,20
real_faces_1k,,69827.jpg,e7a54a84d05411daebbfec2e999238e2,persistence_entropy_h1,4.0863,4.59809,0.077061,-6.6413,SEPARATED,20
real_faces_1k,,69827.jpg,e7a54a84d05411daebbfec2e999238e2,total_persistence_h1,95.3636,136.167095,7.200852,-5.6665,SEPARATED,20
real_faces_1k,,69827.jpg,e7a54a84d05411daebbfec2e999238e2,euler_mean,6.4688,-2.4953,2.935668,3.0535,SEPARATED,20
real_faces_1k,,69827.jpg,e7a54a84d05411daebbfec2e999238e2,euler_std,27.8309,48.67166,3.546362,-5.8767,SEPARATED,20
real_faces_1k,,69827.jpg,e7a54a84d05411daebbfec2e999238e2,euler_range,121.0,159.5,13.238202,-2.9082,MARGINAL,20
real_faces_1k,,69827.jpg,e7a54a84d05411daebbfec2e999238e2,bilateral_symmetry,0.7706,0.785335,0.017064,-0.8635,no sep,20
real_faces_1k,,69827.jpg,e7a54a84d05411daebbfec2e999238e2,f_dim,1.6626,1.890775,0.00741,-30.7909,SEPARATED,20
real_faces_1k,,69827.jpg,e7a54a84d05411daebbfec2e999238e2,lacunarity_mean,4.6511,1.88671,0.055672,49.6552,SEPARATED,20
real_faces_1k,,69827.jpg,e7a54a84d05411daebbfec2e999238e2,multifractal_width,0.6565,0.661985,0.101241,-0.0542,no sep,20
real_faces_1k,,69827.jpg,e7a54a84d05411daebbfec2e999238e2,orientation_coherence,0.6134,0.4953,0.005303,22.2711,SEPARATED,20
real_faces_1k,,69827.jpg,e7a54a84d05411daebbfec2e999238e2,multiscale_entropy_slope,-0.0487,0.025455,0.004383,-16.9206,SEPARATED,20
real_faces_1k,,69827.jpg,e7a54a84d05411daebbfec2e999238e2,junctions,855.0,3214.2,247.385246,-9.5365,SEPARATED,20
real_faces_1k,,69827.jpg,e7a54a84d05411daebbfec2e999238e2,clustering,0.287589,0.276037,0.002914,3.9645,SEPARATED,20
real_faces_1k,,69827.jpg,e7a54a84d05411daebbfec2e999238e2,plateau,0.807018,0.786467,0.00829,2.4789,MARGINAL,20
real_faces_1k,,69827.jpg,e7a54a84d05411daebbfec2e999238e2,entropy,7.1723,7.1723,0.0,0.0,no sep,20
real_faces_1k,,69827.jpg,e7a54a84d05411daebbfec2e999238e2,forbidden_coverage,0.0978,0.0,0.0,nan,zero-var,20
real_faces_1k,,69827.jpg,e7a54a84d05411daebbfec2e999238e2,tau_ratio_score,0.0,0.0,0.0,0.0,no sep,20
real_faces_1k,,60185.jpg,9d11918379106795bd8a7d6d68f2cf65,betti_0,599.0,599.0,0.0,0.0,no sep,20
real_faces_1k,,60185.jpg,9d11918379106795bd8a7d6d68f2cf65,betti_1,73.0,105.3,13.964598,-2.313,MARGINAL,20
real_faces_1k,,60185.jpg,9d11918379106795bd8a7d6d68f2cf65,persistence_entropy_h1,4.3553,4.70497,0.062221,-5.6198,SEPARATED,20
real_faces_1k,,60185.jpg,9d11918379106795bd8a7d6d68f2cf65,total_persistence_h1,127.5749,152.04411,4.947975,-4.9453,SEPARATED,20
real_faces_1k,,60185.jpg,9d11918379106795bd8a7d6d68f2cf65,euler_mean,0.5625,-6.878135,3.096978,2.4025,MARGINAL,20
real_faces_1k,,60185.jpg,9d11918379106795bd8a7d6d68f2cf65,euler_std,34.461,61.39551,4.12853,-6.524,SEPARATED,20
real_faces_1k,,60185.jpg,9d11918379106795bd8a7d6d68f2cf65,euler_range,176.0,188.5,14.93151,-0.8372,no sep,20
real_faces_1k,,60185.jpg,9d11918379106795bd8a7d6d68f2cf65,bilateral_symmetry,0.733,0.66985,0.024148,2.6151,MARGINAL,20
real_faces_1k,,60185.jpg,9d11918379106795bd8a7d6d68f2cf65,f_dim,1.7322,1.958435,0.002092,-108.1453,SEPARATED,20
real_faces_1k,,60185.jpg,9d11918379106795bd8a7d6d68f2cf65,lacunarity_mean,3.5168,1.360035,0.009405,229.3324,SEPARATED,20
real_faces_1k,,60185.jpg,9d11918379106795bd8a7d6d68f2cf65,multifractal_width,2.4101,2.578425,0.304324,-0.5531,no sep,20
real_faces_1k,,60185.jpg,9d11918379106795bd8a7d6d68f2cf65,orientation_coherence,0.6405,0.44991,0.00249,76.5434,SEPARATED,20
real_faces_1k,,60185.jpg,9d11918379106795bd8a7d6d68f2cf65,multiscale_entropy_slope,-0.0083,0.10713,0.007762,-14.8702,SEPARATED,20
real_faces_1k,,60185.jpg,9d11918379106795bd8a7d6d68f2cf65,junctions,1714.0,5228.35,120.706369,-29.1149,SEPARATED,20
real_faces_1k,,60185.jpg,9d11918379106795bd8a7d6d68f2cf65,clustering,0.276546,0.272929,0.001645,2.1985,MARGINAL,20
real_faces_1k,,60185.jpg,9d11918379106795bd8a7d6d68f2cf65,plateau,0.806301,0.784462,0.005682,3.8439,SEPARATED,20
real_faces_1k,,60185.jpg,9d11918379106795bd8a7d6d68f2cf65,entropy,7.2993,7.2993,0.0,0.0,no sep,20
real_faces_1k,,60185.jpg,9d11918379106795bd8a7d6d68f2cf65,forbidden_coverage,0.0844,0.00155,0.002902,28.5478,SEPARATED,20
real_faces_1k,,60185.jpg,9d11918379106795bd8a7d6d68f2cf65,tau_ratio_score,0.0,0.0,0.0,0.0,no sep,20
real_faces_1k,,60470.jpg,6e7d03c55d08544e130ae9b57ad51ae8,betti_0,599.0,599.0,0.0,0.0,no sep,20
real_faces_1k,,60470.jpg,6e7d03c55d08544e130ae9b57ad51ae8,betti_1,57.0,99.55,13.883353,-3.0648,SEPARATED,20
real_faces_1k,,60470.jpg,6e7d03c55d08544e130ae9b57ad51ae8,persistence_entropy_h1,4.3517,4.6628,0.070773,-4.3957,SEPARATED,20
real_faces_1k,,60470.jpg,6e7d03c55d08544e130ae9b57ad51ae8,total_persistence_h1,115.1611,144.83677,5.552387,-5.3447,SEPARATED,20
real_faces_1k,,60470.jpg,6e7d03c55d08544e130ae9b57ad51ae8,euler_mean,-0.0938,15.83281,1.681185,-9.4734,SEPARATED,20
real_faces_1k,,60470.jpg,6e7d03c55d08544e130ae9b57ad51ae8,euler_std,23.5204,53.24205,2.487301,-11.9494,SEPARATED,20
real_faces_1k,,60470.jpg,6e7d03c55d08544e130ae9b57ad51ae8,euler_range,91.0,188.5,15.743253,-6.1931,SEPARATED,20
real_faces_1k,,60470.jpg,6e7d03c55d08544e130ae9b57ad51ae8,bilateral_symmetry,0.8778,0.797295,0.016963,4.746,SEPARATED,20
real_faces_1k,,60470.jpg,6e7d03c55d08544e130ae9b57ad51ae8,f_dim,1.6833,1.921395,0.013239,-17.9843,SEPARATED,20
real_faces_1k,,60470.jpg,6e7d03c55d08544e130ae9b57ad51ae8,lacunarity_mean,4.3111,1.62786,0.089563,29.9593,SEPARATED,20
real_faces_1k,,60470.jpg,6e7d03c55d08544e130ae9b57ad51ae8,multifractal_width,0.3556,0.8193,0.267073,-1.7362,no sep,20
real_faces_1k,,60470.jpg,6e7d03c55d08544e130ae9b57ad51ae8,orientation_coherence,0.7219,0.498005,0.004808,46.5625,SEPARATED,20
real_faces_1k,,60470.jpg,6e7d03c55d08544e130ae9b57ad51ae8,multiscale_entropy_slope,-0.052,-0.048115,0.003406,-1.1406,no sep,20
real_faces_1k,,60470.jpg,6e7d03c55d08544e130ae9b57ad51ae8,junctions,1015.0,3602.95,122.167293,-21.1837,SEPARATED,20
real_faces_1k,,60470.jpg,6e7d03c55d08544e130ae9b57ad51ae8,clustering,0.28254,0.273548,0.002357,3.8154,SEPARATED,20
real_faces_1k,,60470.jpg,6e7d03c55d08544e130ae9b57ad51ae8,plateau,0.815764,0.788974,0.004847,5.5274,SEPARATED,20
real_faces_1k,,60470.jpg,6e7d03c55d08544e130ae9b57ad51ae8,entropy,7.5476,7.5476,0.0,0.0,no sep,20
real_faces_1k,,60470.jpg,6e7d03c55d08544e130ae9b57ad51ae8,forbidden_coverage,0.1956,0.00022,0.000959,203.742,SEPARATED,20
real_faces_1k,,60470.jpg,6e7d03c55d08544e130ae9b57ad51ae8,tau_ratio_score,0.0,0.0,0.0,0.0,no sep,20
real_faces_1k,,68924.jpg,63732a93096de6a7bf7be22144912038,betti_0,599.0,599.0,0.0,0.0,no sep,20
real_faces_1k,,68924.jpg,63732a93096de6a7bf7be22144912038,betti_1,35.0,72.3,8.258935,-4.5163,SEPARATED,20
real_faces_1k,,68924.jpg,63732a93096de6a7bf7be22144912038,persistence_entropy_h1,3.9879,4.453325,0.1063,-4.3784,SEPARATED,20
real_faces_1k,,68924.jpg,63732a93096de6a7bf7be22144912038,total_persistence_h1,85.7442,134.46902,7.875967,-6.1865,SEPARATED,20
real_faces_1k,,68924.jpg,63732a93096de6a7bf7be22144912038,euler_mean,5.4062,10.818755,1.87289,-2.8899,MARGINAL,20
real_faces_1k,,68924.jpg,63732a93096de6a7bf7be22144912038,euler_std,22.9917,31.170995,2.503824,-3.2667,SEPARATED,20
real_faces_1k,,68924.jpg,63732a93096de6a7bf7be22144912038,euler_range,125.0,131.45,16.295628,-0.3958,no sep,20
real_faces_1k,,68924.jpg,63732a93096de6a7bf7be22144912038,bilateral_symmetry,0.7803,0.80188,0.041479,-0.5203,no sep,20
real_faces_1k,,68924.jpg,63732a93096de6a7bf7be22144912038,f_dim,1.679,1.87338,0.012637,-15.3823,SEPARATED,20
real_faces_1k,,68924.jpg,63732a93096de6a7bf7be22144912038,lacunarity_mean,4.3606,1.94567,0.085745,28.164,SEPARATED,20
real_faces_1k,,68924.jpg,63732a93096de6a7bf7be22144912038,multifractal_width,0.3428,0.38649,0.051534,-0.8478,no sep,20
real_faces_1k,,68924.jpg,63732a93096de6a7bf7be22144912038,orientation_coherence,0.6934,0.439915,0.004543,55.7908,SEPARATED,20
real_faces_1k,,68924.jpg,63732a93096de6a7bf7be22144912038,multiscale_entropy_slope,-0.0456,-0.020875,0.004627,-5.3435,SEPARATED,20
real_faces_1k,,68924.jpg,63732a93096de6a7bf7be22144912038,junctions,1126.0,2957.0,110.711336,-16.5385,SEPARATED,20
real_faces_1k,,68924.jpg,63732a93096de6a7bf7be22144912038,clustering,0.278567,0.269941,0.002978,2.8967,MARGINAL,20
real_faces_1k,,68924.jpg,63732a93096de6a7bf7be22144912038,plateau,0.829485,0.783087,0.008837,5.2506,SEPARATED,20
real_faces_1k,,68924.jpg,63732a93096de6a7bf7be22144912038,entropy,7.3649,7.3649,0.0,0.0,no sep,20
real_faces_1k,,68924.jpg,63732a93096de6a7bf7be22144912038,forbidden_coverage,0.1778,0.00044,0.00132,134.3636,SEPARATED,20
real_faces_1k,,68924.jpg,63732a93096de6a7bf7be22144912038,tau_ratio_score,0.0,0.0,0.0,0.0,no sep,20
real_faces_1k,,65239.jpg,3da3c42553dee74bc7498bae69d3d6df,betti_0,599.0,599.0,0.0,0.0,no sep,20
real_faces_1k,,65239.jpg,3da3c42553dee74bc7498bae69d3d6df,betti_1,17.0,56.5,10.244511,-3.8557,SEPARATED,20
real_faces_1k,,65239.jpg,3da3c42553dee74bc7498bae69d3d6df,persistence_entropy_h1,3.8942,4.20368,0.106114,-2.9165,MARGINAL,20
real_faces_1k,,65239.jpg,3da3c42553dee74bc7498bae69d3d6df,total_persistence_h1,77.8782,112.44975,11.644573,-2.9689,MARGINAL,20
real_faces_1k,,65239.jpg,3da3c42553dee74bc7498bae69d3d6df,euler_mean,-0.0625,-2.031265,3.868626,0.5089,no sep,20
real_faces_1k,,65239.jpg,3da3c42553dee74bc7498bae69d3d6df,euler_std,21.8774,35.51859,5.498025,-2.4811,MARGINAL,20
real_faces_1k,,65239.jpg,3da3c42553dee74bc7498bae69d3d6df,euler_range,84.0,144.3,29.732306,-2.0281,MARGINAL,20
real_faces_1k,,65239.jpg,3da3c42553dee74bc7498bae69d3d6df,bilateral_symmetry,0.7879,0.81625,0.020873,-1.3582,no sep,20
real_faces_1k,,65239.jpg,3da3c42553dee74bc7498bae69d3d6df,f_dim,1.6577,1.745115,0.017376,-5.0309,SEPARATED,20
real_faces_1k,,65239.jpg,3da3c42553dee74bc7498bae69d3d6df,lacunarity_mean,4.8952,3.21235,0.201016,8.3717,SEPARATED,20
real_faces_1k,,65239.jpg,3da3c42553dee74bc7498bae69d3d6df,multifractal_width,1.4604,1.991755,0.264063,-2.0122,MARGINAL,20
real_faces_1k,,65239.jpg,3da3c42553dee74bc7498bae69d3d6df,orientation_coherence,0.5371,0.44855,0.004088,21.6618,SEPARATED,20
real_faces_1k,,65239.jpg,3da3c42553dee74bc7498bae69d3d6df,multiscale_entropy_slope,-0.0474,-0.01447,0.005681,-5.797,SEPARATED,20
real_faces_1k,,65239.jpg,3da3c42553dee74bc7498bae69d3d6df,junctions,1052.0,2035.7,110.182167,-8.9279,SEPARATED,20
real_faces_1k,,65239.jpg,3da3c42553dee74bc7498bae69d3d6df,clustering,0.286861,0.272475,0.002999,4.7961,SEPARATED,20
real_faces_1k,,65239.jpg,3da3c42553dee74bc7498bae69d3d6df,plateau,0.822243,0.791427,0.011188,2.7544,MARGINAL,20
real_faces_1k,,65239.jpg,3da3c42553dee74bc7498bae69d3d6df,entropy,7.1434,7.1434,0.0,0.0,no sep,20
real_faces_1k,,65239.jpg,3da3c42553dee74bc7498bae69d3d6df,forbidden_coverage,0.0711,0.00044,0.00132,53.5303,SEPARATED,20
real_faces_1k,,65239.jpg,3da3c42553dee74bc7498bae69d3d6df,tau_ratio_score,0.0,0.0,0.0,0.0,no sep,20
real_faces_1k,,66571.jpg,282289833e8e3830df5e631c1dc70785,betti_0,599.0,589.95,39.448035,0.2294,no sep,20
real_faces_1k,,66571.jpg,282289833e8e3830df5e631c1dc70785,betti_1,22.0,68.9,17.82386,-2.6313,MARGINAL,20
real_faces_1k,,66571.jpg,282289833e8e3830df5e631c1dc70785,persistence_entropy_h1,4.0727,4.47813,0.088496,-4.5813,SEPARATED,20
real_faces_1k,,66571.jpg,282289833e8e3830df5e631c1dc70785,total_persistence_h1,76.3198,133.602485,9.448388,-6.0627,SEPARATED,20
real_faces_1k,,66571.jpg,282289833e8e3830df5e631c1dc70785,euler_mean,4.4062,10.457815,3.314808,-1.8256,no sep,20
real_faces_1k,,66571.jpg,282289833e8e3830df5e631c1dc70785,euler_std,19.6084,28.607105,2.740945,-3.2831,SEPARATED,20
real_faces_1k,,66571.jpg,282289833e8e3830df5e631c1dc70785,euler_range,96.0,124.2,14.548539,-1.9383,no sep,20
real_faces_1k,,66571.jpg,282289833e8e3830df5e631c1dc70785,bilateral_symmetry,0.6715,0.77577,0.061417,-1.6977,no sep,20
real_faces_1k,,66571.jpg,282289833e8e3830df5e631c1dc70785,f_dim,1.5986,1.80483,0.019604,-10.52,SEPARATED,20
real_faces_1k,,66571.jpg,282289833e8e3830df5e631c1dc70785,lacunarity_mean,5.9504,2.60994,0.224839,14.8571,SEPARATED,20
real_faces_1k,,66571.jpg,282289833e8e3830df5e631c1dc70785,multifractal_width,0.3198,0.490765,0.204833,-0.8347,no sep,20
real_faces_1k,,66571.jpg,282289833e8e3830df5e631c1dc70785,orientation_coherence,0.5557,0.41754,0.004366,31.6458,SEPARATED,20
real_faces_1k,,66571.jpg,282289833e8e3830df5e631c1dc70785,multiscale_entropy_slope,-0.0428,-0.02157,0.005133,-4.1362,SEPARATED,20
real_faces_1k,,66571.jpg,282289833e8e3830df5e631c1dc70785,junctions,923.0,2371.7,119.62529,-12.1103,SEPARATED,20
real_faces_1k,,66571.jpg,282289833e8e3830df5e631c1dc70785,clustering,0.283496,0.278998,0.003516,1.2795,no sep,20
real_faces_1k,,66571.jpg,282289833e8e3830df5e631c1dc70785,plateau,0.798483,0.80037,0.010923,-0.1727,no sep,20
real_faces_1k,,66571.jpg,282289833e8e3830df5e631c1dc70785,entropy,7.4437,7.4437,0.0,0.0,no sep,20
real_faces_1k,,66571.jpg,282289833e8e3830df5e631c1dc70785,forbidden_coverage,0.0933,0.00022,0.000959,97.0637,SEPARATED,20
real_faces_1k,,66571.jpg,282289833e8e3830df5e631c1dc70785,tau_ratio_score,0.0,0.0,0.0,0.0,no sep,20
real_faces_1k,,65840.jpg,89bf449c93024acf684f8ff012bd1b94,betti_0,599.0,599.0,0.0,0.0,no sep,20
real_faces_1k,,65840.jpg,89bf449c93024acf684f8ff012bd1b94,betti_1,44.0,85.75,9.596223,-4.3507,SEPARATED,20
real_faces_1k,,65840.jpg,89bf449c93024acf684f8ff012bd1b94,persistence_entropy_h1,4.3283,4.582965,0.066555,-3.8264,SEPARATED,20
real_faces_1k,,65840.jpg,89bf449c93024acf684f8ff012bd1b94,total_persistence_h1,111.7804,144.77302,7.820757,-4.2186,SEPARATED,20
real_faces_1k,,65840.jpg,89bf449c93024acf684f8ff012bd1b94,euler_mean,1.9375,12.04374,2.23672,-4.5183,SEPARATED,20
real_faces_1k,,65840.jpg,89bf449c93024acf684f8ff012bd1b94,euler_std,35.7945,35.393,2.293206,0.1751,no sep,20
real_faces_1k,,65840.jpg,89bf449c93024acf684f8ff012bd1b94,euler_range,130.0,142.15,15.11051,-0.8041,no sep,20
real_faces_1k,,65840.jpg,89bf449c93024acf684f8ff012bd1b94,bilateral_symmetry,0.6509,0.73301,0.047241,-1.7381,no sep,20
real_faces_1k,,65840.jpg,89bf449c93024acf684f8ff012bd1b94,f_dim,1.7483,1.89992,0.012771,-11.8724,SEPARATED,20
real_faces_1k,,65840.jpg,89bf449c93024acf684f8ff012bd1b94,lacunarity_mean,3.4093,1.74445,0.077285,21.5418,SEPARATED,20
real_faces_1k,,65840.jpg,89bf449c93024acf684f8ff012bd1b94,multifractal_width,0.1568,0.3615,0.081986,-2.4968,MARGINAL,20
real_faces_1k,,65840.jpg,89bf449c93024acf684f8ff012bd1b94,orientation_coherence,0.5951,0.40604,0.002778,68.0645,SEPARATED,20
real_faces_1k,,65840.jpg,89bf449c93024acf684f8ff012bd1b94,multiscale_entropy_slope,-0.0477,-0.021595,0.003541,-7.372,SEPARATED,20
real_faces_1k,,65840.jpg,89bf449c93024acf684f8ff012bd1b94,junctions,1563.0,3920.75,170.754173,-13.8079,SEPARATED,20
real_faces_1k,,65840.jpg,89bf449c93024acf684f8ff012bd1b94,clustering,0.28215,0.275244,0.003274,2.109,MARGINAL,20
real_faces_1k,,65840.jpg,89bf449c93024acf684f8ff012bd1b94,plateau,0.814459,0.796788,0.00639,2.7657,MARGINAL,20
real_faces_1k,,65840.jpg,89bf449c93024acf684f8ff012bd1b94,entropy,7.666,7.666,0.0,0.0,no sep,20
real_faces_1k,,65840.jpg,89bf449c93024acf684f8ff012bd1b94,forbidden_coverage,0.0489,0.001325,0.002465,19.2992,SEPARATED,20
real_faces_1k,,65840.jpg,89bf449c93024acf684f8ff012bd1b94,tau_ratio_score,0.0,0.0,0.0,0.0,no sep,20
real_faces_1k,,66951.jpg,8584eb39cbd8b7dca514b54ff670f7b2,betti_0,599.0,599.0,0.0,0.0,no sep,20
real_faces_1k,,66951.jpg,8584eb39cbd8b7dca514b54ff670f7b2,betti_1,51.0,73.15,11.930109,-1.8566,no sep,20
real_faces_1k,,66951.jpg,8584eb39cbd8b7dca514b54ff670f7b2,persistence_entropy_h1,4.2596,4.42259,0.084413,-1.9309,no sep,20
real_faces_1k,,66951.jpg,8584eb39cbd8b7dca514b54ff670f7b2,total_persistence_h1,107.7966,132.682565,8.987148,-2.7691,MARGINAL,20
real_faces_1k,,66951.jpg,8584eb39cbd8b7dca514b54ff670f7b2,euler_mean,15.5,12.74218,4.539598,0.6075,no sep,20
real_faces_1k,,66951.jpg,8584eb39cbd8b7dca514b54ff670f7b2,euler_std,26.3,48.221785,5.690469,-3.8524,SEPARATED,20
real_faces_1k,,66951.jpg,8584eb39cbd8b7dca514b54ff670f7b2,euler_range,112.0,218.35,27.091096,-3.9256,SEPARATED,20
real_faces_1k,,66951.jpg,8584eb39cbd8b7dca514b54ff670f7b2,bilateral_symmetry,0.9348,0.842075,0.029924,3.0987,SEPARATED,20
real_faces_1k,,66951.jpg,8584eb39cbd8b7dca514b54ff670f7b2,f_dim,1.6478,1.758925,0.008528,-13.031,SEPARATED,20
real_faces_1k,,66951.jpg,8584eb39cbd8b7dca514b54ff670f7b2,lacunarity_mean,4.8873,3.141695,0.099606,17.5251,SEPARATED,20
real_faces_1k,,66951.jpg,8584eb39cbd8b7dca514b54ff670f7b2,multifractal_width,0.48,0.42673,0.036269,1.4687,no sep,20
real_faces_1k,,66951.jpg,8584eb39cbd8b7dca514b54ff670f7b2,orientation_coherence,0.6416,0.421095,0.003536,62.3596,SEPARATED,20
real_faces_1k,,66951.jpg,8584eb39cbd8b7dca514b54ff670f7b2,multiscale_entropy_slope,-0.0586,-0.003605,0.007266,-7.5692,SEPARATED,20
real_faces_1k,,66951.jpg,8584eb39cbd8b7dca514b54ff670f7b2,junctions,1025.0,2756.0,110.099955,-15.7221,SEPARATED,20
real_faces_1k,,66951.jpg,8584eb39cbd8b7dca514b54ff670f7b2,clustering,0.280542,0.278598,0.002345,0.829,no sep,20
real_faces_1k,,66951.jpg,8584eb39cbd8b7dca514b54ff670f7b2,plateau,0.814634,0.802137,0.007515,1.6629,no sep,20
real_faces_1k,,66951.jpg,8584eb39cbd8b7dca514b54ff670f7b2,entropy,7.1065,7.1065,0.0,0.0,no sep,20
real_faces_1k,,66951.jpg,8584eb39cbd8b7dca514b54ff670f7b2,forbidden_coverage,0.1378,0.0,0.0,nan,zero-var,20
real_faces_1k,,66951.jpg,8584eb39cbd8b7dca514b54ff670f7b2,tau_ratio_score,0.0,0.0,0.0,0.0,no sep,20
real_faces_1k,,68752.jpg,1ad0b063ba1a66a2a00a8c039790cbf8,betti_0,599.0,599.0,0.0,0.0,no sep,20
real_faces_1k,,68752.jpg,1ad0b063ba1a66a2a00a8c039790cbf8,betti_1,47.0,87.25,10.328964,-3.8968,SEPARATED,20
real_faces_1k,,68752.jpg,1ad0b063ba1a66a2a00a8c039790cbf8,persistence_entropy_h1,3.9638,4.49416,0.083387,-6.3602,SEPARATED,20
real_faces_1k,,68752.jpg,1ad0b063ba1a66a2a00a8c039790cbf8,total_persistence_h1,98.2208,142.10956,8.083256,-5.4296,SEPARATED,20
real_faces_1k,,68752.jpg,1ad0b063ba1a66a2a00a8c039790cbf8,euler_mean,2.5312,-6.854685,2.233462,4.2024,SEPARATED,20
real_faces_1k,,68752.jpg,1ad0b063ba1a66a2a00a8c039790cbf8,euler_std,27.6699,49.6972,2.980436,-7.3906,SEPARATED,20
real_faces_1k,,68752.jpg,1ad0b063ba1a66a2a00a8c039790cbf8,euler_range,136.0,196.05,18.26602,-3.2875,SEPARATED,20
real_faces_1k,,68752.jpg,1ad0b063ba1a66a2a00a8c039790cbf8,bilateral_symmetry,0.7253,0.76706,0.022186,-1.8823,no sep,20
real_faces_1k,,68752.jpg,1ad0b063ba1a66a2a00a8c039790cbf8,f_dim,1.6492,1.85627,0.009573,-21.6299,SEPARATED,20
real_faces_1k,,68752.jpg,1ad0b063ba1a66a2a00a8c039790cbf8,lacunarity_mean,4.8368,2.07762,0.06381,43.2409,SEPARATED,20
real_faces_1k,,68752.jpg,1ad0b063ba1a66a2a00a8c039790cbf8,multifractal_width,1.9994,2.460915,0.215459,-2.142,MARGINAL,20
real_faces_1k,,68752.jpg,1ad0b063ba1a66a2a00a8c039790cbf8,orientation_coherence,0.646,0.437625,0.002477,84.1079,SEPARATED,20
real_faces_1k,,68752.jpg,1ad0b063ba1a66a2a00a8c039790cbf8,multiscale_entropy_slope,-0.0248,0.005805,0.003459,-8.8484,SEPARATED,20
real_faces_1k,,68752.jpg,1ad0b063ba1a66a2a00a8c039790cbf8,junctions,836.0,3167.1,137.311289,-16.9768,SEPARATED,20
real_faces_1k,,68752.jpg,1ad0b063ba1a66a2a00a8c039790cbf8,clustering,0.292398,0.27328,0.003183,6.0069,SEPARATED,20
real_faces_1k,,68752.jpg,1ad0b063ba1a66a2a00a8c039790cbf8,plateau,0.830144,0.786187,0.008572,5.128,SEPARATED,20
real_faces_1k,,68752.jpg,1ad0b063ba1a66a2a00a8c039790cbf8,entropy,7.2811,7.2811,0.0,0.0,no sep,20
real_faces_1k,,68752.jpg,1ad0b063ba1a66a2a00a8c039790cbf8,forbidden_coverage,0.0844,0.0,0.0,nan,zero-var,20
real_faces_1k,,68752.jpg,1ad0b063ba1a66a2a00a8c039790cbf8,tau_ratio_score,0.0,0.0,0.0,0.0,no sep,20
real_faces_1k,,61749.jpg,c5df86350c20b6befc5f0e8d597ab891,betti_0,599.0,599.0,0.0,0.0,no sep,20
real_faces_1k,,61749.jpg,c5df86350c20b6befc5f0e8d597ab891,betti_1,47.0,101.8,10.65176,-5.1447,SEPARATED,20
real_faces_1k,,61749.jpg,c5df86350c20b6befc5f0e8d597ab891,persistence_entropy_h1,4.2057,4.62428,0.062751,-6.6705,SEPARATED,20
real_faces_1k,,61749.jpg,c5df86350c20b6befc5f0e8d597ab891,total_persistence_h1,95.7186,147.33492,6.331061,-8.1529,SEPARATED,20
real_faces_1k,,61749.jpg,c5df86350c20b6befc5f0e8d597ab891,euler_mean,-5.1875,4.14374,2.997532,-3.113,SEPARATED,20
real_faces_1k,,61749.jpg,c5df86350c20b6befc5f0e8d597ab891,euler_std,24.1239,53.827685,4.409091,-6.7369,SEPARATED,20
real_faces_1k,,61749.jpg,c5df86350c20b6befc5f0e8d597ab891,euler_range,98.0,180.9,23.788443,-3.4849,SEPARATED,20
real_faces_1k,,61749.jpg,c5df86350c20b6befc5f0e8d597ab891,bilateral_symmetry,0.9265,0.843615,0.009668,8.5731,SEPARATED,20
real_faces_1k,,61749.jpg,c5df86350c20b6befc5f0e8d597ab891,f_dim,1.6845,1.84556,0.006279,-25.652,SEPARATED,20
real_faces_1k,,61749.jpg,c5df86350c20b6befc5f0e8d597ab891,lacunarity_mean,4.2346,2.256945,0.057375,34.4692,SEPARATED,20
real_faces_1k,,61749.jpg,c5df86350c20b6befc5f0e8d597ab891,multifractal_width,0.4421,0.44015,0.030822,0.0633,no sep,20
real_faces_1k,,61749.jpg,c5df86350c20b6befc5f0e8d597ab891,orientation_coherence,0.6081,0.440345,0.003068,54.6765,SEPARATED,20
real_faces_1k,,61749.jpg,c5df86350c20b6befc5f0e8d597ab891,multiscale_entropy_slope,-0.0459,-0.013265,0.003777,-8.6412,SEPARATED,20
real_faces_1k,,61749.jpg,c5df86350c20b6befc5f0e8d597ab891,junctions,1292.0,2743.75,142.774254,-10.1681,SEPARATED,20
real_faces_1k,,61749.jpg,c5df86350c20b6befc5f0e8d597ab891,clustering,0.275284,0.27648,0.003108,-0.3849,no sep,20
real_faces_1k,,61749.jpg,c5df86350c20b6befc5f0e8d597ab891,plateau,0.80031,0.789027,0.009696,1.1636,no sep,20
real_faces_1k,,61749.jpg,c5df86350c20b6befc5f0e8d597ab891,entropy,7.1841,7.1841,0.0,0.0,no sep,20
real_faces_1k,,61749.jpg,c5df86350c20b6befc5f0e8d597ab891,forbidden_coverage,0.1778,0.0,0.0,nan,zero-var,20
real_faces_1k,,61749.jpg,c5df86350c20b6befc5f0e8d597ab891,tau_ratio_score,0.0,0.0,0.0,0.0,no sep,20
real_faces_1k,,69056.jpg,0f50015066abc2536f3482d5912bb912,betti_0,599.0,599.0,0.0,0.0,no sep,20
real_faces_1k,,69056.jpg,0f50015066abc2536f3482d5912bb912,betti_1,37.0,98.2,10.745232,-5.6955,SEPARATED,20
real_faces_1k,,69056.jpg,0f50015066abc2536f3482d5912bb912,persistence_entropy_h1,4.2195,4.64874,0.063685,-6.74,SEPARATED,20
real_faces_1k,,69056.jpg,0f50015066abc2536f3482d5912bb912,total_persistence_h1,116.061,152.17459,9.410401,-3.8376,SEPARATED,20
real_faces_1k,,69056.jpg,0f50015066abc2536f3482d5912bb912,euler_mean,3.2188,8.817185,2.269143,-2.4672,MARGINAL,20
real_faces_1k,,69056.jpg,0f50015066abc2536f3482d5912bb912,euler_std,31.8372,42.583815,1.571607,-6.838,SEPARATED,20
real_faces_1k,,69056.jpg,0f50015066abc2536f3482d5912bb912,euler_range,117.0,159.6,12.52757,-3.4005,SEPARATED,20
real_faces_1k,,69056.jpg,0f50015066abc2536f3482d5912bb912,bilateral_symmetry,0.8317,0.75238,0.020943,3.7874,SEPARATED,20
real_faces_1k,,69056.jpg,0f50015066abc2536f3482d5912bb912,f_dim,1.7026,1.911465,0.008476,-24.6434,SEPARATED,20
real_faces_1k,,69056.jpg,0f50015066abc2536f3482d5912bb912,lacunarity_mean,3.9423,1.67281,0.056416,40.2277,SEPARATED,20
real_faces_1k,,69056.jpg,0f50015066abc2536f3482d5912bb912,multifractal_width,0.6116,1.670125,0.36059,-2.9355,MARGINAL,20
real_faces_1k,,69056.jpg,0f50015066abc2536f3482d5912bb912,orientation_coherence,0.6665,0.466075,0.004734,42.3372,SEPARATED,20
real_faces_1k,,69056.jpg,0f50015066abc2536f3482d5912bb912,multiscale_entropy_slope,-0.0425,-0.02639,0.002704,-5.9585,SEPARATED,20
real_faces_1k,,69056.jpg,0f50015066abc2536f3482d5912bb912,junctions,1268.0,3882.45,129.199255,-20.2358,SEPARATED,20
real_faces_1k,,69056.jpg,0f50015066abc2536f3482d5912bb912,clustering,0.281896,0.273242,0.001954,4.4285,SEPARATED,20
real_faces_1k,,69056.jpg,0f50015066abc2536f3482d5912bb912,plateau,0.820978,0.783927,0.007511,4.9328,SEPARATED,20
real_faces_1k,,69056.jpg,0f50015066abc2536f3482d5912bb912,entropy,7.75,7.75,0.0,0.0,no sep,20
real_faces_1k,,69056.jpg,0f50015066abc2536f3482d5912bb912,forbidden_coverage,0.1378,0.0,0.0,nan,zero-var,20
real_faces_1k,,69056.jpg,0f50015066abc2536f3482d5912bb912,tau_ratio_score,0.0,0.0,0.0,0.0,no sep,20
real_faces_1k,,69527.jpg,df60c33c6d554a03cab8cf89c8676f1f,betti_0,599.0,599.0,0.0,0.0,no sep,20
real_faces_1k,,69527.jpg,df60c33c6d554a03cab8cf89c8676f1f,betti_1,55.0,95.8,9.626006,-4.2385,SEPARATED,20
real_faces_1k,,69527.jpg,df60c33c6d554a03cab8cf89c8676f1f,persistence_entropy_h1,4.1541,4.592595,0.057415,-7.6373,SEPARATED,20
real_faces_1k,,69527.jpg,df60c33c6d554a03cab8cf89c8676f1f,total_persistence_h1,105.3579,146.712115,7.413061,-5.5786,SEPARATED,20
real_faces_1k,,69527.jpg,df60c33c6d554a03cab8cf89c8676f1f,euler_mean,-4.5312,-3.385925,2.030842,-0.5639,no sep,20
real_faces_1k,,69527.jpg,df60c33c6d554a03cab8cf89c8676f1f,euler_std,17.2318,34.583475,2.452401,-7.0754,SEPARATED,20
real_faces_1k,,69527.jpg,df60c33c6d554a03cab8cf89c8676f1f,euler_range,68.0,127.45,14.458475,-4.1118,SEPARATED,20
real_faces_1k,,69527.jpg,df60c33c6d554a03cab8cf89c8676f1f,bilateral_symmetry,0.8508,0.780815,0.018765,3.7295,SEPARATED,20
real_faces_1k,,69527.jpg,df60c33c6d554a03cab8cf89c8676f1f,f_dim,1.6472,1.79312,0.021325,-6.8426,SEPARATED,20
real_faces_1k,,69527.jpg,df60c33c6d554a03cab8cf89c8676f1f,lacunarity_mean,4.8305,2.685265,0.217348,9.8701,SEPARATED,20
real_faces_1k,,69527.jpg,df60c33c6d554a03cab8cf89c8676f1f,multifractal_width,1.1715,1.185125,0.385136,-0.0354,no sep,20
real_faces_1k,,69527.jpg,df60c33c6d554a03cab8cf89c8676f1f,orientation_coherence,0.6755,0.47088,0.003524,58.0646,SEPARATED,20
real_faces_1k,,69527.jpg,df60c33c6d554a03cab8cf89c8676f1f,multiscale_entropy_slope,-0.0414,-0.033645,0.004065,-1.908,no sep,20
real_faces_1k,,69527.jpg,df60c33c6d554a03cab8cf89c8676f1f,junctions,1059.0,2609.15,171.368105,-9.0457,SEPARATED,20
real_faces_1k,,69527.jpg,df60c33c6d554a03cab8cf89c8676f1f,clustering,0.281607,0.274501,0.003178,2.2361,MARGINAL,20
real_faces_1k,,69527.jpg,df60c33c6d554a03cab8cf89c8676f1f,plateau,0.796034,0.788765,0.007532,0.9651,no sep,20
real_faces_1k,,69527.jpg,df60c33c6d554a03cab8cf89c8676f1f,entropy,7.6356,7.6356,0.0,0.0,no sep,20
real_faces_1k,,69527.jpg,df60c33c6d554a03cab8cf89c8676f1f,forbidden_coverage,0.1244,0.0,0.0,nan,zero-var,20
real_faces_1k,,69527.jpg,df60c33c6d554a03cab8cf89c8676f1f,tau_ratio_score,0.0,0.0,0.0,0.0,no sep,20
real_faces_1k,,65322.jpg,1f71c8590f21661d285b1e0e15104dca,betti_0,599.0,599.0,0.0,0.0,no sep,20
real_faces_1k,,65322.jpg,1f71c8590f21661d285b1e0e15104dca,betti_1,56.0,65.8,5.895761,-1.6622,no sep,20
real_faces_1k,,65322.jpg,1f71c8590f21661d285b1e0e15104dca,persistence_entropy_h1,4.2134,4.420245,0.070769,-2.9228,MARGINAL,20
real_faces_1k,,65322.jpg,1f71c8590f21661d285b1e0e15104dca,total_persistence_h1,84.1675,132.042715,7.071897,-6.7698,SEPARATED,20
real_faces_1k,,65322.jpg,1f71c8590f21661d285b1e0e15104dca,euler_mean,7.1875,18.598435,3.09244,-3.6899,SEPARATED,20
real_faces_1k,,65322.jpg,1f71c8590f21661d285b1e0e15104dca,euler_std,69.1902,37.49299,3.135055,10.1106,SEPARATED,20
real_faces_1k,,65322.jpg,1f71c8590f21661d285b1e0e15104dca,euler_range,490.0,198.75,29.349404,9.9235,SEPARATED,20
real_faces_1k,,65322.jpg,1f71c8590f21661d285b1e0e15104dca,bilateral_symmetry,0.8421,0.763605,0.027706,2.8331,MARGINAL,20
real_faces_1k,,65322.jpg,1f71c8590f21661d285b1e0e15104dca,f_dim,1.684,1.87523,0.004724,-40.4833,SEPARATED,20
real_faces_1k,,65322.jpg,1f71c8590f21661d285b1e0e15104dca,lacunarity_mean,4.1593,1.939795,0.038125,58.2172,SEPARATED,20
real_faces_1k,,65322.jpg,1f71c8590f21661d285b1e0e15104dca,multifractal_width,0.1533,0.261095,0.025644,-4.2035,SEPARATED,20
real_faces_1k,,65322.jpg,1f71c8590f21661d285b1e0e15104dca,orientation_coherence,0.5248,0.43798,0.003627,23.9394,SEPARATED,20
real_faces_1k,,65322.jpg,1f71c8590f21661d285b1e0e15104dca,multiscale_entropy_slope,-0.0722,0.00532,0.005796,-13.3739,SEPARATED,20
real_faces_1k,,65322.jpg,1f71c8590f21661d285b1e0e15104dca,junctions,1520.0,3701.9,136.229549,-16.0163,SEPARATED,20
real_faces_1k,,65322.jpg,1f71c8590f21661d285b1e0e15104dca,clustering,0.280044,0.272402,0.002063,3.7042,SEPARATED,20
real_faces_1k,,65322.jpg,1f71c8590f21661d285b1e0e15104dca,plateau,0.798684,0.782104,0.009208,1.8007,no sep,20
real_faces_1k,,65322.jpg,1f71c8590f21661d285b1e0e15104dca,entropy,7.2943,7.2943,0.0,0.0,no sep,20
real_faces_1k,,65322.jpg,1f71c8590f21661d285b1e0e15104dca,forbidden_coverage,0.04,0.0,0.0,nan,zero-var,20
real_faces_1k,,65322.jpg,1f71c8590f21661d285b1e0e15104dca,tau_ratio_score,0.0,0.0,0.0,0.0,no sep,20
real_faces_1k,,64750.jpg,2d3f19f25ee29d294e6e4ee11688b40e,betti_0,599.0,599.0,0.0,0.0,no sep,20
real_faces_1k,,64750.jpg,2d3f19f25ee29d294e6e4ee11688b40e,betti_1,43.0,63.65,6.142272,-3.3619,SEPARATED,20
real_faces_1k,,64750.jpg,2d3f19f25ee29d294e6e4ee11688b40e,persistence_entropy_h1,4.0376,4.33699,0.085622,-3.4966,SEPARATED,20
real_faces_1k,,64750.jpg,2d3f19f25ee29d294e6e4ee11688b40e,total_persistence_h1,102.793,123.646775,5.608248,-3.7184,SEPARATED,20
real_faces_1k,,64750.jpg,2d3f19f25ee29d294e6e4ee11688b40e,euler_mean,4.9375,0.240615,2.911589,1.6132,no sep,20
real_faces_1k,,64750.jpg,2d3f19f25ee29d294e6e4ee11688b40e,euler_std,18.9834,30.436735,4.482766,-2.555,MARGINAL,20
real_faces_1k,,64750.jpg,2d3f19f25ee29d294e6e4ee11688b40e,euler_range,108.0,131.7,20.8161,-1.1385,no sep,20
real_faces_1k,,64750.jpg,2d3f19f25ee29d294e6e4ee11688b40e,bilateral_symmetry,0.849,0.685865,0.04062,4.0161,SEPARATED,20
real_faces_1k,,64750.jpg,2d3f19f25ee29d294e6e4ee11688b40e,f_dim,1.7376,1.89171,0.008494,-18.1438,SEPARATED,20
real_faces_1k,,64750.jpg,2d3f19f25ee29d294e6e4ee11688b40e,lacunarity_mean,3.4515,1.812455,0.061241,26.7639,SEPARATED,20
real_faces_1k,,64750.jpg,2d3f19f25ee29d294e6e4ee11688b40e,multifractal_width,1.6928,2.006055,0.323108,-0.9695,no sep,20
real_faces_1k,,64750.jpg,2d3f19f25ee29d294e6e4ee11688b40e,orientation_coherence,0.6291,0.4651,0.004761,34.4497,SEPARATED,20
real_faces_1k,,64750.jpg,2d3f19f25ee29d294e6e4ee11688b40e,multiscale_entropy_slope,-0.0367,0.00269,0.005418,-7.2702,SEPARATED,20
real_faces_1k,,64750.jpg,2d3f19f25ee29d294e6e4ee11688b40e,junctions,1644.0,3849.25,136.747898,-16.1264,SEPARATED,20
real_faces_1k,,64750.jpg,2d3f19f25ee29d294e6e4ee11688b40e,clustering,0.27325,0.268746,0.00274,1.6438,no sep,20
real_faces_1k,,64750.jpg,2d3f19f25ee29d294e6e4ee11688b40e,plateau,0.804745,0.780587,0.008012,3.0153,SEPARATED,20
real_faces_1k,,64750.jpg,2d3f19f25ee29d294e6e4ee11688b40e,entropy,7.5696,7.5696,0.0,0.0,no sep,20
real_faces_1k,,64750.jpg,2d3f19f25ee29d294e6e4ee11688b40e,forbidden_coverage,0.0978,0.00266,0.004069,23.3833,SEPARATED,20
real_faces_1k,,64750.jpg,2d3f19f25ee29d294e6e4ee11688b40e,tau_ratio_score,0.0,0.0,0.0,0.0,no sep,20
real_faces_1k,,68889.jpg,a697e60847660b56eec3f955417c93ef,betti_0,599.0,599.0,0.0,0.0,no sep,20
real_faces_1k,,68889.jpg,a697e60847660b56eec3f955417c93ef,betti_1,41.0,47.05,9.987367,-0.6058,no sep,20
real_faces_1k,,68889.jpg,a697e60847660b56eec3f955417c93ef,persistence_entropy_h1,3.9345,4.1685,0.113909,-2.0543,MARGINAL,20
real_faces_1k,,68889.jpg,a697e60847660b56eec3f955417c93ef,total_persistence_h1,97.6534,102.210295,8.462556,-0.5385,no sep,20
real_faces_1k,,68889.jpg,a697e60847660b56eec3f955417c93ef,euler_mean,-1.9375,-6.037495,1.643808,2.4942,MARGINAL,20
real_faces_1k,,68889.jpg,a697e60847660b56eec3f955417c93ef,euler_std,14.1597,24.03604,2.834447,-3.4844,SEPARATED,20
real_faces_1k,,68889.jpg,a697e60847660b56eec3f955417c93ef,euler_range,77.0,131.3,18.684486,-2.9062,MARGINAL,20
real_faces_1k,,68889.jpg,a697e60847660b56eec3f955417c93ef,bilateral_symmetry,0.8842,0.81927,0.02385,2.7224,MARGINAL,20
real_faces_1k,,68889.jpg,a697e60847660b56eec3f955417c93ef,f_dim,1.5807,1.723835,0.010956,-13.065,SEPARATED,20
real_faces_1k,,68889.jpg,a697e60847660b56eec3f955417c93ef,lacunarity_mean,6.57,3.46549,0.133148,23.3163,SEPARATED,20
real_faces_1k,,68889.jpg,a697e60847660b56eec3f955417c93ef,multifractal_width,0.2116,0.46968,0.079652,-3.2401,SEPARATED,20
real_faces_1k,,68889.jpg,a697e60847660b56eec3f955417c93ef,orientation_coherence,0.5986,0.484695,0.006245,18.2386,SEPARATED,20
real_faces_1k,,68889.jpg,a697e60847660b56eec3f955417c93ef,multiscale_entropy_slope,-0.0337,-0.00682,0.002718,-9.8902,SEPARATED,20
real_faces_1k,,68889.jpg,a697e60847660b56eec3f955417c93ef,junctions,845.0,2004.05,118.768462,-9.7589,SEPARATED,20
real_faces_1k,,68889.jpg,a697e60847660b56eec3f955417c93ef,clustering,0.281131,0.271125,0.003806,2.6291,MARGINAL,20
real_faces_1k,,68889.jpg,a697e60847660b56eec3f955417c93ef,plateau,0.794083,0.789585,0.011527,0.3902,no sep,20
real_faces_1k,,68889.jpg,a697e60847660b56eec3f955417c93ef,entropy,6.9141,6.9141,0.0,0.0,no sep,20
real_faces_1k,,68889.jpg,a697e60847660b56eec3f955417c93ef,forbidden_coverage,0.16,0.021775,0.00843,16.3968,SEPARATED,20
real_faces_1k,,68889.jpg,a697e60847660b56eec3f955417c93ef,tau_ratio_score,0.0,0.0,0.0,0.0,no sep,20
